"Postcensal Estimates of April 1 Housing Units, 1980, 1990  to Present",,,,,,,,,,,,,,,,,,,,,,,,,,,,,,,,,,,,,,,,,,,,,,,,,,,,,,,,,,,,,,,,,,,,,,,,,,,,,,,,,,,,,,,,,,,,,,,,,,,,,,,,,,,,,,,,,,,,,,,,,,,,,,,,,,,,,,,,,,,,,,,,,,,,,,,,,,,
"Office of Financial Management, Forecasting and Research Division",,,,,,,,,,,,,,,,,,,,,,,,,,,,,,,,,,,,,,,,,,,,,,,,,,,,,,,,,,,,,,,,,,,,,,,,,,,,,,,,,,,,,,,,,,,,,,,,,,,,,,,,,,,,,,,,,,,,,,,,,,,,,,,,,,,,,,,,,,,,,,,,,,,,,,,,,,,
,,,,,,,,,,,,,,,,,,,,,,,,,,,,,,,,,,,,,,,,,,,,,,,,,,,,,,,,,,,,,,,,,,,,,,,,,,,,,,,,,,,,,,,,,,,,,,,,,,,,,,,,,,,,,,,,,,,,,,,,,,,,,,,,,,,,,,,,,,,,,,,,,,,,,,,,,,,
Line,Filter,County,Jurisdiction,"1980 
Census Count of Total Housing Units","1980
Census Count of One Unit Housing Units","1980
Census Count of Two or More Housing Units",1980 Census Count of Mobile Home and Special Housing Units,"1990
 Census Count of Total Housing Units","1990
Census Count of One Unit Housing Units","1990
Census Count of Two or More Housing Units","1990
Census Count of Mobile Home and Special Housing Units",1991 Postcensal Estimate of Total Housing Units,1991 Postcensal Estimate of One Unit Housing Units,1991 Postcensal Estimate of Two or More Housing Units,1991 Postcensal Estimate of Mobile Home and Special Housing Units,1992 Postcensal Estimate of Total Housing Units,1992 Postcensal Estimate of One Unit Housing Units,1992 Postcensal Estimate of Two or More Housing Units,1992 Postcensal Estimate of Mobile Home and Special Housing Units,1993 Postcensal Estimate of Total Housing Units,1993 Postcensal Estimate of One Unit Housing Units,1993 Postcensal Estimate of Two or More Housing Units,1993 Postcensal Estimate of Mobile Home and Special Housing Units,1994 Postcensal Estimate of Total Housing Units,1994 Postcensal Estimate of One Unit Housing Units,1994 Postcensal Estimate of Two or More Housing Units,1994 Postcensal Estimate of Mobile Home and Special Housing Units,1995 Postcensal Estimate of Total Housing Units,1995 Postcensal Estimate of One Unit Housing Units,1995 Postcensal Estimate of Two or More Housing Units,1995 Postcensal Estimate of Mobile Home and Special Housing Units,1996 Postcensal Estimate of Total Housing Units,1996 Postcensal Estimate of One Unit Housing Units,1996 Postcensal Estimate of Two or More Housing Units,1996 Postcensal Estimate of Mobile Home and Special Housing Units,1997 Postcensal Estimate of Total Housing Units,1997 Postcensal Estimate of One Unit Housing Units,1997 Postcensal Estimate of Two or More Housing Units,1997 Postcensal Estimate of Mobile Home and Special Housing Units,1998 Postcensal Estimate of Total Housing Units,1998 Postcensal Estimate of One Unit Housing Units,1998 Postcensal Estimate of Two or More Housing Units,1998 Postcensal Estimate of Mobile Home and Special Housing Units,1999 Postcensal Estimate of Total Housing Units,1999 Postcensal Estimate of One Unit Housing Units,1999 Postcensal Estimate of Two or More Housing Units,1999 Postcensal Estimate of Mobile Home and Special Housing Units,"2000
Census Count of Total Housing Units","2000 
Census-Based Estimate of One Unit Housing Units","2000
Census-Based Estimate of Two or More Housing Units","2000
Census-Based Estimate of Mobile Home and Special Housing Units",2001 Postcensal Estimate of Total Housing Units,2001 Postcensal Estimate of One Unit Housing Units,2001 Postcensal Estimate of Two or More Housing Units,2001 Postcensal Estimate of Mobile Home and Special Housing Units,2002 Postcensal Estimate of Total Housing Units,2002 Postcensal Estimate of One Unit Housing Units,2002 Postcensal Estimate of Two or More Housing Units,2002 Postcensal Estimate of Mobile Home and Special Housing Units,2003 Postcensal Estimate of Total Housing Units,2003 Postcensal Estimate of One Unit Housing Units,2003 Postcensal Estimate of Two or More Housing Units,2003 Postcensal Estimate of Mobile Home and Special Housing Units,2004 Postcensal Estimate of Total Housing Units,2004 Postcensal Estimate of One Unit Housing Units,2004 Postcensal Estimate of Two or More Housing Units,2004 Postcensal Estimate of Mobile Home and Special Housing Units,2005 Postcensal Estimate of Total Housing Units,2005 Postcensal Estimate of One Unit Housing Units,2005 Postcensal Estimate of Two or More Housing Units,2005 Postcensal Estimate of Mobile Home and Special Housing Units,2006 Postcensal Estimate of Total Housing Units,2006 Postcensal Estimate of One Unit Housing Units,2006 Postcensal Estimate of Two or More Housing Units,2006 Postcensal Estimate of Mobile Home and Special Housing Units,2007 Postcensal Estimate of Total Housing Units,2007 Postcensal Estimate of One Unit Housing Units,2007 Postcensal Estimate of Two or More Housing Units,2007 Postcensal Estimate of Mobile Home and Special Housing Units,2008 Postcensal Estimate of Total Housing Units,2008 Postcensal Estimate of One Unit Housing Units,2008 Postcensal Estimate of Two or More Housing Units,2008 Postcensal Estimate of Mobile Home and Special Housing Units,2009 Postcensal Estimate of Total Housing Units,2009 Postcensal Estimate of One Unit Housing Units,2009 Postcensal Estimate of Two or More Housing Units,"2009
Postcensal Estimate of Mobile Home and Special Housing Units","2010
Census Count of Total Housing Units","2010
Census-Based Estimate of One Unit Housing Units","2010
Census-Based Estimate of Two or More Housing Units","2010
Census-Based Estimate of Mobile Home and Special Housing Units","2011
Postcensal Estimate of Total Housing Units","2011
Postcensal Estimate of One Unit Housing Units","2011
Postcensal Estimate of Two or More Housing Units","2011
Postcensal Estimate of Mobile Home and Special Housing Units","2012
Postcensal Estimate of Total Housing Units","2012
Postcensal Estimate of One Unit Housing Units","2012
Postcensal Estimate of Two or More Housing Units","2012
Postcensal Estimate of Mobile Home and Special Housing Units","2013
Postcensal Estimate of Total Housing Units","2013
Postcensal Estimate of One Unit Housing Units","2013
Postcensal Estimate of Two or More Housing Units","2013
Postcensal Estimate of Mobile Home and Special Housing Units","2014
Postcensal Estimate of Total Housing Units","2014
Postcensal Estimate of One Unit Housing Units","2014
Postcensal Estimate of Two or More Housing Units","2014
Postcensal Estimate of Mobile Home and Special Housing Units","2015
Postcensal Estimate of Total Housing Units","2015
Postcensal Estimate of One Unit Housing Units","2015
Postcensal Estimate of Two or More Housing Units","2015
Postcensal Estimate of Mobile Home and Special Housing Units","2016
Postcensal Estimate of Total Housing Units","2016
Postcensal Estimate of One Unit Housing Units","2016
Postcensal Estimate of Two or More Housing Units","2016
Postcensal Estimate of Mobile Home and Special Housing Units","2017
Postcensal Estimate of Total Housing Units","2017
Postcensal Estimate of One Unit Housing Units","2017
Postcensal Estimate of Two or More Housing Units","2017
Postcensal Estimate of Mobile Home and Special Housing Units","2018
Postcensal Estimate of Total Housing Units","2018
Postcensal Estimate of One Unit Housing Units","2018
Postcensal Estimate of Two or More Housing Units","2018
Postcensal Estimate of Mobile Home and Special Housing Units","2019
Postcensal Estimate of Total Housing Units","2019
Postcensal Estimate of One Unit Housing Units","2019
Postcensal Estimate of Two or More Housing Units","2019
Postcensal Estimate of Mobile Home and Special Housing Units","2020
Census Count of Total Housing Units","2020
Census-Based Estimate of One Unit Housing Units","2020
Census-Based Estimate of Two or More Housing Units","2020
Census-Based Estimate of Mobile Home and Special Housing Units","2021
Postcensal Estimate of Total Housing Units¹","2021
Postcensal Estimate of One Unit Housing Units¹","2021
Postcensal Estimate of Two or More Housing Units¹","2021
Postcensal Estimate of Mobile Home and Special Housing Units¹","2022
Postcensal Estimate of Total Housing Units","2022
Postcensal Estimate of One Unit Housing Units","2022
Postcensal Estimate of Two or More Housing Units","2022
Postcensal Estimate of Mobile Home and Special Housing Units","2023
Postcensal Estimate of Total Housing Units","2023
Postcensal Estimate of One Unit Housing Units","2023
Postcensal Estimate of Two or More Housing Units","2023
Postcensal Estimate of Mobile Home and Special Housing Units","2024
Postcensal Estimate of Total Housing Units","2024
Postcensal Estimate of One Unit Housing Units","2024
Postcensal Estimate of Two or More Housing Units","2024
Postcensal Estimate of Mobile Home and Special Housing Units","2025
Postcensal Estimate of Total Housing Units","2025
Postcensal Estimate of One Unit Housing Units","2025
Postcensal Estimate of Two or More Housing Units","2025
Postcensal Estimate of Mobile Home and Special Housing Units","2026
Postcensal Estimate of Total Housing Units","2026
Postcensal Estimate of One Unit Housing Units","2026
Postcensal Estimate of Two or More Housing Units","2026
Postcensal Estimate of Mobile Home and Special Housing Units"
1,1,Adams,Adams County,"5,049","3,238",827,984,"5,263","3,324",643,"1,296","5,324","3,335",643,"1,346","5,404","3,343",643,"1,418","5,504","3,365",643,"1,496","5,656","3,403",645,"1,608","5,811","3,393",705,"1,713","5,921","3,408",707,"1,806","6,084","3,420",756,"1,908","6,107","3,432",756,"1,919","6,192","3,449",764,"1,979","5,773","3,630",787,"1,356","5,849","3,652",789,"1,408","5,924","3,677",789,"1,458","6,013","3,705",809,"1,499","6,157","3,729",886,"1,542","6,210","3,752",886,"1,572","6,222","3,767",841,"1,614","6,296","3,806",843,"1,647","6,367","3,856",843,"1,668","6,420","3,911",843,"1,666","6,242","3,848",836,"1,558","6,278","3,875",836,"1,567","6,327","3,907",840,"1,580","6,380","3,943",843,"1,594","6,421","3,964",856,"1,601","6,484","4,015",861,"1,608","6,576","4,086",873,"1,617","6,722","4,133",963,"1,626","6,762","4,157",966,"1,639","6,805","4,192",958,"1,655","6,735","4,225",916,"1,594","6,846","4,327",916,"1,603","6,921","4,389",924,"1,608","6,974","4,427",938,"1,609","7,050","4,475",939,"1,636","7,109","4,515",954,"1,640","7,225","4,549","1,026","1,650"
2,2,Adams,Unincorporated Adams County,"2,115","1,144",153,818,"2,361","1,222",68,"1,071","2,423","1,231",68,"1,124","2,501","1,237",68,"1,196","2,575","1,241",68,"1,266","2,683","1,247",68,"1,368","2,785","1,256",68,"1,461","2,890","1,259",67,"1,564","2,987","1,265",75,"1,647","2,991","1,271",75,"1,645","3,065","1,275",77,"1,713","2,561","1,349",105,"1,107","2,614","1,353",105,"1,156","2,675","1,359",105,"1,211","2,727","1,367",109,"1,251","2,780","1,370",112,"1,298","2,809","1,372",112,"1,325","2,847","1,376",115,"1,356","2,890","1,382",117,"1,391","2,921","1,386",119,"1,416","2,951","1,415",122,"1,414","2,713","1,306",114,"1,293","2,732","1,316",114,"1,302","2,755","1,328",114,"1,313","2,781","1,340",114,"1,327","2,796","1,346",115,"1,335","2,822","1,362",118,"1,342","2,862","1,386",123,"1,353","2,881","1,394",124,"1,363","2,903","1,401",124,"1,378","2,931","1,414",124,"1,393","2,862","1,396",116,"1,350","2,897","1,421",116,"1,360","2,904","1,425",116,"1,363","2,910","1,427",120,"1,363","2,924","1,432",120,"1,372","2,937","1,440",120,"1,377","2,954","1,445",124,"1,385"
3,3,Adams,Incorporated Adams County,"2,934","2,094",674,166,"2,902","2,102",575,225,"2,901","2,104",575,222,"2,903","2,106",575,222,"2,929","2,124",575,230,"2,973","2,156",577,240,"3,026","2,137",637,252,"3,031","2,149",640,242,"3,097","2,155",681,261,"3,116","2,161",681,274,"3,127","2,174",687,266,"3,212","2,281",682,249,"3,235","2,299",684,252,"3,249","2,318",684,247,"3,286","2,338",700,248,"3,377","2,359",774,244,"3,401","2,380",774,247,"3,375","2,391",726,258,"3,406","2,424",726,256,"3,446","2,470",724,252,"3,469","2,496",721,252,"3,529","2,542",722,265,"3,546","2,559",722,265,"3,572","2,579",726,267,"3,599","2,603",729,267,"3,625","2,618",741,266,"3,662","2,653",743,266,"3,714","2,700",750,264,"3,841","2,739",839,263,"3,859","2,756",842,261,"3,874","2,778",834,262,"3,873","2,829",800,244,"3,949","2,906",800,243,"4,017","2,964",808,245,"4,064","3,000",818,246,"4,126","3,043",819,264,"4,172","3,075",834,263,"4,271","3,104",902,265
4,4,Adams,Hatton,31,21,0,10,29,16,0,13,32,19,0,13,32,19,0,13,32,19,0,13,32,19,0,13,33,17,0,16,36,17,0,19,36,17,0,19,36,17,0,19,36,17,0,19,35,17,0,18,39,16,0,23,35,16,0,19,35,16,0,19,35,16,0,19,38,16,0,22,38,16,0,22,38,16,0,22,38,16,0,22,38,16,0,22,40,18,0,22,40,18,0,22,41,17,2,22,41,16,2,23,41,16,2,23,43,16,2,25,44,16,2,26,45,16,2,27,45,16,2,27,47,18,2,27,26,7,2,17,26,7,2,17,26,7,2,17,28,7,2,19,49,13,0,36,49,13,0,36,53,15,0,38
5,4,Adams,Lind,268,207,23,38,243,204,6,33,239,204,6,29,246,204,6,36,241,204,6,31,242,204,6,32,242,204,6,32,244,204,6,34,246,204,6,36,247,204,6,37,249,204,6,39,307,220,49,38,307,220,49,38,306,219,49,38,306,219,49,38,305,218,49,38,305,218,49,38,305,217,49,39,305,217,49,39,305,217,49,39,304,217,49,38,276,190,43,43,275,189,43,43,274,188,43,43,274,188,43,43,272,186,43,43,272,186,43,43,268,186,43,39,268,186,43,39,268,186,43,39,268,186,43,39,248,207,4,37,248,207,4,37,249,207,4,38,248,206,4,38,249,207,4,38,249,207,4,38,249,207,4,38
6,4,Adams,Othello,"1,632","1,048",517,67,"1,637","1,114",445,78,"1,637","1,114",445,78,"1,633","1,116",445,72,"1,660","1,134",445,81,"1,697","1,163",447,87,"1,748","1,148",507,93,"1,742","1,160",510,72,"1,792","1,165",551,76,"1,806","1,171",551,84,"1,810","1,182",557,71,"1,864","1,292",503,69,"1,879","1,309",503,67,"1,900","1,330",503,67,"1,939","1,351",519,69,"2,033","1,374",593,66,"2,054","1,396",593,65,"2,024","1,409",545,70,"2,057","1,443",545,69,"2,106","1,492",543,71,"2,133","1,518",543,72,"2,185","1,564",547,74,"2,203","1,582",547,74,"2,230","1,605",549,76,"2,257","1,630",552,75,"2,287","1,647",564,76,"2,323","1,681",566,76,"2,378","1,730",573,75,"2,505","1,769",662,74,"2,522","1,785",665,72,"2,533","1,804",657,72,"2,616","1,878",665,73,"2,688","1,951",665,72,"2,753","2,008",673,72,"2,799","2,045",683,71,"2,836","2,078",686,72,"2,879","2,107",701,71,"2,974","2,134",769,71
7,4,Adams,Ritzville,889,718,134,37,883,688,123,72,884,688,123,73,885,689,123,73,890,689,123,78,894,691,123,80,894,691,123,80,898,691,123,84,904,692,123,89,906,692,123,91,909,693,123,93,873,668,130,75,877,670,132,75,878,670,132,76,877,669,132,76,876,668,132,76,875,667,132,76,874,666,132,76,873,665,132,76,876,664,132,80,874,664,129,81,902,685,132,85,903,685,132,86,902,684,132,86,902,684,132,86,900,684,132,84,899,685,132,82,897,683,132,82,897,683,132,82,898,684,132,82,900,685,132,83,872,665,129,78,876,669,129,78,879,670,129,80,879,670,129,80,882,673,129,80,885,676,129,80,885,676,129,80
8,4,Adams,Washtucna,114,100,0,14,110,80,1,29,109,79,1,29,107,78,1,28,106,78,1,27,108,79,1,28,109,77,1,31,111,77,1,33,119,77,1,41,121,77,1,43,123,78,1,44,133,84,0,49,133,84,0,49,130,83,0,47,129,83,0,46,128,83,0,45,129,83,0,46,134,83,0,51,133,83,0,50,121,81,0,40,120,81,0,39,126,85,0,41,125,85,0,40,125,85,0,40,125,85,0,40,125,85,0,40,125,85,0,40,127,85,0,42,126,85,0,41,126,85,0,41,126,85,0,41,111,72,0,39,111,72,0,39,110,72,0,38,110,72,0,38,110,72,0,38,110,72,0,38,110,72,0,38
9,.,.,.,.,.,.,.,.,.,.,.,.,.,.,.,.,.,.,.,.,.,.,.,.,.,.,.,.,.,.,.,.,.,.,.,.,.,.,.,.,.,.,.,.,.,.,.,.,.,.,.,.,.,.,.,.,.,.,.,.,.,.,.,.,.,.,.,.,.,.,.,.,.,.,.,.,.,.,.,.,.,.,.,.,.,.,.,.,.,.,.,.,.,.,.,.,.,.,.,.,.,.,.,.,.,.,.,.,.,.,.,.,.,.,.,.,.,.,.,.,.,.,.,.,.,.,.,.,.,.,.,.,.,.,.,.,.,.,.,.,.,.,.,.,.,.,.,.,.,.,.,.,.,.,.
10,1,Asotin,Asotin County,"7,043","5,047","1,225",771,"7,519","5,338","1,116","1,065","7,566","5,363","1,119","1,084","7,668","5,401","1,119","1,148","7,794","5,472","1,124","1,198","8,033","5,572","1,176","1,285","8,166","5,677","1,192","1,297","8,465","5,754","1,341","1,370","8,620","5,825","1,374","1,421","8,752","5,877","1,390","1,485","8,877","5,925","1,419","1,533","9,111","6,400","1,448","1,263","9,182","6,426","1,449","1,307","9,229","6,458","1,456","1,315","9,294","6,490","1,463","1,341","9,367","6,533","1,467","1,367","9,476","6,598","1,475","1,403","9,604","6,676","1,506","1,422","9,744","6,756","1,529","1,459","9,850","6,820","1,559","1,471","9,922","6,862","1,581","1,479","9,872","6,900","1,614","1,358","9,903","6,916","1,614","1,373","9,923","6,936","1,614","1,373","9,938","6,944","1,613","1,381","9,967","6,963","1,615","1,389","10,027","6,994","1,624","1,409","10,078","7,027","1,624","1,427","10,107","7,055","1,626","1,426","10,117","7,084","1,629","1,404","10,160","7,110","1,633","1,417","10,034","7,005","1,605","1,424","10,157","7,079","1,643","1,435","10,214","7,119","1,646","1,449","10,258","7,155","1,646","1,457","10,300","7,189","1,646","1,465","10,328","7,206","1,646","1,476","10,467","7,248","1,725","1,494"
11,2,Asotin,Unincorporated Asotin County,"3,603","2,665",416,522,"4,064","2,949",344,771,"4,132","2,977",344,811,"4,207","3,013",344,850,"4,338","3,081",345,912,"4,517","3,168",350,999,"4,691","3,263",362,"1,066","4,948","3,335",479,"1,134","5,072","3,405",482,"1,185","5,168","3,455",486,"1,227","5,262","3,502",485,"1,275","5,257","3,807",488,962,"5,311","3,834",489,988,"5,370","3,865",496,"1,009","5,436","3,899",503,"1,034","5,500","3,935",507,"1,058","5,599","3,999",511,"1,089","5,725","4,071",533,"1,121","5,854","4,144",556,"1,154","5,943","4,206",572,"1,165","6,002","4,245",584,"1,173","5,924","4,185",577,"1,162","5,956","4,203",577,"1,176","5,974","4,221",577,"1,176","5,993","4,234",578,"1,181","6,022","4,253",580,"1,189","6,073","4,284",583,"1,206","6,115","4,313",583,"1,219","6,149","4,338",585,"1,226","6,198","4,367",588,"1,243","6,237","4,391",592,"1,254","6,239","4,389",591,"1,259","6,320","4,460",593,"1,267","6,371","4,498",593,"1,280","6,409","4,530",593,"1,286","6,449","4,564",593,"1,292","6,474","4,579",593,"1,302","6,532","4,622",595,"1,315"
12,3,Asotin,Incorporated Asotin County,"3,440","2,382",809,249,"3,455","2,389",772,294,"3,434","2,386",775,273,"3,461","2,388",775,298,"3,456","2,391",779,286,"3,516","2,404",826,286,"3,475","2,414",830,231,"3,517","2,419",862,236,"3,548","2,420",892,236,"3,584","2,422",904,258,"3,615","2,423",934,258,"3,854","2,593",960,301,"3,871","2,592",960,319,"3,859","2,593",960,306,"3,858","2,591",960,307,"3,867","2,598",960,309,"3,877","2,599",964,314,"3,879","2,605",973,301,"3,890","2,612",973,305,"3,907","2,614",987,306,"3,920","2,617",997,306,"3,948","2,715","1,037",196,"3,947","2,713","1,037",197,"3,949","2,715","1,037",197,"3,945","2,710","1,035",200,"3,945","2,710","1,035",200,"3,954","2,710","1,041",203,"3,963","2,714","1,041",208,"3,958","2,717","1,041",200,"3,919","2,717","1,041",161,"3,923","2,719","1,041",163,"3,795","2,616","1,014",165,"3,837","2,619","1,050",168,"3,843","2,621","1,053",169,"3,849","2,625","1,053",171,"3,851","2,625","1,053",173,"3,854","2,627","1,053",174,"3,935","2,626","1,130",179
13,4,Asotin,Asotin,363,254,58,51,412,294,55,63,406,292,58,56,411,294,58,59,402,297,58,47,406,301,58,47,419,310,58,51,423,311,58,54,423,311,58,54,426,313,58,55,424,314,58,52,440,340,51,49,441,341,51,49,447,344,51,52,449,346,51,52,452,350,51,51,457,352,51,54,473,359,60,54,478,364,60,54,493,369,70,54,503,371,78,54,537,393,86,58,538,394,86,58,539,395,86,58,542,396,86,60,542,396,86,60,542,396,86,60,545,399,86,60,547,401,86,60,552,406,86,60,555,409,86,60,508,369,78,61,513,372,78,63,514,373,78,63,517,375,78,64,518,375,78,65,519,376,78,65,524,377,78,69
14,4,Asotin,Clarkston,"3,077","2,128",751,198,"3,043","2,095",717,231,"3,028","2,094",717,217,"3,050","2,094",717,239,"3,054","2,094",721,239,"3,110","2,103",768,239,"3,056","2,104",772,180,"3,094","2,108",804,182,"3,125","2,109",834,182,"3,158","2,109",846,203,"3,191","2,109",876,206,"3,414","2,253",909,252,"3,430","2,251",909,270,"3,412","2,249",909,254,"3,409","2,245",909,255,"3,415","2,248",909,258,"3,420","2,247",913,260,"3,406","2,246",913,247,"3,412","2,248",913,251,"3,414","2,245",917,252,"3,417","2,246",919,252,"3,411","2,322",951,138,"3,409","2,319",951,139,"3,410","2,320",951,139,"3,403","2,314",949,140,"3,403","2,314",949,140,"3,412","2,314",955,143,"3,418","2,315",955,148,"3,411","2,316",955,140,"3,367","2,311",955,101,"3,368","2,310",955,103,"3,287","2,247",936,104,"3,324","2,247",972,105,"3,329","2,248",975,106,"3,332","2,250",975,107,"3,333","2,250",975,108,"3,335","2,251",975,109,"3,411","2,249","1,052",110
15,.,.,.,.,.,.,.,.,.,.,.,.,.,.,.,.,.,.,.,.,.,.,.,.,.,.,.,.,.,.,.,.,.,.,.,.,.,.,.,.,.,.,.,.,.,.,.,.,.,.,.,.,.,.,.,.,.,.,.,.,.,.,.,.,.,.,.,.,.,.,.,.,.,.,.,.,.,.,.,.,.,.,.,.,.,.,.,.,.,.,.,.,.,.,.,.,.,.,.,.,.,.,.,.,.,.,.,.,.,.,.,.,.,.,.,.,.,.,.,.,.,.,.,.,.,.,.,.,.,.,.,.,.,.,.,.,.,.,.,.,.,.,.,.,.,.,.,.,.,.,.,.,.,.,.
16,1,Benton,Benton County,"42,651","27,421","10,934","4,296","44,877","28,193","10,592","6,092","45,490","28,509","10,614","6,367","46,314","28,909","10,610","6,795","47,464","29,498","10,630","7,336","49,205","30,510","10,653","8,042","51,299","31,604","10,943","8,752","53,074","32,145","11,827","9,102","54,345","32,651","12,284","9,410","55,223","33,145","12,364","9,714","55,985","33,671","12,399","9,915","55,963","35,363","12,646","7,954","56,952","36,095","12,700","8,157","58,167","37,005","12,733","8,429","59,748","38,124","12,994","8,630","61,195","39,102","13,318","8,775","62,740","40,175","13,933","8,632","64,063","41,257","14,114","8,692","64,931","41,992","14,115","8,824","65,892","42,770","14,284","8,838","66,602","43,436","14,291","8,875","68,618","45,121","14,870","8,627","69,739","46,052","15,004","8,683","70,883","46,814","15,326","8,743","71,956","47,543","15,740","8,673","73,182","48,279","16,169","8,734","74,437","49,044","16,602","8,791","75,245","49,788","16,745","8,712","76,112","50,462","16,884","8,766","77,512","51,318","17,338","8,856","78,759","52,151","17,599","9,009","80,076","53,002","18,161","8,913","81,386","54,020","18,348","9,018","83,014","55,155","18,749","9,110","84,114","55,955","19,035","9,124","85,497","56,766","19,593","9,138","86,633","57,468","19,987","9,178","88,212","58,418","20,599","9,195"
17,2,Benton,Unincorporated Benton County,"11,176","7,871","1,248","2,057","9,887","6,604",252,"3,031","10,145","6,680",252,"3,213","10,438","6,776",251,"3,411","10,860","6,933",251,"3,676","11,202","6,915",249,"4,038","11,703","7,002",247,"4,454","11,890","7,089",241,"4,560","12,238","7,212",241,"4,785","12,511","7,281",239,"4,991","12,820","7,384",229,"5,207","11,502","7,283",376,"3,843","11,588","7,216",364,"4,008","11,790","7,284",355,"4,151","12,102","7,434",355,"4,313","12,444","7,617",354,"4,473","12,597","7,669",348,"4,580","12,647","7,660",333,"4,654","12,888","7,802",332,"4,754","12,091","6,963",324,"4,804","12,087","6,964",296,"4,827","11,646","6,724",282,"4,640","11,781","6,834",282,"4,665","11,906","6,919",282,"4,705","11,987","6,989",282,"4,716","12,127","7,098",280,"4,749","12,238","7,241",282,"4,715","12,366","7,370",280,"4,716","12,616","7,559",280,"4,777","12,851","7,780",282,"4,789","12,967","7,804",282,"4,881","12,810","7,716",281,"4,813","12,931","7,799",282,"4,850","13,187","8,001",299,"4,887","13,218","8,010",299,"4,909","13,320","8,097",312,"4,911","13,450","8,193",319,"4,938","13,558","8,273",333,"4,952"
18,3,Benton,Incorporated Benton County,"31,475","19,550","9,686","2,239","34,990","21,589","10,340","3,061","35,345","21,829","10,362","3,154","35,876","22,133","10,359","3,384","36,604","22,565","10,379","3,660","38,003","23,595","10,404","4,004","39,596","24,602","10,696","4,298","41,184","25,056","11,586","4,542","42,107","25,439","12,043","4,625","42,712","25,864","12,125","4,723","43,165","26,287","12,170","4,708","44,461","28,080","12,270","4,111","45,364","28,879","12,336","4,149","46,377","29,721","12,378","4,278","47,646","30,690","12,639","4,317","48,751","31,485","12,964","4,302","50,143","32,506","13,585","4,052","51,416","33,597","13,781","4,038","52,043","34,190","13,783","4,070","53,801","35,807","13,960","4,034","54,515","36,472","13,995","4,048","56,972","38,397","14,588","3,987","57,958","39,218","14,722","4,018","58,977","39,895","15,044","4,038","59,969","40,554","15,458","3,957","61,055","41,181","15,889","3,985","62,199","41,803","16,320","4,076","62,879","42,418","16,465","3,996","63,496","42,903","16,604","3,989","64,661","43,538","17,056","4,067","65,792","44,347","17,317","4,128","67,266","45,286","17,880","4,100","68,455","46,221","18,066","4,168","69,827","47,154","18,450","4,223","70,896","47,945","18,736","4,215","72,177","48,669","19,281","4,227","73,183","49,275","19,668","4,240","74,654","50,145","20,266","4,243"
19,4,Benton,Benton City,805,444,69,292,682,495,74,113,702,495,74,133,728,496,74,158,745,507,74,164,795,517,74,204,803,530,74,199,804,538,74,192,813,548,74,191,832,556,74,202,835,556,74,205,"1,043",660,56,327,"1,060",665,56,339,"1,103",677,56,370,"1,148",688,78,382,"1,149",695,78,376,"1,160",697,78,385,"1,157",703,78,376,"1,164",706,78,380,"1,141",707,78,356,"1,172",727,78,367,"1,162",844,90,228,"1,241",862,90,289,"1,263",883,90,290,"1,239",898,90,251,"1,245",902,90,253,"1,255",910,90,255,"1,274",919,90,265,"1,289",933,90,266,"1,302",943,90,269,"1,346",977,98,271,"1,381","1,002",99,280,"1,403","1,004",105,294,"1,492","1,083",108,301,"1,517","1,106",109,302,"1,535","1,132",113,290,"1,536","1,132",113,291,"1,577","1,163",120,294
20,4,Benton,Kennewick,"14,456","7,819","5,374","1,263","17,207","9,439","5,935","1,833","17,484","9,542","5,951","1,991","17,809","9,703","5,946","2,160","18,109","9,824","5,944","2,341","18,698","10,179","5,961","2,558","19,279","10,637","5,998","2,644","20,209","10,887","6,660","2,662","20,680","11,033","7,008","2,639","20,944","11,232","7,065","2,647","21,148","11,413","7,116","2,619","22,068","12,452","7,542","2,074","22,465","12,854","7,554","2,057","22,821","13,198","7,572","2,051","23,396","13,548","7,772","2,076","23,661","13,838","7,808","2,015","24,398","14,362","8,103","1,933","25,229","14,952","8,321","1,956","25,433","15,129","8,321","1,983","26,638","16,287","8,334","2,017","26,945","16,551","8,369","2,025","28,507","17,621","8,781","2,105","28,745","17,920","8,786","2,039","29,030","18,196","8,798","2,036","29,460","18,455","9,028","1,977","29,924","18,736","9,201","1,987","30,256","19,022","9,233","2,001","30,573","19,267","9,304","2,002","30,928","19,534","9,423","1,971","31,276","19,759","9,542","1,975","31,711","20,044","9,692","1,975","32,242","20,381","9,891","1,970","32,668","20,657","10,008","2,003","33,132","20,941","10,157","2,034","33,473","21,155","10,302","2,016","33,910","21,491","10,385","2,034","34,289","21,706","10,544","2,039","34,899","21,983","10,875","2,041"
21,4,Benton,Prosser,"1,559","1,147",367,45,"1,665","1,199",317,149,"1,644","1,200",317,127,"1,645","1,199",317,129,"1,684","1,204",339,141,"1,709","1,222",347,140,"1,781","1,232",373,176,"1,812","1,248",373,191,"1,831","1,254",379,198,"1,851","1,263",381,207,"1,863","1,271",383,209,"1,800","1,210",337,253,"1,810","1,206",341,263,"1,829","1,211",343,275,"1,848","1,225",343,280,"1,878","1,237",343,298,"1,896","1,257",343,296,"1,906","1,265",343,298,"1,918","1,271",343,304,"1,891","1,275",343,273,"1,898","1,283",343,272,"2,129","1,506",398,225,"2,134","1,510",398,226,"2,138","1,511",400,227,"2,149","1,518",404,227,"2,152","1,519",406,227,"2,166","1,528",412,226,"2,220","1,531",463,226,"2,220","1,531",463,226,"2,293","1,537",524,232,"2,290","1,544",524,222,"2,346","1,586",538,222,"2,375","1,611",540,224,"2,399","1,635",538,226,"2,506","1,712",566,228,"2,590","1,768",582,240,"2,616","1,799",582,235,"2,667","1,850",582,235
22,4,Benton,Richland,"13,387","9,297","3,687",403,"13,872","9,474","3,819",579,"13,939","9,603","3,825",511,"14,100","9,732","3,827",541,"14,317","9,921","3,827",569,"14,757","10,355","3,827",575,"15,260","10,617","4,056",587,"15,788","10,722","4,284",782,"16,109","10,823","4,387",899,"16,247","10,921","4,410",916,"16,349","11,036","4,402",911,"16,458","11,533","4,161",764,"16,800","11,836","4,211",753,"17,282","12,222","4,233",827,"17,709","12,664","4,272",773,"18,326","12,967","4,560",799,"18,938","13,253","4,886",799,"19,207","13,573","4,864",770,"19,504","13,880","4,864",760,"20,001","14,185","5,028",788,"20,221","14,410","5,028",783,"20,876","14,992","5,152",732,"21,232","15,321","5,163",748,"21,811","15,584","5,469",758,"22,253","15,851","5,649",753,"22,762","16,100","5,905",757,"23,394","16,331","6,298",765,"23,584","16,562","6,300",722,"23,711","16,688","6,300",723,"24,332","16,984","6,560",788,"24,839","17,418","6,642",779,"25,524","17,800","6,938",786,"25,905","18,163","6,957",785,"26,526","18,537","7,191",798,"26,968","18,881","7,284",803,"27,481","19,101","7,577",803,"27,966","19,374","7,789",803,"28,570","19,790","7,977",803
23,4,Benton,West Richland,"1,268",843,189,236,"1,564",982,195,387,"1,576",989,195,392,"1,594","1,003",195,396,"1,749","1,109",195,445,"2,044","1,322",195,527,"2,473","1,586",195,692,"2,571","1,661",195,715,"2,674","1,781",195,698,"2,838","1,892",195,751,"2,970","2,011",195,764,"3,092","2,225",174,693,"3,229","2,318",174,737,"3,342","2,413",174,755,"3,545","2,565",174,806,"3,737","2,748",175,814,"3,751","2,937",175,639,"3,917","3,104",175,638,"4,024","3,204",177,643,"4,130","3,353",177,600,"4,279","3,501",177,601,"4,298","3,434",167,697,"4,606","3,605",285,716,"4,735","3,721",287,727,"4,868","3,832",287,749,"4,972","3,924",287,761,"5,128","4,012",287,829,"5,228","4,139",308,781,"5,348","4,217",328,803,"5,458","4,315",340,803,"5,606","4,364",361,881,"5,773","4,517",414,842,"6,104","4,786",456,862,"6,278","4,958",456,864,"6,432","5,091",475,866,"6,661","5,177",624,860,"6,776","5,264",640,872,"6,941","5,359",712,870
24,.,.,.,.,.,.,.,.,.,.,.,.,.,.,.,.,.,.,.,.,.,.,.,.,.,.,.,.,.,.,.,.,.,.,.,.,.,.,.,.,.,.,.,.,.,.,.,.,.,.,.,.,.,.,.,.,.,.,.,.,.,.,.,.,.,.,.,.,.,.,.,.,.,.,.,.,.,.,.,.,.,.,.,.,.,.,.,.,.,.,.,.,.,.,.,.,.,.,.,.,.,.,.,.,.,.,.,.,.,.,.,.,.,.,.,.,.,.,.,.,.,.,.,.,.,.,.,.,.,.,.,.,.,.,.,.,.,.,.,.,.,.,.,.,.,.,.,.,.,.,.,.,.,.,.
25,1,Chelan,Chelan County,"22,140","15,615","4,634","1,891","25,046","16,977","4,596","3,473","25,563","17,277","4,618","3,668","26,215","17,613","4,782","3,820","26,848","17,962","4,881","4,005","27,708","18,394","5,072","4,242","28,485","18,774","5,265","4,446","28,937","18,889","5,424","4,624","29,646","19,178","5,631","4,837","30,163","19,451","5,694","5,018","30,712","19,725","5,766","5,221","30,407","21,034","5,395","3,978","30,664","21,171","5,441","4,052","30,981","21,416","5,454","4,111","31,370","21,678","5,514","4,178","31,747","22,008","5,564","4,175","32,410","22,426","5,677","4,307","33,033","22,825","5,807","4,401","33,682","23,312","5,879","4,491","34,236","23,715","5,991","4,530","34,562","23,974","6,081","4,507","35,465","24,668","6,267","4,530","35,679","24,841","6,283","4,555","35,845","24,997","6,295","4,553","36,044","25,185","6,304","4,555","36,626","25,429","6,641","4,556","36,926","25,698","6,664","4,564","37,289","26,012","6,699","4,578","37,703","26,367","6,739","4,597","38,303","26,740","6,960","4,603","38,672","27,021","7,029","4,622","37,267","26,147","6,775","4,345","37,844","26,519","6,964","4,361","38,472","26,928","7,173","4,371","38,962","27,206","7,370","4,386","39,378","27,454","7,528","4,396","39,952","27,690","7,849","4,413","40,317","27,905","7,974","4,438"
26,2,Chelan,Unincorporated Chelan County,"11,249","8,160","1,489","1,600","11,806","8,431",736,"2,639","12,182","8,635",747,"2,800","12,500","8,784",775,"2,941","12,896","8,979",806,"3,111","13,341","9,204",829,"3,308","13,725","9,393",874,"3,458","13,830","9,375",881,"3,574","14,146","9,549",890,"3,707","14,474","9,735",899,"3,840","14,671","9,853",884,"3,934","14,180","10,447",700,"3,033","14,350","10,534",699,"3,117","14,477","10,626",653,"3,198","14,663","10,770",652,"3,241","14,881","10,981",667,"3,233","15,176","11,188",691,"3,297","15,435","11,385",694,"3,356","15,816","11,698",696,"3,422","16,064","11,885",691,"3,488","16,297","12,086",692,"3,519","16,858","12,502",721,"3,635","16,995","12,604",731,"3,660","17,058","12,654",735,"3,669","17,183","12,769",740,"3,674","17,360","12,935",745,"3,680","17,559","13,115",753,"3,691","17,763","13,286",771,"3,706","17,889","13,401",766,"3,722","18,187","13,665",790,"3,732","18,382","13,832",804,"3,746","17,092","12,888",744,"3,460","17,448","13,179",794,"3,475","17,812","13,458",869,"3,485","18,097","13,658",938,"3,501","18,316","13,840",968,"3,508","18,531","14,003","1,006","3,522","18,747","14,150","1,053","3,544"
27,3,Chelan,Incorporated Chelan County,"10,891","7,455","3,145",291,"13,240","8,546","3,860",834,"13,381","8,642","3,871",868,"13,715","8,829","4,007",879,"13,952","8,983","4,075",894,"14,367","9,190","4,243",934,"14,760","9,381","4,391",988,"15,107","9,514","4,543","1,050","15,500","9,629","4,741","1,130","15,689","9,716","4,795","1,178","16,041","9,872","4,882","1,287","16,227","10,587","4,695",945,"16,314","10,637","4,742",935,"16,504","10,790","4,801",913,"16,707","10,908","4,862",937,"16,866","11,027","4,897",942,"17,234","11,238","4,986","1,010","17,598","11,440","5,113","1,045","17,866","11,614","5,183","1,069","18,172","11,830","5,300","1,042","18,265","11,888","5,389",988,"18,607","12,166","5,546",895,"18,684","12,237","5,552",895,"18,787","12,343","5,560",884,"18,861","12,416","5,564",881,"19,266","12,494","5,896",876,"19,367","12,583","5,911",873,"19,526","12,726","5,928",872,"19,814","12,966","5,973",875,"20,116","13,075","6,170",871,"20,290","13,189","6,225",876,"20,175","13,259","6,031",885,"20,396","13,340","6,170",886,"20,660","13,470","6,304",886,"20,865","13,548","6,432",885,"21,062","13,614","6,560",888,"21,421","13,687","6,843",891,"21,570","13,755","6,921",894
28,4,Chelan,Cashmere,957,727,200,30,"1,057",784,208,65,"1,060",787,208,65,"1,067",794,208,65,"1,080",805,210,65,"1,115",824,225,66,"1,121",828,225,68,"1,136",829,233,74,"1,137",830,235,72,"1,140",830,237,73,"1,164",830,237,97,"1,174",822,277,75,"1,203",822,323,58,"1,206",823,325,58,"1,206",823,325,58,"1,215",825,332,58,"1,230",820,334,76,"1,230",820,334,76,"1,231",820,336,75,"1,239",826,338,75,"1,243",830,338,75,"1,179",785,319,75,"1,185",789,321,75,"1,174",793,319,62,"1,168",788,318,62,"1,166",786,318,62,"1,175",796,318,61,"1,175",794,322,59,"1,183",804,322,57,"1,185",812,322,51,"1,192",819,322,51,"1,226",838,337,51,"1,226",838,337,51,"1,235",843,341,51,"1,284",844,389,51,"1,292",852,389,51,"1,325",865,409,51,"1,331",867,413,51
29,4,Chelan,Chelan,"1,346",980,340,26,"1,666","1,145",451,70,"1,699","1,176",451,72,"1,747","1,180",494,73,"1,781","1,195",512,74,"1,806","1,212",517,77,"1,832","1,216",536,80,"1,849","1,227",539,83,"1,913","1,244",587,82,"1,967","1,263",623,81,"2,050","1,282",681,87,"2,060","1,399",610,51,"2,069","1,405",610,54,"2,089","1,423",610,56,"2,124","1,448",610,66,"2,141","1,465",610,66,"2,180","1,498",610,72,"2,220","1,530",618,72,"2,260","1,565",620,75,"2,344","1,599",669,76,"2,377","1,619",682,76,"2,517","1,664",754,99,"2,534","1,676",758,100,"2,549","1,683",766,100,"2,561","1,692",773,96,"2,580","1,711",777,92,"2,613","1,741",780,92,"2,646","1,774",780,92,"2,689","1,814",784,91,"2,769","1,867",811,91,"2,841","1,913",836,92,"2,570","1,926",526,118,"2,634","1,977",540,117,"2,689","2,031",541,117,"2,737","2,079",541,117,"2,778","2,119",541,118,"2,830","2,165",545,120,"2,863","2,184",559,120
30,4,Chelan,Entiat,204,108,58,38,192,104,35,53,193,104,35,54,197,104,35,58,201,107,35,59,229,130,35,64,240,138,37,65,286,158,38,90,309,154,54,101,340,160,54,126,371,177,54,140,400,253,52,95,407,255,52,100,416,260,52,104,422,260,52,110,430,264,52,114,460,279,52,129,492,286,52,154,501,291,52,158,495,291,52,152,500,294,52,154,495,246,41,208,502,253,41,208,504,258,41,205,513,267,41,205,514,270,41,203,521,279,41,201,530,287,41,202,543,299,41,203,551,305,41,205,587,338,41,208,575,349,39,187,582,353,40,189,595,366,40,189,598,368,41,189,599,369,41,189,700,379,131,190,716,391,134,191
31,4,Chelan,Leavenworth,702,546,156,0,845,571,262,12,853,572,269,12,875,581,282,12,914,589,313,12,"1,023",598,413,12,"1,047",602,433,12,"1,078",611,455,12,"1,157",620,525,12,"1,165",626,527,12,"1,176",637,527,12,"1,107",697,410,0,"1,111",700,411,0,"1,127",715,411,1,"1,145",725,420,0,"1,170",738,432,0,"1,187",749,438,0,"1,194",753,441,0,"1,214",757,457,0,"1,247",768,479,0,"1,249",768,481,0,"1,241",763,478,0,"1,242",764,478,0,"1,242",764,478,0,"1,245",767,478,0,"1,245",767,478,0,"1,250",771,479,0,"1,254",774,480,0,"1,268",782,485,1,"1,276",787,488,1,"1,288",791,496,1,"1,210",825,384,1,"1,327",833,493,1,"1,453",856,596,1,"1,480",871,608,1,"1,500",881,618,1,"1,521",890,630,1,"1,538",893,642,3
32,4,Chelan,Wenatchee,"7,682","5,094","2,391",197,"9,480","5,942","2,904",634,"9,576","6,003","2,908",665,"9,829","6,170","2,988",671,"9,976","6,287","3,005",684,"10,194","6,426","3,053",715,"10,520","6,597","3,160",763,"10,758","6,689","3,278",791,"10,984","6,781","3,340",863,"11,077","6,837","3,354",886,"11,280","6,946","3,383",951,"11,486","7,416","3,346",724,"11,524","7,455","3,346",723,"11,666","7,569","3,403",694,"11,810","7,652","3,455",703,"11,910","7,735","3,471",704,"12,177","7,892","3,552",733,"12,462","8,051","3,668",743,"12,660","8,181","3,718",761,"12,847","8,346","3,762",739,"12,896","8,377","3,836",683,"13,175","8,708","3,954",513,"13,221","8,755","3,954",512,"13,318","8,845","3,956",517,"13,374","8,902","3,954",518,"13,761","8,960","4,282",519,"13,808","8,996","4,293",519,"13,921","9,097","4,305",519,"14,131","9,267","4,341",523,"14,335","9,304","4,508",523,"14,382","9,328","4,530",524,"14,594","9,321","4,745",528,"14,627","9,339","4,760",528,"14,688","9,374","4,786",528,"14,766","9,386","4,853",527,"14,893","9,393","4,971",529,"15,045","9,388","5,128",529,"15,122","9,420","5,173",529
33,.,.,.,.,.,.,.,.,.,.,.,.,.,.,.,.,.,.,.,.,.,.,.,.,.,.,.,.,.,.,.,.,.,.,.,.,.,.,.,.,.,.,.,.,.,.,.,.,.,.,.,.,.,.,.,.,.,.,.,.,.,.,.,.,.,.,.,.,.,.,.,.,.,.,.,.,.,.,.,.,.,.,.,.,.,.,.,.,.,.,.,.,.,.,.,.,.,.,.,.,.,.,.,.,.,.,.,.,.,.,.,.,.,.,.,.,.,.,.,.,.,.,.,.,.,.,.,.,.,.,.,.,.,.,.,.,.,.,.,.,.,.,.,.,.,.,.,.,.,.,.,.,.,.,.
34,1,Clallam,Clallam County,"21,851","15,501","3,094","3,256","25,225","17,479","2,727","5,019","26,047","17,987","2,774","5,286","26,714","18,350","2,809","5,555","27,339","18,717","2,845","5,777","28,037","19,102","2,895","6,040","28,595","19,456","2,932","6,207","29,344","19,801","3,031","6,512","29,880","20,112","3,056","6,712","30,613","20,421","3,262","6,930","31,119","20,734","3,327","7,058","30,683","21,765","3,500","5,418","31,033","21,983","3,508","5,542","31,472","22,263","3,507","5,702","31,931","22,582","3,524","5,825","32,425","22,952","3,547","5,926","32,982","23,342","3,573","6,067","33,748","23,866","3,602","6,280","34,408","24,315","3,748","6,345","34,995","24,636","3,948","6,411","35,341","24,907","3,996","6,438","35,582","24,954","4,133","6,495","35,772","25,071","4,168","6,533","35,971","25,193","4,233","6,545","36,135","25,331","4,233","6,571","36,273","25,479","4,243","6,551","36,437","25,617","4,254","6,566","36,682","25,805","4,274","6,603","36,921","25,996","4,285","6,640","37,174","26,195","4,274","6,705","37,569","26,469","4,346","6,754","37,930","26,753","4,402","6,775","38,228","26,961","4,422","6,845","38,384","27,054","4,440","6,890","38,633","27,253","4,456","6,924","38,895","27,411","4,478","7,006","39,129","27,503","4,504","7,122","39,345","27,667","4,541","7,137"
35,2,Clallam,Unincorporated Clallam County,"11,808","8,467",675,"2,666","14,299","9,820",344,"4,135","14,821","10,154",383,"4,284","15,341","10,420",402,"4,519","15,770","10,688",408,"4,674","16,329","11,010",415,"4,904","16,766","11,254",432,"5,080","17,273","11,535",431,"5,307","17,701","11,801",430,"5,470","18,150","12,064",440,"5,646","18,546","12,324",435,"5,787","18,216","13,352",517,"4,347","18,520","13,551",519,"4,450","18,929","13,800",522,"4,607","19,288","14,070",523,"4,695","19,713","14,381",534,"4,798","20,169","14,727",552,"4,890","20,563","15,003",558,"5,002","20,912","15,270",575,"5,067","21,134","15,430",566,"5,138","21,354","15,605",577,"5,172","21,169","15,476",576,"5,117","21,295","15,570",578,"5,147","21,409","15,663",579,"5,167","21,529","15,757",579,"5,193","21,647","15,861",581,"5,205","21,749","15,949",586,"5,214","21,888","16,075",588,"5,225","22,029","16,185",595,"5,249","22,223","16,328",599,"5,296","22,394","16,467",600,"5,327","22,587","16,610",611,"5,366","22,750","16,723",628,"5,399","22,804","16,737",636,"5,431","22,956","16,847",647,"5,462","23,109","16,953",661,"5,495","23,270","17,036",668,"5,566","23,413","17,116",683,"5,614"
36,3,Clallam,Incorporated Clallam County,"10,043","7,034","2,419",590,"10,926","7,659","2,383",884,"11,226","7,833","2,391","1,002","11,373","7,930","2,407","1,036","11,569","8,029","2,437","1,103","11,708","8,092","2,480","1,136","11,829","8,202","2,500","1,127","12,071","8,266","2,600","1,205","12,179","8,311","2,626","1,242","12,463","8,357","2,822","1,284","12,573","8,410","2,892","1,271","12,467","8,413","2,983","1,071","12,513","8,432","2,989","1,092","12,543","8,463","2,985","1,095","12,643","8,512","3,001","1,130","12,712","8,571","3,013","1,128","12,813","8,615","3,021","1,177","13,185","8,863","3,044","1,278","13,496","9,045","3,173","1,278","13,861","9,206","3,382","1,273","13,987","9,302","3,419","1,266","14,413","9,478","3,557","1,378","14,477","9,501","3,590","1,386","14,562","9,530","3,654","1,378","14,606","9,574","3,654","1,378","14,626","9,618","3,662","1,346","14,688","9,668","3,668","1,352","14,794","9,730","3,686","1,378","14,892","9,811","3,690","1,391","14,951","9,867","3,675","1,409","15,175","10,002","3,746","1,427","15,343","10,143","3,791","1,409","15,478","10,238","3,794","1,446","15,580","10,317","3,804","1,459","15,677","10,406","3,809","1,462","15,786","10,458","3,817","1,511","15,859","10,467","3,836","1,556","15,932","10,551","3,858","1,523"
37,4,Clallam,Forks,"1,158",697,226,235,"1,139",658,217,264,"1,303",740,217,346,"1,319",738,221,360,"1,330",743,221,366,"1,343",745,223,375,"1,334",746,223,365,"1,343",747,227,369,"1,378",751,227,400,"1,401",750,227,424,"1,415",756,229,430,"1,361",726,217,418,"1,369",726,217,426,"1,365",726,217,422,"1,363",726,217,420,"1,367",725,217,425,"1,363",732,219,412,"1,386",739,225,422,"1,392",740,225,427,"1,447",740,241,466,"1,439",745,241,453,"1,374",672,217,485,"1,360",674,201,485,"1,385",678,215,492,"1,384",681,215,488,"1,393",681,215,497,"1,389",684,215,490,"1,394",686,215,493,"1,399",688,215,496,"1,407",688,215,504,"1,412",687,215,510,"1,407",681,210,516,"1,406",681,210,515,"1,418",688,210,520,"1,425",698,210,517,"1,457",698,210,549,"1,472",706,213,553,"1,495",706,214,575
38,4,Clallam,Port Angeles,"7,288","5,579","1,601",108,"7,833","6,005","1,566",262,"7,864","6,047","1,564",253,"7,955","6,114","1,568",273,"8,016","6,159","1,582",275,"8,113","6,203","1,617",293,"8,213","6,289","1,627",297,"8,347","6,326","1,680",341,"8,399","6,356","1,696",347,"8,616","6,379","1,878",359,"8,650","6,402","1,878",370,"8,682","6,428","2,005",249,"8,683","6,428","2,005",250,"8,685","6,440","1,993",252,"8,734","6,469","1,999",266,"8,787","6,501","2,005",281,"8,828","6,506","2,009",313,"8,982","6,610","2,023",349,"9,013","6,650","2,041",322,"9,120","6,715","2,062",343,"9,173","6,762","2,066",345,"9,272","6,770","2,076",426,"9,301","6,771","2,104",426,"9,309","6,788","2,104",417,"9,322","6,798","2,104",420,"9,310","6,828","2,105",377,"9,359","6,868","2,106",385,"9,396","6,883","2,106",407,"9,418","6,902","2,109",407,"9,397","6,900","2,088",409,"9,506","6,937","2,153",416,"9,567","7,008","2,170",389,"9,630","7,034","2,172",424,"9,661","7,055","2,180",426,"9,680","7,092","2,185",403,"9,718","7,125","2,189",404,"9,759","7,123","2,204",432,"9,714","7,127","2,217",370
39,4,Clallam,Sequim,"1,597",758,592,247,"1,954",996,600,358,"2,059","1,046",610,403,"2,099","1,078",618,403,"2,223","1,127",634,462,"2,252","1,144",640,468,"2,282","1,167",650,465,"2,381","1,193",693,495,"2,402","1,204",703,495,"2,446","1,228",717,501,"2,508","1,252",785,471,"2,424","1,259",761,404,"2,461","1,278",767,416,"2,493","1,297",775,421,"2,546","1,317",785,444,"2,558","1,345",791,422,"2,622","1,377",793,452,"2,817","1,514",796,507,"3,091","1,655",907,529,"3,294","1,751","1,079",464,"3,375","1,795","1,112",468,"3,767","2,036","1,264",467,"3,816","2,056","1,285",475,"3,868","2,064","1,335",469,"3,900","2,095","1,335",470,"3,923","2,109","1,342",472,"3,940","2,116","1,347",477,"4,004","2,161","1,365",478,"4,075","2,221","1,366",488,"4,147","2,279","1,372",496,"4,257","2,378","1,378",501,"4,369","2,454","1,411",504,"4,442","2,523","1,412",507,"4,501","2,574","1,414",513,"4,572","2,616","1,414",542,"4,611","2,635","1,418",558,"4,628","2,638","1,419",571,"4,723","2,718","1,427",578
40,.,.,.,.,.,.,.,.,.,.,.,.,.,.,.,.,.,.,.,.,.,.,.,.,.,.,.,.,.,.,.,.,.,.,.,.,.,.,.,.,.,.,.,.,.,.,.,.,.,.,.,.,.,.,.,.,.,.,.,.,.,.,.,.,.,.,.,.,.,.,.,.,.,.,.,.,.,.,.,.,.,.,.,.,.,.,.,.,.,.,.,.,.,.,.,.,.,.,.,.,.,.,.,.,.,.,.,.,.,.,.,.,.,.,.,.,.,.,.,.,.,.,.,.,.,.,.,.,.,.,.,.,.,.,.,.,.,.,.,.,.,.,.,.,.,.,.,.,.,.,.,.,.,.,.
41,1,Clark,Clark County,"72,806","55,024","13,773","4,009","92,849","63,681","21,033","8,135","97,862","66,524","22,684","8,654","100,476","68,204","23,168","9,104","104,151","70,384","24,003","9,764","108,364","73,408","24,914","10,042","113,665","76,581","26,376","10,708","118,600","79,649","27,670","11,281","123,785","83,126","28,706","11,953","129,500","86,880","30,286","12,334","134,063","90,309","30,984","12,770","134,030","94,664","30,217","9,149","137,382","96,976","30,795","9,611","142,525","100,223","32,495","9,807","146,815","103,459","33,351","10,005","151,482","107,074","34,217","10,191","155,762","110,326","35,107","10,329","160,104","113,818","35,800","10,486","163,299","116,230","36,457","10,612","166,196","118,202","37,300","10,694","168,118","119,292","38,065","10,761","167,413","119,120","38,170","10,123","168,441","119,945","38,322","10,174","169,668","120,648","38,779","10,241","170,753","121,517","38,945","10,291","172,907","123,102","39,437","10,368","174,899","124,560","39,912","10,427","177,656","126,499","40,660","10,497","181,448","128,831","42,057","10,560","184,794","131,002","43,181","10,611","188,418","133,496","44,200","10,722","195,036","137,296","46,923","10,817","199,905","139,816","49,222","10,867","203,748","141,843","51,031","10,874","207,043","143,928","52,220","10,895","211,977","145,756","55,238","10,983","216,309","147,582","57,704","11,023","220,082","149,678","59,333","11,071"
42,2,Clark,Unincorporated Clark County,"47,137","39,062","4,575","3,500","64,870","47,395","10,485","6,990","69,278","49,961","12,019","7,298","71,535","51,370","12,405","7,760","71,357","51,935","11,042","8,380","73,546","53,629","11,308","8,609","75,333","55,410","10,938","8,985","78,579","57,848","11,263","9,468","57,925","43,118","5,309","9,498","60,555","45,133","5,566","9,856","63,115","47,043","5,814","10,258","60,820","48,074","6,072","6,674","62,411","49,383","6,142","6,886","64,902","51,516","6,300","7,086","67,250","53,575","6,388","7,287","69,452","55,477","6,503","7,472","71,808","57,446","6,757","7,605","74,115","59,475","6,886","7,754","75,047","60,468","6,871","7,708","76,383","61,595","7,005","7,783","77,118","62,139","7,150","7,829","75,498","60,870","6,967","7,661","75,935","61,251","6,981","7,703","76,349","61,495","7,118","7,736","76,912","61,927","7,205","7,780","77,535","62,702","7,019","7,814","78,426","63,541","7,032","7,853","79,959","64,696","7,354","7,909","81,490","65,938","7,577","7,975","80,842","65,959","6,922","7,961","82,588","67,496","7,055","8,037","84,568","69,130","7,308","8,130","86,033","69,997","7,858","8,178","86,848","70,436","8,192","8,220","87,933","71,448","8,232","8,253","89,845","72,365","9,164","8,316","91,325","73,351","9,623","8,351","93,033","74,136","10,506","8,391"
43,3,Clark,Incorporated Clark County,"25,669","15,962","9,198",509,"27,979","16,286","10,548","1,145","28,584","16,563","10,665","1,356","28,941","16,834","10,763","1,344","32,794","18,449","12,961","1,384","34,818","19,779","13,606","1,433","38,332","21,171","15,438","1,723","40,021","21,801","16,407","1,813","65,860","40,008","23,397","2,455","68,945","41,747","24,720","2,478","70,948","43,266","25,170","2,512","73,210","46,590","24,145","2,475","74,971","47,593","24,653","2,725","77,623","48,707","26,195","2,721","79,565","49,884","26,963","2,718","82,030","51,597","27,714","2,719","83,954","52,880","28,350","2,724","85,989","54,343","28,914","2,732","88,252","55,762","29,586","2,904","89,813","56,607","30,295","2,911","91,000","57,153","30,915","2,932","91,915","58,250","31,203","2,462","92,506","58,694","31,341","2,471","93,319","59,153","31,661","2,505","93,841","59,590","31,740","2,511","95,372","60,400","32,418","2,554","96,473","61,019","32,880","2,574","97,697","61,803","33,306","2,588","99,958","62,893","34,480","2,585","103,952","65,043","36,259","2,650","105,830","66,000","37,145","2,685","110,468","68,166","39,615","2,687","113,872","69,819","41,364","2,689","116,900","71,407","42,839","2,654","119,110","72,480","43,988","2,642","122,132","73,391","46,074","2,667","124,984","74,231","48,081","2,672","127,049","75,542","48,827","2,680"
44,4,Clark,Battle Ground,"1,022",689,213,120,"1,376",847,304,225,"1,422",877,334,211,"1,464",902,334,228,"1,495",893,370,232,"1,647","1,039",377,231,"1,796","1,176",378,242,"1,965","1,266",455,244,"2,443","1,706",489,248,"2,951","2,157",551,243,"3,170","2,373",553,244,"3,209","2,411",497,301,"3,470","2,677",499,294,"3,871","3,014",557,300,"4,335","3,400",643,292,"4,844","3,912",643,289,"5,166","4,235",646,285,"5,435","4,467",676,292,"5,536","4,558",674,304,"5,791","4,723",752,316,"5,955","4,875",757,323,"5,952","4,884",829,239,"6,040","4,971",830,239,"6,084","5,002",842,240,"6,169","5,045",884,240,"6,404","5,159","1,006",239,"6,506","5,243","1,008",255,"6,638","5,317","1,078",243,"6,956","5,449","1,259",248,"7,118","5,603","1,269",246,"7,290","5,761","1,275",254,"7,449","5,916","1,280",253,"7,625","6,085","1,284",256,"7,885","6,329","1,294",262,"7,945","6,389","1,302",254,"8,192","6,600","1,338",254,"8,383","6,716","1,412",255,"8,865","7,164","1,446",255
45,4,Clark,Camas,"2,237","1,834",403,0,"2,682","2,176",427,79,"2,719","2,207",433,79,"2,792","2,275",437,80,"2,865","2,346",439,80,"2,950","2,419",451,80,"3,168","2,629",461,78,"3,502","2,875",548,79,"3,782","3,127",577,78,"4,094","3,398",609,87,"4,335","3,641",610,84,"4,736","4,039",612,85,"4,910","4,204",629,77,"5,162","4,405",684,73,"5,393","4,630",690,73,"5,825","5,045",702,78,"5,869","5,090",702,77,"6,068","5,277",714,77,"6,199","5,409",714,76,"6,357","5,551",729,77,"6,426","5,618",727,81,"7,072","6,238",796,38,"7,182","6,348",796,38,"7,341","6,453",851,37,"7,415","6,519",861,35,"7,493","6,597",861,35,"7,647","6,751",861,35,"7,844","6,948",861,35,"8,293","7,395",863,35,"8,538","7,495","1,008",35,"8,678","7,631","1,012",35,"9,234","8,137","1,062",35,"9,586","8,420","1,131",35,"9,730","8,563","1,132",35,"9,833","8,661","1,139",33,"9,953","8,742","1,178",33,"10,128","8,857","1,238",33,"10,453","9,087","1,333",33
46,4,Clark,La Center,174,134,34,6,173,125,30,18,173,125,30,18,180,130,32,18,184,133,34,17,273,170,47,56,307,198,49,60,396,277,59,60,456,336,63,57,525,405,63,57,596,476,63,57,585,474,49,62,614,502,49,63,642,530,49,63,656,544,49,63,701,589,49,63,736,620,53,63,844,720,61,63,856,728,65,63,886,758,65,63,902,773,65,64,981,854,68,59,996,869,68,59,"1,061",919,69,73,"1,070",927,69,74,"1,079",936,69,74,"1,086",943,69,74,"1,100",957,69,74,"1,115",969,72,74,"1,159","1,007",78,74,"1,186","1,029",82,75,"1,248","1,095",78,75,"1,327","1,173",78,76,"1,430","1,273",82,75,"1,451","1,291",85,75,"1,532","1,372",85,75,"1,640","1,480",85,75,"1,726","1,562",89,75
47,4,Clark,Ridgefield,403,350,50,3,455,363,54,38,463,367,54,42,479,387,54,38,503,411,54,38,538,441,54,43,563,463,54,46,611,490,66,55,646,520,48,78,661,536,48,77,781,645,51,85,777,689,54,34,788,699,54,35,789,700,54,35,797,706,56,35,805,714,56,35,991,899,56,36,"1,229","1,137",56,36,"1,415","1,323",56,36,"1,519","1,427",56,36,"1,569","1,473",60,36,"1,695","1,581",63,51,"1,779","1,659",63,57,"1,857","1,737",63,57,"1,933","1,813",63,57,"2,138","2,018",63,57,"2,248","2,128",63,57,"2,406","2,286",63,57,"2,521","2,401",63,57,"2,698","2,567",74,57,"3,074","2,801",216,57,"3,688","3,394",237,57,"4,365","3,969",339,57,"5,148","4,546",545,57,"5,753","5,100",596,57,"6,060","5,405",598,57,"6,279","5,623",600,56,"6,522","5,866",600,56
48,4,Clark,Vancouver,"19,894","11,677","7,966",251,"21,025","11,394","9,130",501,"21,491","11,582","9,207",702,"21,600","11,651","9,281",668,"25,245","13,145","11,433",667,"26,813","14,106","12,043",664,"29,740","14,998","13,854",888,"30,714","15,153","14,597",964,"54,988","31,919","21,501","1,568","57,093","32,783","22,712","1,598","58,324","33,558","23,150","1,616","60,039","36,267","22,189","1,583","61,233","36,725","22,663","1,845","63,043","37,133","24,074","1,836","64,028","37,455","24,744","1,829","65,105","37,817","25,459","1,829","66,143","38,236","26,074","1,833","66,949","38,540","26,576","1,833","68,495","39,250","27,246","1,999","69,298","39,479","27,832","1,987","70,033","39,665","28,373","1,995","70,005","39,841","28,502","1,662","70,249","39,943","28,639","1,667","70,663","40,098","28,891","1,674","70,882","40,284","28,918","1,680","71,780","40,586","29,472","1,722","72,437","40,756","29,932","1,749","73,076","41,013","30,287","1,776","74,358","41,311","31,275","1,772","77,592","42,878","32,874","1,840","78,646","43,235","33,550","1,861","81,809","44,042","35,904","1,863","83,859","44,518","37,477","1,864","85,511","44,958","38,728","1,825","86,878","45,247","39,808","1,823","88,792","45,373","41,570","1,849","90,780","45,484","43,442","1,854","91,655","45,742","44,053","1,860"
49,4,Clark,Washougal,"1,687","1,108",520,59,"2,010","1,217",588,205,"2,051","1,241",592,218,"2,157","1,323",610,224,"2,191","1,335",616,240,"2,233","1,355",620,258,"2,377","1,443",628,306,"2,445","1,461",668,316,"3,159","2,121",705,333,"3,224","2,180",723,321,"3,315","2,266",729,320,"3,463","2,408",726,329,"3,549","2,479",741,329,"3,688","2,597",759,332,"3,931","2,821",763,347,"4,321","3,187",787,347,"4,606","3,457",801,348,"4,994","3,833",813,348,"5,243","4,074",813,356,"5,429","4,229",843,357,"5,582","4,309",915,358,"5,673","4,416",928,329,"5,717","4,462",928,327,"5,764","4,496",928,340,"5,820","4,551",928,341,"5,925","4,652",930,343,"5,997","4,746",930,321,"6,078","4,826",931,321,"6,147","4,899",931,317,"6,258","5,003",939,316,"6,364","5,050",993,321,"6,444","5,078","1,037",329,"6,515","5,147","1,038",330,"6,601","5,230","1,041",330,"6,655","5,284","1,041",330,"7,007","5,390","1,287",330,"7,129","5,513","1,286",330,"7,183","5,563","1,288",332
50,4,Clark,Woodland (part),41,10,0,31,51,11,1,39,53,10,0,43,53,10,0,43,64,10,0,54,69,11,0,58,69,12,0,57,60,12,0,48,57,12,0,45,57,12,0,45,58,13,0,45,57,15,0,42,58,16,0,42,58,16,0,42,56,16,0,40,55,16,0,39,59,15,0,44,62,15,0,47,50,15,0,35,56,17,0,39,57,18,0,39,53,15,0,38,53,15,0,38,53,15,0,38,53,15,0,38,53,15,0,38,53,15,0,38,53,15,0,38,53,15,0,38,53,15,0,38,53,15,0,38,55,24,0,31,54,26,0,28,54,26,0,28,54,26,0,28,55,26,1,28,55,26,1,28,55,26,1,28
51,4,Clark,Yacolt,211,160,12,39,207,153,14,40,212,154,15,43,216,156,15,45,247,176,15,56,295,238,14,43,312,252,14,46,328,267,14,47,329,267,14,48,340,276,14,50,369,294,14,61,344,287,18,39,349,291,18,40,370,312,18,40,369,312,18,39,374,317,18,39,384,328,18,38,408,354,18,36,458,405,18,35,477,423,18,36,476,422,18,36,484,421,17,46,490,427,17,46,496,433,17,46,499,436,17,46,500,437,17,46,499,437,17,45,502,441,17,44,515,454,17,44,536,475,17,44,539,478,17,44,541,480,17,44,541,481,17,43,541,482,17,42,541,482,17,42,541,483,17,41,590,532,17,41,590,532,17,41
52,.,.,.,.,.,.,.,.,.,.,.,.,.,.,.,.,.,.,.,.,.,.,.,.,.,.,.,.,.,.,.,.,.,.,.,.,.,.,.,.,.,.,.,.,.,.,.,.,.,.,.,.,.,.,.,.,.,.,.,.,.,.,.,.,.,.,.,.,.,.,.,.,.,.,.,.,.,.,.,.,.,.,.,.,.,.,.,.,.,.,.,.,.,.,.,.,.,.,.,.,.,.,.,.,.,.,.,.,.,.,.,.,.,.,.,.,.,.,.,.,.,.,.,.,.,.,.,.,.,.,.,.,.,.,.,.,.,.,.,.,.,.,.,.,.,.,.,.,.,.,.,.,.,.,.
53,1,Columbia,Columbia County,"1,819","1,505",146,168,"2,046","1,597",146,303,"2,054","1,601",146,307,"2,057","1,600",146,311,"2,072","1,597",152,323,"2,084","1,598",152,334,"2,123","1,600",152,371,"2,154","1,609",152,393,"2,165","1,612",154,399,"2,191","1,618",154,419,"2,207","1,623",153,431,"2,018","1,581",156,281,"2,060","1,585",182,293,"2,074","1,591",182,301,"2,092","1,601",182,309,"2,103","1,607",182,314,"2,120","1,615",182,323,"2,143","1,626",182,335,"2,155","1,631",182,342,"2,170","1,638",182,350,"2,183","1,643",182,358,"2,136","1,598",171,367,"2,147","1,600",173,374,"2,149","1,599",175,375,"2,157","1,606",175,376,"2,155","1,609",174,372,"2,180","1,625",177,378,"2,191","1,631",177,383,"2,199","1,636",177,386,"2,208","1,643",177,388,"2,211","1,646",177,388,"2,190","1,627",178,385,"2,198","1,631",178,389,"2,216","1,632",178,406,"2,227","1,636",181,410,"2,233","1,642",181,410,"2,239","1,646",178,415,"2,242","1,648",178,416
54,2,Columbia,Unincorporated Columbia County,599,469,23,107,809,584,3,222,817,588,3,226,824,589,3,232,832,590,3,239,839,591,3,245,853,593,3,257,865,599,3,263,881,603,3,275,902,610,3,289,916,614,2,300,751,565,6,180,764,570,6,188,773,574,6,193,791,584,6,201,799,590,6,203,812,596,6,210,823,601,6,216,832,603,6,223,841,607,6,228,852,610,6,236,845,605,6,234,850,608,6,236,852,608,6,238,860,615,6,239,859,618,5,236,876,631,6,239,886,640,6,240,892,645,6,241,901,654,6,241,909,659,6,244,884,639,6,239,891,644,6,241,900,650,6,244,907,655,6,246,913,659,6,248,915,661,6,248,919,664,6,249
55,3,Columbia,Incorporated Columbia County,"1,220","1,036",123,61,"1,237","1,013",143,81,"1,237","1,013",143,81,"1,233","1,011",143,79,"1,240","1,007",149,84,"1,245","1,007",149,89,"1,270","1,007",149,114,"1,289","1,010",149,130,"1,284","1,009",151,124,"1,289","1,008",151,130,"1,291","1,009",151,131,"1,267","1,016",150,101,"1,296","1,015",176,105,"1,301","1,017",176,108,"1,301","1,017",176,108,"1,304","1,017",176,111,"1,308","1,019",176,113,"1,320","1,025",176,119,"1,323","1,028",176,119,"1,329","1,031",176,122,"1,331","1,033",176,122,"1,291",993,165,133,"1,297",992,167,138,"1,297",991,169,137,"1,297",991,169,137,"1,296",991,169,136,"1,304",994,171,139,"1,305",991,171,143,"1,307",991,171,145,"1,307",989,171,147,"1,302",987,171,144,"1,306",988,172,146,"1,307",987,172,148,"1,316",982,172,162,"1,320",981,175,164,"1,320",983,175,162,"1,324",985,172,167,"1,323",984,172,167
56,4,Columbia,Dayton,"1,122",966,120,36,"1,132",952,141,39,"1,132",952,141,39,"1,131",950,141,40,"1,138",946,147,45,"1,143",946,147,50,"1,150",946,147,57,"1,171",949,147,75,"1,167",948,149,70,"1,172",947,149,76,"1,174",948,149,77,"1,181",963,149,69,"1,210",962,175,73,"1,215",965,175,75,"1,215",965,175,75,"1,218",965,175,78,"1,221",967,175,79,"1,233",973,175,85,"1,236",976,175,85,"1,241",979,175,87,"1,243",981,175,87,"1,200",933,165,102,"1,206",932,167,107,"1,206",931,169,106,"1,206",931,169,106,"1,205",931,169,105,"1,213",934,171,108,"1,214",931,171,112,"1,216",931,171,114,"1,216",930,171,115,"1,211",928,171,112,"1,227",941,172,114,"1,228",940,172,116,"1,228",938,172,118,"1,233",938,175,120,"1,235",939,175,121,"1,237",940,172,125,"1,235",939,172,124
57,4,Columbia,Starbuck,98,70,3,25,105,61,2,42,105,61,2,42,102,61,2,39,102,61,2,39,102,61,2,39,120,61,2,57,118,61,2,55,117,61,2,54,117,61,2,54,117,61,2,54,86,53,1,32,86,53,1,32,86,52,1,33,86,52,1,33,86,52,1,33,87,52,1,34,87,52,1,34,87,52,1,34,88,52,1,35,88,52,1,35,91,60,0,31,91,60,0,31,91,60,0,31,91,60,0,31,91,60,0,31,91,60,0,31,91,60,0,31,91,60,0,31,91,59,0,32,91,59,0,32,79,47,0,32,79,47,0,32,88,44,0,44,87,43,0,44,85,44,0,41,87,45,0,42,88,45,0,43
58,.,.,.,.,.,.,.,.,.,.,.,.,.,.,.,.,.,.,.,.,.,.,.,.,.,.,.,.,.,.,.,.,.,.,.,.,.,.,.,.,.,.,.,.,.,.,.,.,.,.,.,.,.,.,.,.,.,.,.,.,.,.,.,.,.,.,.,.,.,.,.,.,.,.,.,.,.,.,.,.,.,.,.,.,.,.,.,.,.,.,.,.,.,.,.,.,.,.,.,.,.,.,.,.,.,.,.,.,.,.,.,.,.,.,.,.,.,.,.,.,.,.,.,.,.,.,.,.,.,.,.,.,.,.,.,.,.,.,.,.,.,.,.,.,.,.,.,.,.,.,.,.,.,.,.
59,1,Cowlitz,Cowlitz County,"31,748","22,755","6,749","2,244","33,270","23,140","6,248","3,882","33,720","23,313","6,286","4,121","34,282","23,504","6,419","4,359","34,917","23,730","6,501","4,686","35,575","24,023","6,576","4,976","36,295","24,351","6,619","5,325","37,071","24,771","6,658","5,642","37,747","25,077","6,756","5,914","38,378","25,367","6,827","6,184","39,072","25,650","6,846","6,576","38,624","26,487","7,219","4,918","39,168","26,693","7,372","5,103","39,674","26,952","7,381","5,341","40,092","27,206","7,394","5,492","40,548","27,497","7,435","5,616","41,077","27,856","7,514","5,707","41,735","28,389","7,565","5,781","42,350","28,860","7,634","5,856","42,826","29,339","7,703","5,784","43,190","29,742","7,722","5,726","43,450","30,050","7,841","5,559","43,591","30,170","7,846","5,575","43,697","30,251","7,856","5,590","43,822","30,344","7,856","5,622","44,009","30,499","7,857","5,653","44,218","30,641","7,893","5,684","44,437","30,777","7,946","5,714","44,685","30,995","7,947","5,743","45,087","31,291","7,993","5,803","45,444","31,565","8,030","5,849","45,424","31,500","7,989","5,935","45,814","31,774","8,032","6,008","46,255","32,123","8,073","6,059","46,536","32,292","8,132","6,112","47,102","32,516","8,421","6,165","47,513","32,787","8,503","6,223","48,060","33,131","8,616","6,313"
60,2,Cowlitz,Unincorporated Cowlitz County,"11,622","9,059",920,"1,643","12,730","9,108",685,"2,937","13,088","9,221",685,"3,182","13,426","9,331",684,"3,411","13,759","9,438",683,"3,638","14,181","9,605",688,"3,888","14,640","9,796",689,"4,155","15,122","10,008",700,"4,414","15,628","10,231",736,"4,661","15,878","10,415",681,"4,782","16,358","10,668",680,"5,010","15,217","11,164",667,"3,386","15,519","11,292",670,"3,557","15,805","11,429",675,"3,701","16,116","11,604",681,"3,831","16,433","11,801",688,"3,944","16,795","12,087",690,"4,018","17,169","12,392",695,"4,082","17,586","12,740",705,"4,141","17,778","13,037",708,"4,033","18,050","13,302",673,"4,075","17,943","13,264",634,"4,045","17,991","13,295",637,"4,059","17,970","13,265",632,"4,073","18,045","13,327",632,"4,086","18,162","13,423",630,"4,109","18,264","13,509",632,"4,123","18,400","13,622",632,"4,146","18,576","13,775",632,"4,169","18,802","13,951",637,"4,214","19,043","14,155",641,"4,247","19,195","14,260",637,"4,298","19,519","14,503",645,"4,371","19,880","14,813",664,"4,403","20,019","14,909",674,"4,436","20,435","15,049",897,"4,489","20,737","15,252",931,"4,554","21,014","15,447",948,"4,619"
61,3,Cowlitz,Incorporated Cowlitz County,"20,126","13,696","5,829",601,"20,540","14,032","5,563",945,"20,632","14,092","5,601",939,"20,856","14,173","5,735",948,"21,158","14,292","5,818","1,048","21,394","14,418","5,888","1,088","21,655","14,555","5,930","1,170","21,949","14,763","5,958","1,228","22,119","14,846","6,020","1,253","22,500","14,952","6,146","1,402","22,714","14,982","6,166","1,566","23,407","15,323","6,552","1,532","23,649","15,401","6,702","1,546","23,869","15,523","6,706","1,640","23,976","15,602","6,713","1,661","24,115","15,696","6,747","1,672","24,282","15,769","6,824","1,689","24,566","15,997","6,870","1,699","24,764","16,120","6,929","1,715","25,048","16,302","6,995","1,751","25,140","16,440","7,049","1,651","25,507","16,786","7,207","1,514","25,600","16,875","7,209","1,516","25,727","16,986","7,224","1,517","25,777","17,017","7,224","1,536","25,847","17,076","7,227","1,544","25,954","17,132","7,261","1,561","26,037","17,155","7,314","1,568","26,109","17,220","7,315","1,574","26,285","17,340","7,356","1,589","26,401","17,410","7,389","1,602","26,229","17,240","7,352","1,637","26,295","17,271","7,387","1,637","26,375","17,310","7,409","1,656","26,517","17,383","7,458","1,676","26,667","17,467","7,524","1,676","26,776","17,535","7,572","1,669","27,046","17,684","7,668","1,694"
62,4,Cowlitz,Castle Rock,865,618,211,36,842,599,177,66,844,597,177,70,839,597,172,70,845,597,177,71,848,597,177,74,853,595,177,81,857,595,177,85,858,595,177,86,857,593,177,87,860,593,177,90,890,627,185,78,890,626,185,79,895,627,185,83,900,627,185,88,902,627,185,90,897,624,183,90,895,619,183,93,895,618,183,94,898,622,183,93,901,622,185,94,863,582,171,110,871,590,171,110,932,643,177,112,932,644,177,111,942,654,177,111,940,658,171,111,951,663,177,111,950,662,177,111,950,662,177,111,956,668,177,111,988,693,184,111,988,693,184,111,987,691,185,111,993,697,185,111,998,698,189,111,"1,001",699,190,112,"1,005",701,190,114
63,4,Cowlitz,Kalama,500,354,131,15,491,338,121,32,491,338,121,32,497,342,121,34,506,348,121,37,522,358,121,43,533,366,121,46,598,412,129,57,612,419,131,62,634,431,137,66,666,453,141,72,800,399,191,210,827,427,191,209,849,451,191,207,864,466,191,207,872,473,191,208,883,486,191,206,907,511,191,205,949,553,191,205,"1,133",600,193,340,"1,148",614,193,341,"1,070",673,211,186,"1,084",686,211,187,"1,089",689,211,189,"1,094",694,211,189,"1,111",708,211,192,"1,131",730,211,190,"1,147",743,211,193,"1,180",775,212,193,"1,235",827,212,196,"1,273",861,214,198,"1,272",861,215,196,"1,301",878,227,196,"1,323",894,229,200,"1,328",897,229,202,"1,376",945,229,202,"1,385",948,235,202,"1,388",951,235,202
64,4,Cowlitz,Kelso,"4,794","3,166","1,417",211,"4,838","3,263","1,223",352,"4,839","3,264","1,223",352,"4,878","3,266","1,244",368,"4,882","3,259","1,244",379,"4,874","3,259","1,244",371,"4,898","3,279","1,244",375,"4,907","3,296","1,241",370,"4,929","3,316","1,247",366,"4,974","3,351","1,247",376,"4,912","3,290","1,245",377,"5,067","3,321","1,411",335,"5,044","3,298","1,411",335,"5,047","3,303","1,405",339,"5,048","3,305","1,400",343,"5,037","3,306","1,404",327,"5,063","3,320","1,408",335,"5,065","3,330","1,401",334,"5,083","3,340","1,401",342,"5,098","3,363","1,390",345,"5,109","3,369","1,396",344,"5,139","3,414","1,416",309,"5,143","3,415","1,416",312,"5,147","3,418","1,416",313,"5,155","3,420","1,416",319,"5,159","3,421","1,417",321,"5,159","3,420","1,417",322,"5,163","3,419","1,419",325,"5,165","3,419","1,419",327,"5,180","3,422","1,421",337,"5,183","3,414","1,423",346,"5,217","3,384","1,429",404,"5,205","3,373","1,431",401,"5,221","3,379","1,437",405,"5,240","3,382","1,439",419,"5,246","3,392","1,442",412,"5,292","3,417","1,479",396,"5,324","3,436","1,487",401
65,4,Cowlitz,Longview,"13,118","8,985","3,825",308,"13,441","9,226","3,762",453,"13,501","9,276","3,768",457,"13,679","9,341","3,886",452,"13,921","9,453","3,944",524,"14,093","9,536","4,014",543,"14,233","9,615","4,022",596,"14,356","9,687","4,045",624,"14,367","9,696","4,043",628,"14,657","9,746","4,163",748,"14,839","9,800","4,172",867,"15,225","10,103","4,382",740,"15,426","10,150","4,532",744,"15,573","10,202","4,540",831,"15,630","10,242","4,552",836,"15,720","10,286","4,582",852,"15,761","10,313","4,596",852,"15,839","10,387","4,598",854,"15,877","10,417","4,606",854,"15,917","10,486","4,681",750,"15,951","10,576","4,727",648,"16,380","10,856","4,863",661,"16,426","10,906","4,865",655,"16,476","10,951","4,874",651,"16,497","10,958","4,874",665,"16,512","10,969","4,876",667,"16,546","10,982","4,879",685,"16,572","10,975","4,912",685,"16,587","10,986","4,912",689,"16,639","10,997","4,951",691,"16,683","11,012","4,978",693,"16,478","10,875","4,910",693,"16,521","10,895","4,930",696,"16,557","10,907","4,943",707,"16,670","10,969","4,990",711,"16,756","11,000","5,039",717,"16,802","11,034","5,043",725,"16,992","11,118","5,131",743
66,4,Cowlitz,Woodland (part),849,573,245,31,928,606,280,42,957,617,312,28,963,627,312,24,"1,004",635,332,37,"1,057",668,332,57,"1,138",700,366,72,"1,231",773,366,92,"1,353",820,422,111,"1,378",831,422,125,"1,437",846,431,160,"1,425",873,383,169,"1,462",900,383,179,"1,505",940,385,180,"1,534",962,385,187,"1,584","1,004",385,195,"1,678","1,026",446,206,"1,860","1,150",497,213,"1,960","1,192",548,220,"2,002","1,231",548,223,"2,031","1,259",548,224,"2,055","1,261",546,248,"2,076","1,278",546,252,"2,083","1,285",546,252,"2,099","1,301",546,252,"2,123","1,324",546,253,"2,178","1,342",583,253,"2,204","1,355",595,254,"2,227","1,378",595,254,"2,281","1,432",595,254,"2,306","1,455",597,254,"2,274","1,427",614,233,"2,280","1,432",615,233,"2,287","1,439",615,233,"2,286","1,438",615,233,"2,291","1,432",625,234,"2,296","1,437",625,234,"2,337","1,478",625,234
67,.,.,.,.,.,.,.,.,.,.,.,.,.,.,.,.,.,.,.,.,.,.,.,.,.,.,.,.,.,.,.,.,.,.,.,.,.,.,.,.,.,.,.,.,.,.,.,.,.,.,.,.,.,.,.,.,.,.,.,.,.,.,.,.,.,.,.,.,.,.,.,.,.,.,.,.,.,.,.,.,.,.,.,.,.,.,.,.,.,.,.,.,.,.,.,.,.,.,.,.,.,.,.,.,.,.,.,.,.,.,.,.,.,.,.,.,.,.,.,.,.,.,.,.,.,.,.,.,.,.,.,.,.,.,.,.,.,.,.,.,.,.,.,.,.,.,.,.,.,.,.,.,.,.,.
68,1,Douglas,Douglas County,"9,139","6,233","1,568","1,338","10,640","6,955","1,476","2,209","10,831","7,057","1,485","2,289","11,159","7,180","1,568","2,411","11,435","7,289","1,599","2,547","11,673","7,413","1,600","2,660","11,926","7,516","1,648","2,762","12,195","7,624","1,755","2,816","12,429","7,718","1,784","2,927","12,796","7,833","1,915","3,048","13,042","7,960","1,919","3,163","12,944","8,364","1,816","2,764","13,075","8,425","1,825","2,825","13,277","8,580","1,851","2,846","13,493","8,692","1,878","2,923","13,727","8,872","1,896","2,959","13,992","9,102","1,914","2,976","14,338","9,425","1,925","2,988","14,700","9,709","1,958","3,033","15,191","10,005","2,121","3,065","15,544","10,178","2,241","3,125","16,004","10,473","2,313","3,218","16,102","10,560","2,318","3,224","16,214","10,644","2,331","3,239","16,299","10,717","2,331","3,251","16,417","10,839","2,330","3,248","16,591","10,987","2,342","3,262","16,772","11,110","2,385","3,277","16,976","11,256","2,434","3,286","17,193","11,442","2,456","3,295","17,408","11,632","2,461","3,315","17,318","11,513","2,532","3,273","17,591","11,723","2,601","3,267","17,966","12,012","2,669","3,285","18,183","12,192","2,703","3,288","18,465","12,393","2,770","3,302","18,751","12,561","2,876","3,314","18,992","12,744","2,930","3,318"
69,2,Douglas,Unincorporated Douglas County,"6,924","4,877","1,054",993,"7,932","5,461",768,"1,703","7,651","5,209",673,"1,769","7,921","5,320",752,"1,849","8,143","5,413",783,"1,947","8,339","5,524",784,"2,031","8,133","5,368",741,"2,024","8,344","5,474",754,"2,116","8,489","5,544",739,"2,206","8,798","5,641",843,"2,314","9,002","5,744",843,"2,415","8,769","5,944",816,"2,009","8,878","6,000",819,"2,059","8,013","5,679",326,"2,008","8,199","5,763",351,"2,085","8,394","5,915",363,"2,116","8,623","6,107",377,"2,139","7,721","5,304",252,"2,165","8,027","5,560",275,"2,192","8,378","5,753",400,"2,225","8,641","5,880",505,"2,256","8,962","6,116",518,"2,328","9,045","6,190",518,"2,337","9,130","6,263",518,"2,349","9,203","6,328",518,"2,357","9,302","6,431",517,"2,354","9,432","6,556",523,"2,353","9,546","6,655",524,"2,367","9,682","6,774",524,"2,384","9,855","6,936",524,"2,395","10,030","7,097",524,"2,409","9,949","6,961",606,"2,382","10,211","7,159",666,"2,386","10,505","7,377",734,"2,394","10,651","7,497",755,"2,399","10,867","7,659",799,"2,409","11,086","7,819",847,"2,420","11,313","7,992",892,"2,429"
70,3,Douglas,Incorporated Douglas County,"2,215","1,356",514,345,"2,708","1,494",708,506,"3,180","1,848",812,520,"3,238","1,860",816,562,"3,292","1,876",816,600,"3,334","1,889",816,629,"3,793","2,148",907,738,"3,851","2,150","1,001",700,"3,940","2,174","1,045",721,"3,998","2,192","1,072",734,"4,040","2,216","1,076",748,"4,175","2,420","1,000",755,"4,197","2,425","1,006",766,"5,264","2,901","1,525",838,"5,294","2,929","1,527",838,"5,333","2,957","1,533",843,"5,369","2,995","1,537",837,"6,617","4,121","1,673",823,"6,673","4,149","1,683",841,"6,813","4,252","1,721",840,"6,903","4,298","1,736",869,"7,042","4,357","1,795",890,"7,057","4,370","1,800",887,"7,084","4,381","1,813",890,"7,096","4,389","1,813",894,"7,115","4,408","1,813",894,"7,159","4,431","1,819",909,"7,226","4,455","1,861",910,"7,294","4,482","1,910",902,"7,338","4,506","1,932",900,"7,378","4,535","1,937",906,"7,369","4,552","1,926",891,"7,380","4,564","1,935",881,"7,461","4,635","1,935",891,"7,532","4,695","1,948",889,"7,598","4,734","1,971",893,"7,665","4,742","2,029",894,"7,679","4,752","2,038",889
71,4,Douglas,Bridgeport,572,360,96,116,611,327,102,182,616,326,102,188,649,323,102,224,677,322,102,253,694,322,102,270,702,323,102,277,698,314,127,257,702,317,124,261,710,319,121,270,722,320,121,281,762,362,127,273,769,362,127,280,769,362,127,280,768,362,127,279,766,362,127,277,770,362,127,281,768,362,127,279,771,362,127,282,766,360,126,280,781,361,126,294,745,305,108,332,743,304,109,330,748,304,112,332,751,304,112,335,759,312,112,335,763,312,118,333,769,313,121,335,768,316,126,326,767,316,126,325,772,318,128,326,709,281,112,316,697,280,112,305,710,280,112,318,715,285,112,318,729,294,114,321,733,297,115,321,735,297,117,321
72,4,Douglas,Coulee Dam (part),98,95,3,0,97,92,5,0,93,93,0,0,93,93,0,0,93,93,0,0,93,93,0,0,93,93,0,0,93,93,0,0,93,93,0,0,93,93,0,0,93,93,0,0,59,59,0,0,59,59,0,0,93,93,0,0,93,93,0,0,93,93,0,0,93,93,0,0,93,93,0,0,93,93,0,0,93,93,0,0,93,93,0,0,94,94,0,0,94,94,0,0,94,94,0,0,94,94,0,0,94,94,0,0,94,94,0,0,94,94,0,0,94,94,0,0,94,94,0,0,94,94,0,0,96,96,0,0,96,96,0,0,96,96,0,0,96,96,0,0,96,96,0,0,96,96,0,0,96,96,0,0
73,4,Douglas,East Wenatchee,803,301,350,152,"1,217",495,540,182,"1,678",848,649,181,"1,694",863,653,178,"1,709",878,653,178,"1,723",890,653,180,"2,132","1,147",741,244,"2,190","1,158",810,222,"2,278","1,187",847,244,"2,327","1,203",877,247,"2,346","1,226",881,239,"2,429","1,382",820,227,"2,439","1,392",820,227,"3,472","1,833","1,339",300,"3,501","1,860","1,341",300,"3,540","1,888","1,350",302,"3,567","1,926","1,354",287,"4,824","3,051","1,490",283,"4,866","3,079","1,500",287,"5,010","3,183","1,539",288,"5,084","3,227","1,554",303,"5,275","3,335","1,634",306,"5,289","3,347","1,638",304,"5,309","3,356","1,648",305,"5,316","3,363","1,648",305,"5,323","3,370","1,648",305,"5,330","3,377","1,648",305,"5,376","3,384","1,687",305,"5,423","3,387","1,731",305,"5,453","3,394","1,753",306,"5,462","3,396","1,756",310,"5,479","3,403","1,768",308,"5,492","3,406","1,777",309,"5,493","3,408","1,777",308,"5,509","3,413","1,787",309,"5,527","3,413","1,804",310,"5,582","3,413","1,859",310,"5,583","3,414","1,864",305
74,4,Douglas,Mansfield,149,149,0,0,170,126,20,24,172,126,20,26,172,126,20,26,171,126,20,25,172,126,20,26,173,126,20,27,174,126,20,28,175,126,20,29,176,126,20,30,177,126,20,31,168,120,18,30,170,115,24,31,169,114,24,31,169,114,24,31,169,114,24,31,169,114,24,31,169,114,24,31,169,114,24,31,171,114,24,33,170,113,24,33,169,112,23,34,169,112,23,34,171,114,23,34,172,114,23,35,172,114,23,35,172,114,23,35,173,114,23,36,173,114,23,36,172,114,23,35,172,114,23,35,166,110,22,34,167,111,22,34,167,111,22,34,166,110,22,34,169,113,22,34,169,113,22,34,171,115,22,34
75,4,Douglas,Rock Island,161,118,0,43,188,124,0,64,191,125,0,66,196,125,0,71,200,125,0,75,201,124,0,77,221,124,0,97,224,125,0,99,235,125,0,110,233,125,0,108,244,125,0,119,276,126,4,146,276,126,4,146,276,126,4,146,276,126,4,146,280,126,4,150,284,126,4,154,274,126,4,144,281,126,4,151,282,126,4,152,284,128,4,152,277,149,4,124,277,149,4,124,277,149,4,124,278,150,4,124,278,150,4,124,309,163,4,142,321,177,4,140,339,195,4,140,355,212,4,139,379,236,4,139,439,298,4,137,445,304,4,137,510,370,4,136,561,420,6,135,591,446,10,135,596,451,10,135,601,456,10,135
76,4,Douglas,Waterville,432,333,65,34,425,330,41,54,430,330,41,59,434,330,41,63,442,332,41,69,451,334,41,76,472,335,44,93,472,334,44,94,457,326,54,77,459,326,54,79,458,326,54,78,481,371,31,79,484,371,31,82,485,373,31,81,487,374,31,82,485,374,28,83,486,374,28,84,489,375,28,86,493,375,28,90,491,376,28,87,491,376,28,87,482,362,26,94,485,364,26,95,485,364,26,95,485,364,26,95,489,368,26,95,491,371,26,94,493,373,26,94,497,376,26,95,497,376,26,95,499,377,26,96,480,364,20,96,483,367,20,96,485,370,20,95,485,371,21,93,486,372,21,93,489,372,23,94,493,374,25,94
77,.,.,.,.,.,.,.,.,.,.,.,.,.,.,.,.,.,.,.,.,.,.,.,.,.,.,.,.,.,.,.,.,.,.,.,.,.,.,.,.,.,.,.,.,.,.,.,.,.,.,.,.,.,.,.,.,.,.,.,.,.,.,.,.,.,.,.,.,.,.,.,.,.,.,.,.,.,.,.,.,.,.,.,.,.,.,.,.,.,.,.,.,.,.,.,.,.,.,.,.,.,.,.,.,.,.,.,.,.,.,.,.,.,.,.,.,.,.,.,.,.,.,.,.,.,.,.,.,.,.,.,.,.,.,.,.,.,.,.,.,.,.,.,.,.,.,.,.,.,.,.,.,.,.,.
78,1,Ferry,Ferry County,"2,394","1,633",171,590,"3,239","2,138",135,966,"3,293","2,153",134,"1,006","3,360","2,182",134,"1,044","3,428","2,214",133,"1,081","3,492","2,239",133,"1,120","3,610","2,290",143,"1,177","3,710","2,337",158,"1,215","3,789","2,367",162,"1,260","3,847","2,389",162,"1,296","3,887","2,410",163,"1,314","3,775","2,620",162,993,"3,835","2,640",178,"1,017","3,880","2,667",178,"1,035","3,914","2,687",178,"1,049","3,925","2,703",178,"1,044","3,969","2,730",178,"1,061","4,021","2,757",178,"1,086","4,071","2,780",177,"1,114","4,121","2,807",177,"1,137","4,168","2,830",177,"1,161","4,403","3,002",180,"1,221","4,418","3,017",171,"1,230","4,438","3,025",171,"1,242","4,459","3,036",171,"1,252","4,473","3,053",168,"1,252","4,494","3,063",171,"1,260","4,520","3,079",171,"1,270","4,548","3,097",171,"1,280","4,566","3,107",171,"1,288","4,602","3,132",171,"1,299","4,059","2,753",158,"1,148","4,104","2,793",158,"1,153","4,131","2,817",158,"1,156","4,150","2,831",158,"1,161","4,173","2,845",158,"1,170","4,188","2,851",158,"1,179","4,209","2,866",158,"1,185"
79,2,Ferry,Unincorporated Ferry County,"1,960","1,355",99,506,"2,779","1,863",52,864,"2,854","1,894",59,901,"2,912","1,922",59,931,"2,974","1,954",58,962,"3,031","1,978",58,995,"3,132","2,027",58,"1,047","3,220","2,066",58,"1,096","3,296","2,096",62,"1,138","3,346","2,118",62,"1,166","3,391","2,139",59,"1,193","3,275","2,346",59,870,"3,317","2,366",59,892,"3,362","2,393",59,910,"3,393","2,413",59,921,"3,408","2,429",59,920,"3,449","2,455",59,935,"3,497","2,482",59,956,"3,540","2,505",58,977,"3,581","2,532",58,991,"3,623","2,555",58,"1,010","3,867","2,727",61,"1,079","3,879","2,742",52,"1,085","3,899","2,750",52,"1,097","3,920","2,761",52,"1,107","3,933","2,777",49,"1,107","3,954","2,787",52,"1,115","3,979","2,803",52,"1,124","4,003","2,821",52,"1,130","4,021","2,831",52,"1,138","4,057","2,856",52,"1,149","3,528","2,488",44,996,"3,570","2,525",44,"1,001","3,596","2,548",44,"1,004","3,615","2,562",44,"1,009","3,635","2,573",44,"1,018","3,649","2,578",44,"1,027","3,666","2,592",44,"1,030"
80,3,Ferry,Incorporated Ferry County,434,278,72,84,460,275,83,102,439,259,75,105,448,260,75,113,454,260,75,119,461,261,75,125,478,263,85,130,490,271,100,119,493,271,100,122,501,271,100,130,496,271,104,121,500,274,103,123,518,274,119,125,518,274,119,125,521,274,119,128,517,274,119,124,520,275,119,126,524,275,119,130,531,275,119,137,540,275,119,146,545,275,119,151,536,275,119,142,539,275,119,145,539,275,119,145,539,275,119,145,540,276,119,145,540,276,119,145,541,276,119,146,545,276,119,150,545,276,119,150,545,276,119,150,531,265,114,152,534,268,114,152,535,269,114,152,535,269,114,152,538,272,114,152,539,273,114,152,543,274,114,155
81,4,Ferry,Republic,434,278,72,84,460,275,83,102,439,259,75,105,448,260,75,113,454,260,75,119,461,261,75,125,478,263,85,130,490,271,100,119,493,271,100,122,501,271,100,130,496,271,104,121,500,274,103,123,518,274,119,125,518,274,119,125,521,274,119,128,517,274,119,124,520,275,119,126,524,275,119,130,531,275,119,137,540,275,119,146,545,275,119,151,536,275,119,142,539,275,119,145,539,275,119,145,539,275,119,145,540,276,119,145,540,276,119,145,541,276,119,146,545,276,119,150,545,276,119,150,545,276,119,150,531,265,114,152,534,268,114,152,535,269,114,152,535,269,114,152,538,272,114,152,539,273,114,152,543,274,114,155
82,.,.,.,.,.,.,.,.,.,.,.,.,.,.,.,.,.,.,.,.,.,.,.,.,.,.,.,.,.,.,.,.,.,.,.,.,.,.,.,.,.,.,.,.,.,.,.,.,.,.,.,.,.,.,.,.,.,.,.,.,.,.,.,.,.,.,.,.,.,.,.,.,.,.,.,.,.,.,.,.,.,.,.,.,.,.,.,.,.,.,.,.,.,.,.,.,.,.,.,.,.,.,.,.,.,.,.,.,.,.,.,.,.,.,.,.,.,.,.,.,.,.,.,.,.,.,.,.,.,.,.,.,.,.,.,.,.,.,.,.,.,.,.,.,.,.,.,.,.,.,.,.,.,.,.
83,1,Franklin,Franklin County,"13,316","7,825","3,419","2,072","13,664","7,782","3,289","2,593","13,937","7,855","3,309","2,773","13,985","7,927","3,310","2,748","14,242","8,053","3,322","2,867","14,578","8,152","3,328","3,098","14,919","8,331","3,339","3,249","15,209","8,522","3,340","3,347","15,656","8,774","3,396","3,486","16,003","9,022","3,396","3,585","16,402","9,304","3,394","3,704","16,084","9,563","3,514","3,007","16,472","9,887","3,514","3,071","17,085","10,439","3,514","3,132","17,762","11,038","3,516","3,208","18,731","11,955","3,519","3,257","20,297","13,032","3,971","3,294","21,441","14,126","3,971","3,344","22,256","14,893","3,971","3,392","22,902","15,475","4,020","3,407","23,544","16,072","4,024","3,448","24,423","16,952","4,157","3,314","25,070","17,583","4,216","3,271","25,633","18,093","4,244","3,296","26,206","18,447","4,457","3,302","26,608","18,706","4,585","3,317","26,930","18,980","4,641","3,309","27,365","19,290","4,754","3,321","27,862","19,729","4,788","3,345","28,476","20,325","4,812","3,339","29,110","20,911","4,847","3,352","29,740","21,614","4,857","3,269","30,441","22,203","4,961","3,277","31,036","22,580","5,154","3,302","31,439","22,849","5,243","3,347","31,954","23,137","5,442","3,375","32,433","23,546","5,499","3,388","33,514","23,817","6,302","3,395"
84,2,Franklin,Unincorporated Franklin County,"4,705","3,420",279,"1,006","5,104","3,682",202,"1,220","5,228","3,740",202,"1,286","5,347","3,791",201,"1,355","5,507","3,866",203,"1,438","5,568","3,842",200,"1,526","5,692","3,886",192,"1,614","5,790","3,918",191,"1,681","5,124","3,223",121,"1,780","5,090","3,111",119,"1,860","5,235","3,156",115,"1,964","4,628","3,188",132,"1,308","4,709","3,218",132,"1,359","4,539","3,021",132,"1,386","4,317","2,762",125,"1,430","4,417","2,823",124,"1,470","4,426","2,807",124,"1,495","4,513","2,861",124,"1,528","4,557","2,908",124,"1,525","4,625","2,962",124,"1,539","4,678","3,021",124,"1,533","4,477","2,913",117,"1,447","4,548","2,992",117,"1,439","4,611","3,052",117,"1,442","4,129","2,579",116,"1,434","4,181","2,618",115,"1,448","4,225","2,670",117,"1,438","3,876","2,337",117,"1,422","3,976","2,424",117,"1,435","4,096","2,550",117,"1,429","4,216","2,670",117,"1,429","4,196","2,692",113,"1,391","4,299","2,780",124,"1,395","4,338","2,798",130,"1,410","4,321","2,772",130,"1,419","4,384","2,823",131,"1,430","4,479","2,885",148,"1,446","4,550","2,917",169,"1,464"
85,3,Franklin,Incorporated Franklin County,"8,611","4,405","3,140","1,066","8,560","4,100","3,087","1,373","8,709","4,115","3,107","1,487","8,638","4,136","3,109","1,393","8,735","4,187","3,119","1,429","9,010","4,310","3,128","1,572","9,227","4,445","3,147","1,635","9,419","4,604","3,149","1,666","10,532","5,551","3,275","1,706","10,913","5,911","3,277","1,725","11,167","6,148","3,279","1,740","11,456","6,375","3,382","1,699","11,763","6,669","3,382","1,712","12,546","7,418","3,382","1,746","13,445","8,276","3,391","1,778","14,314","9,132","3,395","1,787","15,871","10,225","3,847","1,799","16,928","11,265","3,847","1,816","17,699","11,985","3,847","1,867","18,277","12,513","3,896","1,868","18,866","13,051","3,900","1,915","19,946","14,039","4,040","1,867","20,522","14,591","4,099","1,832","21,022","15,041","4,127","1,854","22,077","15,868","4,341","1,868","22,427","16,088","4,470","1,869","22,705","16,310","4,524","1,871","23,489","16,953","4,637","1,899","23,886","17,305","4,671","1,910","24,380","17,775","4,695","1,910","24,894","18,241","4,730","1,923","25,544","18,922","4,744","1,878","26,142","19,423","4,837","1,882","26,698","19,782","5,024","1,892","27,118","20,077","5,113","1,928","27,570","20,314","5,311","1,945","27,954","20,661","5,351","1,942","28,964","20,900","6,133","1,931"
86,4,Franklin,Connell,687,419,162,106,675,405,155,115,688,405,175,108,681,407,177,97,695,408,179,108,763,408,183,172,772,410,185,177,780,403,181,196,829,401,232,196,840,401,232,207,846,401,232,213,891,456,225,210,894,456,225,213,924,456,225,243,936,458,225,253,937,459,225,253,938,459,225,254,938,459,225,254,941,459,225,257,950,462,229,259,972,477,233,262,922,468,212,242,931,476,212,243,938,483,212,243,953,495,215,243,955,500,216,239,966,509,216,241,969,512,216,241,977,519,216,242,987,530,216,241,"1,003",543,216,244,"1,021",557,217,247,"1,031",567,217,247,"1,038",573,219,246,"1,047",576,219,252,"1,062",582,225,255,"1,079",589,233,257,"1,084",593,237,254
87,4,Franklin,Kahlotus,104,53,18,33,90,44,6,40,94,44,6,44,101,44,6,51,92,44,6,42,109,44,6,59,110,43,6,61,109,43,6,60,109,43,6,60,106,42,6,58,102,42,6,54,113,40,7,66,114,40,7,67,114,40,7,67,114,40,7,67,115,40,7,68,117,40,7,70,117,40,7,70,118,40,7,71,116,40,7,69,118,39,7,72,114,22,4,88,113,22,4,87,114,22,4,88,110,22,4,84,109,22,4,83,109,22,4,83,109,22,4,83,97,22,4,71,97,22,4,71,97,22,4,71,70,37,2,31,67,37,2,28,67,37,2,28,67,37,2,28,69,38,2,29,69,38,2,29,69,38,2,29
88,4,Franklin,Mesa,118,69,12,37,97,55,6,36,96,56,6,34,104,56,6,42,102,56,6,40,103,56,6,41,106,56,6,44,111,54,6,51,117,54,6,57,118,54,6,58,118,52,6,60,111,60,5,46,116,60,5,51,117,60,5,52,118,60,5,53,117,60,5,52,117,59,5,53,117,59,5,53,117,59,5,53,117,59,5,53,119,59,5,55,128,55,0,73,128,55,0,73,130,56,0,74,130,56,0,74,130,56,0,74,129,55,0,74,129,55,0,74,129,55,0,74,129,55,0,74,129,55,0,74,119,44,0,75,120,45,0,75,121,46,0,75,121,46,0,75,124,47,0,77,126,49,0,77,127,49,0,78
89,4,Franklin,Pasco,"7,702","3,864","2,948",890,"7,698","3,596","2,920","1,182","7,831","3,610","2,920","1,301","7,752","3,629","2,920","1,203","7,846","3,679","2,928","1,239","8,035","3,802","2,933","1,300","8,239","3,936","2,950","1,353","8,419","4,104","2,956","1,359","9,477","5,053","3,031","1,393","9,849","5,414","3,033","1,402","10,101","5,653","3,035","1,413","10,341","5,819","3,145","1,377","10,639","6,113","3,145","1,381","11,391","6,862","3,145","1,384","12,277","7,718","3,154","1,405","13,145","8,573","3,158","1,414","14,699","9,667","3,610","1,422","15,756","10,707","3,610","1,439","16,523","11,427","3,610","1,486","17,094","11,952","3,655","1,487","17,657","12,476","3,655","1,526","18,782","13,494","3,824","1,464","19,350","14,038","3,883","1,429","19,840","14,480","3,911","1,449","20,884","15,295","4,122","1,467","21,233","15,510","4,250","1,473","21,501","15,724","4,304","1,473","22,282","16,364","4,417","1,501","22,683","16,709","4,451","1,523","23,167","17,168","4,475","1,524","23,665","17,621","4,510","1,534","24,334","18,284","4,525","1,525","24,924","18,774","4,618","1,532","25,472","19,126","4,803","1,543","25,883","19,418","4,892","1,573","26,315","19,647","5,084","1,584","26,680","19,985","5,116","1,579","27,684","20,220","5,894","1,570"
90,.,.,.,.,.,.,.,.,.,.,.,.,.,.,.,.,.,.,.,.,.,.,.,.,.,.,.,.,.,.,.,.,.,.,.,.,.,.,.,.,.,.,.,.,.,.,.,.,.,.,.,.,.,.,.,.,.,.,.,.,.,.,.,.,.,.,.,.,.,.,.,.,.,.,.,.,.,.,.,.,.,.,.,.,.,.,.,.,.,.,.,.,.,.,.,.,.,.,.,.,.,.,.,.,.,.,.,.,.,.,.,.,.,.,.,.,.,.,.,.,.,.,.,.,.,.,.,.,.,.,.,.,.,.,.,.,.,.,.,.,.,.,.,.,.,.,.,.,.,.,.,.,.,.,.
91,1,Garfield,Garfield County,"1,142",880,111,151,"1,209",894,47,268,"1,212",900,56,256,"1,219",903,56,260,"1,217",903,56,258,"1,239",905,60,274,"1,246",907,60,279,"1,258",910,60,288,"1,263",913,60,290,"1,266",913,60,293,"1,271",913,60,298,"1,288",970,65,253,"1,292",970,65,257,"1,296",971,65,260,"1,296",971,65,260,"1,297",972,65,260,"1,303",975,65,263,"1,308",980,65,263,"1,311",983,65,263,"1,318",987,65,266,"1,326",994,65,267,"1,233",911,60,262,"1,235",915,60,260,"1,235",916,60,259,"1,238",919,60,259,"1,234",919,58,257,"1,242",923,60,259,"1,241",921,60,260,"1,240",920,60,260,"1,241",920,60,261,"1,245",923,60,262,"1,194",871,59,264,"1,199",873,59,267,"1,206",874,59,273,"1,209",873,60,276,"1,225",874,60,291,"1,231",877,61,293,"1,231",877,61,293
92,2,Garfield,Unincorporated Garfield County,363,290,21,52,513,349,0,164,515,351,0,164,516,351,0,165,515,351,0,164,518,353,0,165,524,354,0,170,531,357,0,174,537,361,0,176,537,361,0,176,542,361,0,181,548,415,4,129,550,415,4,131,554,416,4,134,556,415,4,137,557,416,4,137,561,418,4,139,566,423,4,139,568,425,4,139,575,429,4,142,583,436,4,143,510,378,3,129,514,382,3,129,515,383,3,129,518,386,3,129,515,387,1,127,523,391,3,129,522,390,3,129,522,390,3,129,523,390,3,130,526,391,3,132,481,345,2,134,484,347,2,135,489,348,2,139,491,348,3,140,492,349,3,140,495,352,3,140,495,352,3,140
93,3,Garfield,Incorporated Garfield County,779,590,90,99,696,545,47,104,697,549,56,92,703,552,56,95,702,552,56,94,721,552,60,109,722,553,60,109,727,553,60,114,726,552,60,114,729,552,60,117,729,552,60,117,740,555,61,124,742,555,61,126,742,555,61,126,740,556,61,123,740,556,61,123,742,557,61,124,742,557,61,124,743,558,61,124,743,558,61,124,743,558,61,124,723,533,57,133,721,533,57,131,720,533,57,130,720,533,57,130,719,532,57,130,719,532,57,130,719,531,57,131,718,530,57,131,718,530,57,131,719,532,57,130,713,526,57,130,715,526,57,132,717,526,57,134,718,525,57,136,733,525,57,151,736,525,58,153,736,525,58,153
94,4,Garfield,Pomeroy,779,590,90,99,696,545,47,104,697,549,56,92,703,552,56,95,702,552,56,94,721,552,60,109,722,553,60,109,727,553,60,114,726,552,60,114,729,552,60,117,729,552,60,117,740,555,61,124,742,555,61,126,742,555,61,126,740,556,61,123,740,556,61,123,742,557,61,124,742,557,61,124,743,558,61,124,743,558,61,124,743,558,61,124,723,533,57,133,721,533,57,131,720,533,57,130,720,533,57,130,719,532,57,130,719,532,57,130,719,531,57,131,718,530,57,131,718,530,57,131,719,532,57,130,713,526,57,130,715,526,57,132,717,526,57,134,718,525,57,136,733,525,57,151,736,525,58,153,736,525,58,153
95,.,.,.,.,.,.,.,.,.,.,.,.,.,.,.,.,.,.,.,.,.,.,.,.,.,.,.,.,.,.,.,.,.,.,.,.,.,.,.,.,.,.,.,.,.,.,.,.,.,.,.,.,.,.,.,.,.,.,.,.,.,.,.,.,.,.,.,.,.,.,.,.,.,.,.,.,.,.,.,.,.,.,.,.,.,.,.,.,.,.,.,.,.,.,.,.,.,.,.,.,.,.,.,.,.,.,.,.,.,.,.,.,.,.,.,.,.,.,.,.,.,.,.,.,.,.,.,.,.,.,.,.,.,.,.,.,.,.,.,.,.,.,.,.,.,.,.,.,.,.,.,.,.,.,.
96,1,Grant,Grant County,"20,271","13,463","3,502","3,306","22,807","13,690","2,661","6,456","23,107","13,809","2,654","6,644","23,848","13,921","2,662","7,265","24,593","14,094","2,723","7,776","25,483","14,330","2,802","8,351","26,545","14,598","2,915","9,032","27,532","14,844","3,028","9,660","28,247","15,068","3,056","10,123","29,120","15,311","3,155","10,654","29,920","15,517","3,306","11,097","29,081","16,507","3,640","8,934","29,575","16,649","3,687","9,239","29,965","16,849","3,695","9,421","30,356","17,012","3,768","9,576","30,947","17,249","3,912","9,786","31,442","17,446","4,024","9,972","32,111","17,874","4,107","10,130","32,987","18,496","4,170","10,321","33,928","19,122","4,353","10,453","34,625","19,480","4,544","10,601","35,083","19,724","4,765","10,594","35,408","19,874","4,842","10,692","35,736","20,034","4,932","10,770","36,029","20,216","4,969","10,844","36,342","20,434","5,014","10,894","36,777","20,661","5,092","11,024","37,128","20,865","5,126","11,137","37,487","21,081","5,223","11,183","38,335","21,402","5,666","11,267","39,088","21,814","5,900","11,374","38,635","21,642","5,871","11,122","39,462","22,196","6,022","11,244","39,957","22,504","6,101","11,352","40,592","23,038","6,155","11,399","41,435","23,553","6,407","11,475","42,042","24,032","6,449","11,561","42,694","24,392","6,657","11,645"
97,2,Grant,Unincorporated Grant County,"8,983","5,433","1,272","2,278","10,888","5,778",445,"4,665","11,205","5,853",444,"4,908","11,644","5,909",441,"5,294","12,229","6,016",458,"5,755","12,778","6,121",506,"6,151","13,438","6,252",527,"6,659","13,854","6,268",512,"7,074","14,387","6,388",512,"7,487","14,879","6,520",516,"7,843","15,378","6,638",532,"8,208","13,930","7,048",862,"6,020","14,140","7,099",855,"6,186","14,302","7,110",854,"6,338","14,576","7,222",868,"6,486","14,917","7,343",908,"6,666","15,247","7,482",936,"6,829","15,688","7,768",959,"6,961","16,183","8,077",988,"7,118","16,547","8,329",995,"7,223","16,815","8,481","1,005","7,329","16,687","8,396",993,"7,298","16,743","8,399",991,"7,353","16,857","8,465",986,"7,406","16,985","8,519",987,"7,479","17,084","8,618",932,"7,534","17,250","8,705",940,"7,605","17,421","8,807",946,"7,668","17,586","8,910",947,"7,729","17,796","9,046",947,"7,803","18,043","9,207",945,"7,891","17,687","9,052",947,"7,688","18,049","9,330",921,"7,798","18,152","9,386",931,"7,835","18,529","9,683",948,"7,898","18,733","9,789",982,"7,962","18,904","9,879",991,"8,034","19,075","9,951","1,011","8,113"
98,3,Grant,Incorporated Grant County,"11,288","8,030","2,230","1,028","11,919","7,912","2,216","1,791","11,902","7,956","2,210","1,736","12,204","8,012","2,221","1,971","12,364","8,078","2,265","2,021","12,705","8,209","2,296","2,200","13,107","8,346","2,388","2,373","13,678","8,576","2,516","2,586","13,860","8,680","2,544","2,636","14,241","8,791","2,639","2,811","14,542","8,879","2,774","2,889","15,151","9,459","2,778","2,914","15,435","9,550","2,832","3,053","15,663","9,739","2,841","3,083","15,780","9,790","2,900","3,090","16,030","9,906","3,004","3,120","16,195","9,964","3,088","3,143","16,423","10,106","3,148","3,169","16,804","10,419","3,182","3,203","17,381","10,793","3,358","3,230","17,810","10,999","3,539","3,272","18,396","11,328","3,772","3,296","18,665","11,475","3,851","3,339","18,879","11,569","3,946","3,364","19,044","11,697","3,982","3,365","19,258","11,816","4,082","3,360","19,527","11,956","4,152","3,419","19,707","12,058","4,180","3,469","19,901","12,171","4,276","3,454","20,539","12,356","4,719","3,464","21,045","12,607","4,955","3,483","20,948","12,590","4,924","3,434","21,413","12,866","5,101","3,446","21,805","13,118","5,170","3,517","22,063","13,355","5,207","3,501","22,702","13,764","5,425","3,513","23,138","14,153","5,458","3,527","23,619","14,441","5,646","3,532"
99,4,Grant,Coulee City,282,244,9,29,311,218,38,55,316,229,32,55,319,226,32,61,316,227,32,57,326,228,32,66,332,229,32,71,335,230,32,73,332,230,32,70,331,230,32,69,328,218,42,68,351,218,45,88,364,218,45,101,365,219,45,101,362,218,45,99,359,218,45,96,353,216,45,92,353,215,45,93,353,214,45,94,353,214,45,94,354,213,45,96,331,211,45,75,332,211,45,76,330,211,45,74,330,211,45,74,330,211,45,74,330,211,45,74,329,211,45,73,329,211,45,73,330,211,45,74,332,211,45,76,323,202,45,76,329,206,45,78,331,207,46,78,331,207,46,78,332,207,47,78,334,208,47,79,335,209,47,79
100,4,Grant,Coulee Dam (part),1,1,0,0,1,0,1,0,1,1,0,0,1,1,0,0,1,1,0,0,1,1,0,0,1,1,0,0,1,1,0,0,1,1,0,0,1,1,0,0,1,1,0,0,1,0,1,0,1,0,1,0,0,0,0,0,0,0,0,0,0,0,0,0,0,0,0,0,0,0,0,0,0,0,0,0,0,0,0,0,0,0,0,0,0,0,0,0,0,0,0,0,0,0,0,0,0,0,0,0,0,0,0,0,0,0,0,0,0,0,0,0,0,0,0,0,0,0,0,0,0,0,0,0,0,0,0,0,0,0,0,0,0,0,0,0,0,0,0,0,0,0,0,0,0,0,0,0,0,0,0,0
101,4,Grant,Electric City,391,305,29,57,410,319,25,66,412,320,25,67,412,320,25,67,409,320,25,64,414,321,25,68,419,323,25,71,421,324,25,72,421,326,25,70,422,326,25,71,430,327,25,78,420,328,19,73,437,334,25,78,442,337,25,80,443,337,25,81,442,337,25,80,444,337,25,82,448,338,25,85,453,341,25,87,456,342,26,88,456,343,26,87,524,393,29,102,537,401,29,107,541,405,29,107,540,406,29,105,533,408,29,96,533,409,29,95,532,409,29,94,535,410,29,96,539,411,29,99,540,412,29,99,487,380,29,78,486,379,29,78,488,381,29,78,491,381,31,79,498,381,31,86,500,381,31,88,497,378,31,88
102,4,Grant,Ephrata,"2,327","1,765",430,132,"2,350","1,740",424,186,"2,366","1,745",424,197,"2,382","1,756",427,199,"2,394","1,766",427,201,"2,448","1,783",427,238,"2,514","1,799",440,275,"2,594","1,838",442,314,"2,622","1,859",444,319,"2,661","1,873",442,346,"2,682","1,883",441,358,"2,788","1,986",464,338,"2,818","1,987",493,338,"2,829","1,990",495,344,"2,848","1,991",519,338,"2,859","1,996",521,342,"2,887","2,012",533,342,"2,899","2,019",533,347,"2,929","2,043",535,351,"2,924","2,055",563,306,"2,942","2,067",563,312,"3,086","2,167",587,332,"3,105","2,183",591,331,"3,128","2,200",591,337,"3,167","2,213",615,339,"3,179","2,225",616,338,"3,201","2,245",616,340,"3,224","2,267",616,341,"3,216","2,284",616,316,"3,246","2,314",616,316,"3,277","2,333",628,316,"3,342","2,386",638,318,"3,392","2,418",654,320,"3,419","2,445",654,320,"3,443","2,467",656,320,"3,507","2,487",701,319,"3,581","2,549",711,321,"3,630","2,593",720,317
103,4,Grant,George,115,58,7,50,119,51,12,56,121,51,12,58,123,51,12,60,124,51,12,61,137,51,12,74,157,51,12,94,156,51,12,93,156,51,12,93,192,51,12,129,156,51,12,93,162,47,12,103,165,47,12,106,172,49,12,111,164,49,12,103,160,49,12,99,160,49,12,99,162,49,12,101,176,49,12,115,190,50,12,128,190,50,12,128,168,49,9,110,218,49,60,109,218,49,60,109,222,49,60,113,222,49,60,113,223,49,60,114,223,49,60,114,223,49,60,114,223,49,60,114,227,49,60,118,248,59,69,120,250,62,69,119,254,66,69,119,276,86,70,120,285,92,73,120,286,93,73,120,330,95,109,126
104,4,Grant,Grand Coulee,655,377,139,139,568,307,109,152,571,304,111,156,566,303,111,152,578,305,130,143,576,304,130,142,573,302,130,141,576,304,130,142,575,304,130,141,576,305,130,141,578,306,130,142,530,319,106,105,531,325,88,118,536,325,88,123,538,325,88,125,538,325,88,125,542,326,88,128,543,329,88,126,541,330,88,123,543,331,88,124,544,332,88,124,554,340,88,126,576,347,90,139,578,349,90,139,577,348,90,139,580,349,92,139,579,349,92,138,578,347,92,139,579,348,92,139,579,348,92,139,583,351,92,140,551,326,86,139,550,325,86,139,549,325,86,138,547,325,86,136,545,325,87,133,544,325,87,132,545,325,89,131
105,4,Grant,Hartline,89,77,3,9,92,75,2,15,92,75,2,15,92,75,2,15,92,75,2,15,90,75,2,13,89,75,2,12,89,75,2,12,89,75,2,12,88,74,2,12,88,74,2,12,77,65,2,10,77,65,2,10,77,65,2,10,78,65,2,11,79,65,2,12,80,66,2,12,80,66,2,12,79,66,2,11,79,66,2,11,79,66,2,11,87,75,0,12,87,75,0,12,87,75,0,12,87,75,0,12,87,75,0,12,88,76,0,12,88,76,0,12,88,76,0,12,88,76,0,12,89,77,0,12,77,68,0,9,78,68,0,10,78,68,0,10,78,68,0,10,78,68,0,10,78,68,0,10,78,68,0,10
106,4,Grant,Krupp,31,25,2,4,26,24,0,2,26,24,0,2,26,24,0,2,26,24,0,2,27,24,0,3,27,24,0,3,27,24,0,3,27,24,0,3,28,24,0,4,28,24,0,4,30,26,0,4,32,27,0,5,32,27,0,5,32,27,0,5,32,27,0,5,31,26,0,5,31,26,0,5,31,26,0,5,31,26,0,5,31,26,0,5,28,23,0,5,28,23,0,5,28,23,0,5,28,23,0,5,28,23,0,5,28,23,0,5,28,23,0,5,28,23,0,5,28,23,0,5,28,23,0,5,29,24,0,5,29,24,0,5,29,24,0,5,27,24,0,3,27,24,0,3,27,24,0,3,27,24,0,3
107,4,Grant,Mattawa,133,52,12,69,266,93,7,166,294,93,7,194,351,101,7,243,386,110,9,267,456,111,9,336,478,111,23,344,496,113,25,358,505,113,27,365,505,113,27,365,519,113,27,379,576,135,68,373,623,135,75,413,636,135,83,418,688,137,118,433,728,137,154,437,734,137,154,443,743,140,154,449,745,140,154,451,747,141,154,452,754,141,154,459,843,172,176,495,848,176,176,496,855,175,176,504,862,176,184,502,842,176,164,502,861,178,180,503,879,178,198,503,905,178,224,503,914,178,232,504,920,178,239,503,819,150,191,478,825,150,191,484,879,150,243,486,878,151,243,484,939,151,305,483,942,152,307,483,958,164,310,484
108,4,Grant,Moses Lake,"4,224","3,231",826,167,"4,635","3,333",872,430,"4,662","3,355",872,435,"4,712","3,371",872,469,"4,787","3,404",895,488,"4,921","3,488",927,506,"5,125","3,620",955,550,"5,486","3,793","1,066",627,"5,556","3,850","1,082",624,"5,790","3,940","1,142",708,"6,086","4,024","1,260",802,"6,263","4,157","1,277",829,"6,372","4,231","1,277",864,"6,553","4,410","1,279",864,"6,612","4,458","1,279",875,"6,785","4,572","1,319",894,"6,855","4,611","1,335",909,"6,986","4,730","1,337",919,"7,284","4,999","1,359",926,"7,692","5,228","1,488",976,"8,038","5,361","1,680",997,"8,365","5,538","1,859",968,"8,495","5,622","1,881",992,"8,644","5,674","1,966","1,004","8,732","5,758","1,970","1,004","8,879","5,832","2,040","1,007","9,093","5,930","2,098","1,065","9,192","5,974","2,104","1,114","9,343","6,050","2,172","1,121","9,882","6,158","2,598","1,126","10,199","6,289","2,772","1,138","10,257","6,287","2,829","1,141","10,539","6,426","2,972","1,141","10,717","6,535","2,972","1,210","10,804","6,634","2,972","1,198","11,185","6,959","3,020","1,206","11,461","7,208","3,037","1,216","11,664","7,371","3,074","1,219"
109,4,Grant,Quincy,"1,355",888,301,166,"1,362",809,296,257,"1,369",812,296,261,"1,388",822,304,262,"1,393",831,304,258,"1,412",841,306,265,"1,436",851,318,267,"1,463",856,330,277,"1,480",865,336,279,"1,499",868,342,289,"1,507",872,342,293,"1,552",983,293,276,"1,593",988,323,282,"1,600",989,323,288,"1,605",990,323,292,"1,633",987,349,297,"1,638",991,349,298,"1,705","1,000",407,298,"1,723","1,006",417,300,"1,867","1,130",435,302,"1,940","1,188",450,302,"2,020","1,237",457,326,"2,044","1,261",457,326,"2,071","1,278",467,326,"2,090","1,297",467,326,"2,161","1,319",514,328,"2,173","1,331",514,328,"2,201","1,359",514,328,"2,214","1,369",516,329,"2,248","1,399",520,329,"2,366","1,474",563,329,"2,431","1,514",588,329,"2,493","1,572",592,329,"2,548","1,625",594,329,"2,630","1,701",601,328,"2,679","1,744",607,328,"2,736","1,798",609,329,"2,852","1,841",682,329
110,4,Grant,Royal City,263,135,64,64,327,141,64,122,205,141,64,0,336,141,64,131,349,141,64,144,365,149,64,152,366,118,89,159,374,118,90,166,384,118,90,176,401,118,100,183,394,118,108,168,504,176,117,211,505,176,117,212,505,176,117,212,505,176,117,212,505,176,117,212,532,177,143,212,533,177,143,213,539,183,143,213,542,185,143,214,515,184,115,216,494,173,154,167,497,176,154,167,499,177,154,168,506,185,154,167,511,190,154,167,516,195,154,167,518,197,154,167,519,198,154,167,525,204,154,167,535,213,154,168,520,237,116,167,546,255,124,167,569,274,128,167,569,274,128,167,577,278,132,167,577,278,132,167,578,279,132,167
111,4,Grant,Soap Lake,840,444,323,73,813,412,245,156,816,412,245,159,836,427,245,164,833,429,245,159,841,436,242,163,852,445,242,165,863,447,242,174,883,456,244,183,883,456,244,183,867,454,244,169,996,519,234,243,999,520,234,245,"1,001",520,234,247,"1,002",520,234,248,"1,006",520,234,252,"1,007",520,234,253,"1,009",521,234,254,"1,017",526,234,257,"1,023",529,234,260,"1,033",533,236,264,977,507,223,247,978,508,223,247,979,509,223,247,982,512,223,247,984,514,223,247,981,515,219,247,988,518,223,247,993,523,223,247,"1,003",528,228,247,"1,008",533,228,247,940,510,187,243,957,525,187,245,983,545,191,247,991,552,191,248,999,559,191,249,"1,014",575,191,248,"1,037",594,195,248
112,4,Grant,Warden,480,343,83,54,543,315,120,108,547,315,120,112,555,315,120,120,569,315,120,134,586,318,120,148,633,318,120,195,691,324,120,247,723,328,120,275,756,329,141,286,767,331,141,295,790,416,140,234,810,417,140,253,807,417,138,252,793,417,138,238,793,417,138,238,821,416,168,237,820,416,168,236,822,416,168,238,822,416,168,238,822,415,168,239,803,359,145,299,804,359,145,300,805,360,145,300,805,360,145,300,806,361,145,300,805,361,145,299,811,366,145,300,813,368,145,300,818,373,145,300,825,380,145,300,811,365,146,300,826,374,152,300,847,390,158,299,884,402,183,299,937,406,231,300,944,411,233,300,973,416,257,300
113,4,Grant,Wilson Creek,102,85,2,15,96,75,1,20,104,79,0,25,105,79,0,26,107,79,0,28,105,79,0,26,105,79,0,26,106,78,0,28,106,80,0,26,108,83,0,25,111,83,0,28,111,84,0,27,108,80,0,28,108,80,0,28,110,80,0,30,111,80,0,31,111,80,0,31,111,80,0,31,112,80,0,32,112,80,0,32,112,80,0,32,116,84,0,32,116,84,0,32,116,84,0,32,116,84,0,32,116,84,0,32,116,84,0,32,116,84,0,32,116,84,0,32,116,84,0,32,116,84,0,32,113,82,0,31,113,82,0,31,114,83,0,31,114,83,0,31,114,83,0,31,114,83,0,31,115,84,0,31
114,.,.,.,.,.,.,.,.,.,.,.,.,.,.,.,.,.,.,.,.,.,.,.,.,.,.,.,.,.,.,.,.,.,.,.,.,.,.,.,.,.,.,.,.,.,.,.,.,.,.,.,.,.,.,.,.,.,.,.,.,.,.,.,.,.,.,.,.,.,.,.,.,.,.,.,.,.,.,.,.,.,.,.,.,.,.,.,.,.,.,.,.,.,.,.,.,.,.,.,.,.,.,.,.,.,.,.,.,.,.,.,.,.,.,.,.,.,.,.,.,.,.,.,.,.,.,.,.,.,.,.,.,.,.,.,.,.,.,.,.,.,.,.,.,.,.,.,.,.,.,.,.,.,.,.
115,1,Grays Harbor,Grays Harbor County,"28,598","20,432","5,070","3,096","29,931","20,674","4,598","4,659","30,098","20,791","4,595","4,712","30,437","20,947","4,591","4,899","30,766","21,129","4,591","5,046","31,265","21,317","4,641","5,307","31,627","21,501","4,734","5,392","32,061","21,668","4,747","5,646","32,455","21,861","4,781","5,813","32,617","21,956","4,838","5,823","32,901","22,104","4,870","5,927","32,489","22,810","4,723","4,956","32,698","22,916","4,722","5,060","32,951","23,079","4,729","5,143","33,187","23,251","4,709","5,227","33,554","23,493","4,744","5,317","34,057","23,754","4,845","5,458","34,637","24,219","4,867","5,551","35,051","24,594","4,880","5,577","35,472","24,980","4,867","5,625","35,734","25,193","4,886","5,655","35,166","24,955","4,867","5,344","35,265","25,047","4,857","5,361","35,398","25,168","4,850","5,380","35,515","25,279","4,851","5,385","35,652","25,401","4,853","5,398","35,759","25,495","4,858","5,406","35,908","25,608","4,867","5,433","36,116","25,779","4,867","5,470","36,354","26,006","4,867","5,481","36,673","26,265","4,875","5,533","36,058","25,832","4,792","5,434","36,443","26,139","4,814","5,490","36,868","26,480","4,839","5,549","37,298","26,831","4,849","5,618","37,549","27,011","4,888","5,650","37,833","27,201","4,956","5,676","38,255","27,518","5,018","5,719"
116,2,Grays Harbor,Unincorporated Grays Harbor County,"10,182","7,431",500,"2,251","11,308","7,438",447,"3,423","11,472","7,490",448,"3,534","11,632","7,528",444,"3,660","11,660","7,537",395,"3,728","11,854","7,589",395,"3,870","12,020","7,666",394,"3,960","12,184","7,720",394,"4,070","12,376","7,807",391,"4,178","12,390","7,804",391,"4,195","12,536","7,856",381,"4,299","12,128","8,324",312,"3,492","12,241","8,368",313,"3,560","12,362","8,431",313,"3,618","12,494","8,509",313,"3,672","12,648","8,599",312,"3,737","12,801","8,686",312,"3,803","13,024","8,830",312,"3,882","13,237","8,992",313,"3,932","13,435","9,147",315,"3,973","13,562","9,250",312,"4,000","12,816","8,749",293,"3,774","12,866","8,800",293,"3,773","12,909","8,838",293,"3,778","12,963","8,890",293,"3,780","13,049","8,956",293,"3,800","13,084","9,000",293,"3,791","13,144","9,057",296,"3,791","13,237","9,134",297,"3,806","13,274","9,204",297,"3,773","13,402","9,309",304,"3,789","12,921","9,000",283,"3,638","13,010","9,080",283,"3,647","13,148","9,193",285,"3,670","13,282","9,315",285,"3,682","13,294","9,322",285,"3,687","13,347","9,372",287,"3,688","13,406","9,422",287,"3,697"
117,3,Grays Harbor,Incorporated Grays Harbor County,"18,416","13,001","4,570",845,"18,623","13,236","4,151","1,236","18,626","13,301","4,147","1,178","18,805","13,419","4,147","1,239","19,106","13,592","4,196","1,318","19,411","13,728","4,246","1,437","19,607","13,835","4,340","1,432","19,877","13,948","4,353","1,576","20,079","14,054","4,390","1,635","20,227","14,152","4,447","1,628","20,365","14,248","4,489","1,628","20,361","14,486","4,411","1,464","20,457","14,548","4,409","1,500","20,589","14,648","4,416","1,525","20,693","14,742","4,396","1,555","20,906","14,894","4,432","1,580","21,256","15,068","4,533","1,655","21,613","15,389","4,555","1,669","21,814","15,602","4,567","1,645","22,037","15,833","4,552","1,652","22,172","15,943","4,574","1,655","22,350","16,206","4,574","1,570","22,399","16,247","4,564","1,588","22,489","16,330","4,557","1,602","22,552","16,389","4,558","1,605","22,603","16,445","4,560","1,598","22,675","16,495","4,565","1,615","22,764","16,551","4,571","1,642","22,879","16,645","4,570","1,664","23,080","16,802","4,570","1,708","23,271","16,956","4,571","1,744","23,137","16,832","4,509","1,796","23,433","17,059","4,531","1,843","23,720","17,287","4,554","1,879","24,016","17,516","4,564","1,936","24,255","17,689","4,603","1,963","24,486","17,829","4,669","1,988","24,849","18,096","4,731","2,022"
118,4,Grays Harbor,Aberdeen,"8,088","5,220","2,679",189,"7,570","5,137","2,107",326,"7,552","5,125","2,107",320,"7,580","5,141","2,111",328,"7,546","5,139","2,082",325,"7,602","5,146","2,083",373,"7,596","5,137","2,083",376,"7,606","5,135","2,083",388,"7,613","5,128","2,078",407,"7,609","5,117","2,082",410,"7,635","5,100","2,112",423,"7,536","5,065","2,121",350,"7,550","5,061","2,123",366,"7,577","5,064","2,136",377,"7,590","5,048","2,139",403,"7,611","5,058","2,141",412,"7,622","5,069","2,141",412,"7,641","5,081","2,141",419,"7,625","5,092","2,141",392,"7,653","5,120","2,141",392,"7,661","5,123","2,153",385,"7,338","4,922","2,073",343,"7,341","4,915","2,073",353,"7,342","4,905","2,073",364,"7,334","4,898","2,073",363,"7,323","4,900","2,073",350,"7,315","4,892","2,073",350,"7,318","4,889","2,073",356,"7,324","4,893","2,073",358,"7,312","4,892","2,073",347,"7,316","4,894","2,073",349,"7,236","4,823","2,045",368,"7,254","4,834","2,048",372,"7,255","4,834","2,049",372,"7,271","4,840","2,049",382,"7,288","4,846","2,058",384,"7,369","4,864","2,120",385,"7,410","4,902","2,124",384
119,4,Grays Harbor,Cosmopolis,585,535,46,4,578,523,42,13,578,523,42,13,578,523,42,13,579,524,42,13,580,524,42,14,627,532,42,53,637,541,42,54,645,549,42,54,647,550,42,55,658,559,42,57,681,574,42,65,680,572,42,66,679,571,42,66,684,576,42,66,690,581,42,67,694,584,42,68,711,599,42,70,722,610,42,70,727,615,42,70,727,615,42,70,714,608,42,64,713,608,42,63,712,608,42,62,714,610,42,62,713,610,42,61,717,612,42,63,721,614,42,65,724,615,42,67,725,616,42,67,732,622,42,68,712,601,41,70,721,601,47,73,724,601,47,76,728,603,47,78,733,602,47,84,734,603,47,84,739,603,47,89
120,4,Grays Harbor,Elma,"1,102",766,245,91,"1,210",724,394,92,"1,202",726,382,94,"1,208",726,382,100,"1,212",726,382,104,"1,197",726,376,95,"1,225",734,380,111,"1,286",746,382,158,"1,286",757,392,137,"1,297",758,392,147,"1,289",760,396,133,"1,330",864,306,160,"1,329",863,306,160,"1,339",872,306,161,"1,340",880,308,152,"1,364",889,308,167,"1,412",891,308,213,"1,385",897,308,180,"1,393",904,308,181,"1,390",913,308,169,"1,393",914,310,169,"1,307",871,302,134,"1,308",869,304,135,"1,307",868,304,135,"1,312",869,308,135,"1,319",872,310,137,"1,326",873,314,139,"1,330",873,318,139,"1,332",876,316,140,"1,391",902,314,175,"1,397",907,314,176,"1,381",901,303,177,"1,388",907,303,178,"1,392",911,303,178,"1,402",912,303,187,"1,416",918,303,195,"1,430",931,303,196,"1,438",939,303,196
121,4,Grays Harbor,Hoquiam,"3,988","3,107",825,56,"3,973","2,962",862,149,"3,951","2,945",862,144,"3,930","2,933",854,143,"3,949","2,931",872,146,"3,980","2,923",872,185,"3,979","2,919",930,130,"3,973","2,913",930,130,"4,027","2,914",952,161,"4,060","2,909",987,164,"4,062","2,907",987,168,"4,023","2,909",967,147,"4,001","2,893",959,149,"4,002","2,888",959,155,"3,990","2,888",936,166,"3,964","2,879",930,155,"3,960","2,877",930,153,"3,971","2,880",930,161,"3,963","2,872",930,161,"3,935","2,862",915,158,"3,922","2,853",910,159,"3,938","2,871",917,150,"3,910","2,865",895,150,"3,895","2,863",883,149,"3,883","2,857",880,146,"3,883","2,856",880,147,"3,881","2,852",880,149,"3,874","2,844",882,148,"3,872","2,842",882,148,"3,869","2,837",882,150,"3,864","2,833",882,149,"3,908","2,866",894,148,"3,913","2,864",894,155,"3,919","2,864",894,161,"3,930","2,865",894,171,"3,934","2,867",894,173,"3,935","2,868",894,173,"3,945","2,871",894,180
122,4,Grays Harbor,McCleary,576,497,68,11,594,498,82,14,594,501,82,11,604,505,86,13,603,505,86,12,606,508,86,12,608,509,86,13,611,512,86,13,615,515,86,14,618,517,86,15,623,518,86,19,595,494,84,17,592,490,84,18,586,489,84,13,586,487,84,15,586,485,84,17,592,488,84,20,631,528,84,19,646,544,84,18,652,550,84,18,657,562,84,11,759,645,96,18,764,648,96,20,764,648,96,20,769,653,96,20,769,653,96,20,773,657,96,20,775,658,96,21,781,663,96,22,808,690,96,22,818,700,96,22,823,706,95,22,841,724,95,22,841,724,95,22,853,736,95,22,868,748,98,22,868,748,98,22,872,751,99,22
123,4,Grays Harbor,Montesano,"1,299",950,305,44,"1,238",988,226,24,"1,242",990,226,26,"1,245",993,226,26,"1,415","1,056",278,81,"1,434","1,060",278,96,"1,444","1,069",278,97,"1,460","1,084",278,98,"1,470","1,093",278,99,"1,457","1,103",280,74,"1,467","1,113",280,74,"1,408","1,064",272,72,"1,415","1,071",272,72,"1,430","1,081",272,77,"1,437","1,088",272,77,"1,453","1,104",272,77,"1,469","1,120",272,77,"1,540","1,167",296,77,"1,574","1,196",314,64,"1,595","1,217",314,64,"1,609","1,220",325,64,"1,684","1,263",339,82,"1,689","1,268",339,82,"1,701","1,280",339,82,"1,708","1,286",339,83,"1,711","1,289",339,83,"1,723","1,299",339,85,"1,726","1,301",339,86,"1,732","1,307",339,86,"1,747","1,322",339,86,"1,752","1,327",339,86,"1,786","1,356",344,86,"1,790","1,359",344,87,"1,791","1,360",344,87,"1,799","1,366",346,87,"1,821","1,379",355,87,"1,823","1,381",355,87,"1,823","1,381",355,87
124,4,Grays Harbor,Oakville,222,191,6,25,216,177,3,36,237,184,5,48,235,187,5,43,245,190,5,50,251,193,5,53,257,194,5,58,262,194,8,60,265,194,8,63,271,195,8,68,274,195,8,71,260,210,2,48,261,210,2,49,263,210,2,51,261,211,2,48,261,210,2,49,262,210,2,50,275,223,2,50,278,225,2,51,280,227,2,51,281,227,2,52,291,213,0,78,290,212,0,78,293,214,0,79,293,214,0,79,293,214,0,79,293,214,0,79,295,215,0,80,296,216,0,80,296,216,0,80,297,216,0,81,287,206,0,81,285,206,0,79,290,211,0,79,290,211,0,79,289,210,0,79,290,211,0,79,290,211,0,79
125,4,Grays Harbor,Ocean Shores,"1,308",911,209,188,"2,101","1,544",270,287,"2,193","1,624",276,293,"2,331","1,716",276,339,"2,433","1,802",284,347,"2,590","1,889",339,362,"2,706","1,966",367,373,"2,801","2,040",375,386,"2,911","2,120",385,406,"3,028","2,216",393,419,"3,140","2,300",401,439,"3,170","2,423",399,348,"3,262","2,502",403,357,"3,344","2,582",403,359,"3,430","2,667",403,360,"3,553","2,780",407,366,"3,707","2,917",410,380,"3,907","3,091",410,406,"4,057","3,232",404,421,"4,229","3,382",404,443,"4,348","3,484",406,458,"4,758","3,785",432,541,"4,816","3,835",434,547,"4,901","3,914",435,552,"4,961","3,969",435,557,"5,013","4,019",435,559,"5,066","4,062",436,568,"5,140","4,122",436,582,"5,227","4,195",436,596,"5,339","4,287",438,614,"5,499","4,416",439,644,"5,518","4,412",431,675,"5,745","4,594",444,707,"5,987","4,792",463,732,"6,188","4,966",470,752,"6,333","5,087",487,759,"6,442","5,174",489,779,"6,712","5,366",542,804
126,4,Grays Harbor,Westport,"1,248",824,187,237,"1,143",683,165,295,"1,077",683,165,229,"1,094",695,165,234,"1,124",719,165,240,"1,171",759,165,247,"1,165",775,169,221,"1,241",783,169,289,"1,247",784,169,294,"1,240",787,177,276,"1,217",796,177,244,"1,358",883,218,257,"1,367",886,218,263,"1,369",891,212,266,"1,375",897,210,268,"1,424",908,246,270,"1,538",912,344,282,"1,552",923,342,287,"1,556",927,342,287,"1,576",947,342,287,"1,574",945,342,287,"1,561","1,028",373,160,"1,568","1,027",381,160,"1,574","1,030",385,159,"1,578","1,033",385,160,"1,579","1,032",385,162,"1,581","1,034",385,162,"1,585","1,035",385,165,"1,591","1,038",386,167,"1,593","1,040",386,167,"1,596","1,041",386,169,"1,486",961,356,169,"1,496",970,356,170,"1,521",990,359,172,"1,555","1,017",360,178,"1,573","1,032",361,180,"1,595","1,049",363,183,"1,620","1,072",367,181
127,.,.,.,.,.,.,.,.,.,.,.,.,.,.,.,.,.,.,.,.,.,.,.,.,.,.,.,.,.,.,.,.,.,.,.,.,.,.,.,.,.,.,.,.,.,.,.,.,.,.,.,.,.,.,.,.,.,.,.,.,.,.,.,.,.,.,.,.,.,.,.,.,.,.,.,.,.,.,.,.,.,.,.,.,.,.,.,.,.,.,.,.,.,.,.,.,.,.,.,.,.,.,.,.,.,.,.,.,.,.,.,.,.,.,.,.,.,.,.,.,.,.,.,.,.,.,.,.,.,.,.,.,.,.,.,.,.,.,.,.,.,.,.,.,.,.,.,.,.,.,.,.,.,.,.
128,1,Island,Island County,"20,872","15,889","2,796","2,187","25,860","19,005","3,046","3,809","27,168","19,896","3,228","4,044","28,021","20,469","3,302","4,250","28,792","21,008","3,392","4,392","29,469","21,539","3,417","4,513","30,383","22,264","3,464","4,655","31,115","22,821","3,507","4,787","32,028","23,375","3,742","4,911","32,859","23,989","3,847","5,023","33,655","24,600","3,863","5,192","32,378","25,017","3,722","3,639","32,932","25,414","3,754","3,764","33,668","25,977","3,800","3,891","34,328","26,474","3,857","3,997","35,151","27,127","3,929","4,095","36,057","27,786","4,080","4,191","36,900","28,528","4,116","4,256","37,691","29,156","4,178","4,357","38,446","29,649","4,340","4,457","38,822","29,932","4,364","4,526","40,234","31,130","4,461","4,643","40,444","31,307","4,473","4,664","40,588","31,478","4,486","4,624","40,701","31,598","4,489","4,614","40,877","31,785","4,491","4,601","41,171","31,962","4,515","4,694","41,454","32,208","4,517","4,729","41,751","32,464","4,512","4,775","42,165","32,827","4,522","4,816","42,545","33,147","4,527","4,871","41,922","32,603","4,565","4,754","42,159","32,749","4,600","4,810","42,425","32,934","4,656","4,835","42,678","33,153","4,681","4,844","42,954","33,374","4,715","4,865","43,150","33,555","4,724","4,871","43,474","33,727","4,865","4,882"
129,2,Island,Unincorporated Island County,"15,609","12,404","1,320","1,885","18,628","14,711",738,"3,179","19,629","15,492",744,"3,393","20,231","15,988",733,"3,510","20,772","16,500",733,"3,539","21,391","16,993",732,"3,666","22,172","17,632",724,"3,816","22,768","18,084",740,"3,944","23,336","18,522",749,"4,065","23,882","18,954",743,"4,185","24,511","19,450",719,"4,342","23,250","19,674",659,"2,917","23,685","19,985",658,"3,042","24,223","20,389",674,"3,160","24,762","20,794",693,"3,275","25,274","21,208",691,"3,375","25,851","21,688",690,"3,473","26,499","22,251",690,"3,558","27,153","22,797",726,"3,630","27,646","23,180",763,"3,703","27,899","23,400",763,"3,736","29,070","24,401",786,"3,883","29,181","24,507",786,"3,888","29,310","24,629",794,"3,887","29,387","24,706",794,"3,887","29,539","24,846",798,"3,895","29,765","24,962",820,"3,983","30,007","25,161",823,"4,023","30,230","25,348",823,"4,059","30,602","25,678",823,"4,101","30,922","25,951",823,"4,148","30,106","25,271",785,"4,050","30,304","25,411",787,"4,106","30,503","25,566",797,"4,140","30,747","25,765",822,"4,160","30,950","25,940",829,"4,181","31,128","26,096",835,"4,197","31,294","26,228",846,"4,220"
130,3,Island,Incorporated Island County,"5,263","3,485","1,476",302,"7,232","4,294","2,308",630,"7,539","4,404","2,484",651,"7,790","4,481","2,569",740,"8,020","4,508","2,659",853,"8,078","4,546","2,685",847,"8,211","4,632","2,740",839,"8,347","4,737","2,767",843,"8,692","4,853","2,993",846,"8,977","5,035","3,104",838,"9,144","5,150","3,144",850,"9,128","5,343","3,063",722,"9,247","5,429","3,096",722,"9,445","5,588","3,126",731,"9,566","5,680","3,164",722,"9,877","5,919","3,238",720,"10,206","6,098","3,390",718,"10,401","6,277","3,426",698,"10,538","6,359","3,452",727,"10,800","6,469","3,577",754,"10,923","6,532","3,601",790,"11,164","6,729","3,675",760,"11,263","6,800","3,687",776,"11,278","6,849","3,692",737,"11,314","6,892","3,695",727,"11,338","6,939","3,693",706,"11,406","7,000","3,695",711,"11,447","7,047","3,694",706,"11,521","7,116","3,689",716,"11,563","7,149","3,699",715,"11,623","7,196","3,704",723,"11,816","7,332","3,780",704,"11,855","7,338","3,813",704,"11,922","7,368","3,859",695,"11,931","7,388","3,859",684,"12,004","7,434","3,886",684,"12,022","7,459","3,889",674,"12,180","7,499","4,019",662
131,4,Island,Coupeville,498,371,82,45,638,368,154,116,676,384,154,138,711,390,180,141,710,390,180,140,722,395,182,145,738,414,182,142,755,435,182,138,766,445,182,139,781,456,184,141,790,465,184,141,814,517,179,118,815,518,179,118,812,524,179,109,825,533,183,109,835,543,183,109,851,559,183,109,867,575,183,109,884,592,183,109,924,605,187,132,924,606,187,131,933,624,193,116,947,638,193,116,958,649,193,116,968,651,194,123,969,652,194,123,972,655,194,123,976,659,194,123,986,664,194,128,985,666,194,125,"1,005",677,198,130,"1,016",688,200,128,"1,020",689,202,129,"1,029",692,208,129,"1,032",695,208,129,"1,047",697,221,129,"1,048",698,221,129,"1,060",707,224,129
132,4,Island,Langley,358,262,95,1,421,310,101,10,427,316,101,10,451,326,115,10,467,336,121,10,482,351,121,10,506,366,125,15,516,371,127,18,545,383,143,19,557,392,143,22,555,392,143,20,542,352,188,2,548,356,190,2,575,382,190,3,580,387,190,3,596,401,192,3,603,410,192,1,607,414,192,1,611,418,192,1,625,429,194,2,640,444,194,2,678,473,203,2,687,478,207,2,693,482,209,2,698,487,209,2,703,494,207,2,718,507,209,2,740,522,216,2,755,537,216,2,762,538,222,2,771,545,224,2,743,526,217,0,745,527,218,0,750,530,220,0,754,533,221,0,773,549,224,0,776,551,225,0,781,556,225,0
133,4,Island,Oak Harbor,"4,407","2,852","1,299",256,"6,173","3,616","2,053",504,"6,436","3,704","2,229",503,"6,628","3,765","2,274",589,"6,843","3,782","2,358",703,"6,874","3,800","2,382",692,"6,967","3,852","2,433",682,"7,076","3,931","2,458",687,"7,381","4,025","2,668",688,"7,639","4,187","2,777",675,"7,799","4,293","2,817",689,"7,772","4,474","2,696",602,"7,884","4,555","2,727",602,"8,058","4,682","2,757",619,"8,161","4,760","2,791",610,"8,446","4,975","2,863",608,"8,752","5,129","3,015",608,"8,927","5,288","3,051",588,"9,043","5,349","3,077",617,"9,251","5,435","3,196",620,"9,359","5,482","3,220",657,"9,553","5,632","3,279",642,"9,629","5,684","3,287",658,"9,627","5,718","3,290",619,"9,648","5,754","3,292",602,"9,666","5,793","3,292",581,"9,716","5,838","3,292",586,"9,731","5,866","3,284",581,"9,780","5,915","3,279",586,"9,816","5,945","3,283",588,"9,847","5,974","3,282",591,"10,057","6,118","3,363",576,"10,090","6,122","3,393",575,"10,143","6,146","3,431",566,"10,145","6,160","3,430",555,"10,184","6,188","3,441",555,"10,198","6,210","3,443",545,"10,339","6,236","3,570",533
134,.,.,.,.,.,.,.,.,.,.,.,.,.,.,.,.,.,.,.,.,.,.,.,.,.,.,.,.,.,.,.,.,.,.,.,.,.,.,.,.,.,.,.,.,.,.,.,.,.,.,.,.,.,.,.,.,.,.,.,.,.,.,.,.,.,.,.,.,.,.,.,.,.,.,.,.,.,.,.,.,.,.,.,.,.,.,.,.,.,.,.,.,.,.,.,.,.,.,.,.,.,.,.,.,.,.,.,.,.,.,.,.,.,.,.,.,.,.,.,.,.,.,.,.,.,.,.,.,.,.,.,.,.,.,.,.,.,.,.,.,.,.,.,.,.,.,.,.,.,.,.,.,.,.,.
135,1,Jefferson,Jefferson County,"8,826","6,194","1,249","1,383","11,014","7,567",834,"2,613","11,539","7,900",861,"2,778","12,155","8,271",938,"2,946","12,670","8,584",988,"3,098","13,172","8,884","1,023","3,265","13,642","9,172","1,052","3,418","13,980","9,429","1,069","3,482","14,356","9,652","1,075","3,629","14,644","9,860","1,076","3,708","15,043","10,132","1,121","3,790","14,144","10,433","1,117","2,594","14,411","10,597","1,123","2,691","14,690","10,810","1,142","2,738","14,919","11,002","1,142","2,775","15,177","11,217","1,146","2,814","15,579","11,512","1,188","2,879","15,914","11,793","1,200","2,921","16,219","12,042","1,209","2,968","16,506","12,283","1,224","2,999","16,649","12,420","1,230","2,999","17,767","13,302","1,371","3,094","17,887","13,393","1,389","3,105","17,965","13,462","1,393","3,110","18,033","13,508","1,402","3,123","18,143","13,601","1,404","3,138","18,251","13,692","1,411","3,148","18,382","13,816","1,417","3,149","18,487","13,919","1,419","3,149","18,617","14,024","1,419","3,174","18,737","14,133","1,419","3,185","19,087","14,406","1,453","3,228","19,244","14,519","1,466","3,259","19,430","14,675","1,476","3,279","19,481","14,699","1,481","3,301","19,656","14,773","1,582","3,301","19,775","14,871","1,596","3,308","19,961","15,022","1,616","3,323"
136,2,Jefferson,Unincorporated Jefferson County,"6,217","4,118",806,"1,293","7,734","5,055",339,"2,340","8,158","5,336",354,"2,468","8,574","5,616",368,"2,590","8,998","5,884",410,"2,704","9,409","6,134",415,"2,860","9,778","6,361",426,"2,991","10,107","6,558",443,"3,106","10,410","6,760",449,"3,201","10,677","6,940",450,"3,287","10,940","7,137",448,"3,355","9,894","7,274",329,"2,291","10,102","7,411",331,"2,360","10,349","7,590",332,"2,427","10,581","7,765",332,"2,484","10,821","7,945",332,"2,544","11,103","8,178",334,"2,591","11,397","8,426",342,"2,629","11,675","8,649",349,"2,677","11,912","8,856",351,"2,705","12,056","8,985",352,"2,719","12,574","9,378",365,"2,831","12,650","9,443",365,"2,842","12,708","9,496",365,"2,847","12,756","9,532",365,"2,859","12,835","9,599",365,"2,871","12,914","9,669",365,"2,880","13,002","9,758",365,"2,879","13,098","9,845",365,"2,888","13,203","9,939",365,"2,899","13,305","10,032",365,"2,908","13,395","10,109",363,"2,923","13,505","10,197",366,"2,942","13,652","10,323",369,"2,960","13,677","10,327",369,"2,981","13,689","10,327",371,"2,991","13,757","10,386",375,"2,996","13,844","10,466",381,"2,997"
137,3,Jefferson,Incorporated Jefferson County,"2,609","2,076",443,90,"3,280","2,512",495,273,"3,381","2,564",507,310,"3,581","2,655",570,356,"3,672","2,700",578,394,"3,763","2,750",608,405,"3,864","2,811",626,427,"3,873","2,871",626,376,"3,946","2,892",626,428,"3,967","2,920",626,421,"4,103","2,995",673,435,"4,250","3,159",788,303,"4,309","3,186",792,331,"4,341","3,220",810,311,"4,338","3,237",810,291,"4,356","3,272",814,270,"4,476","3,334",854,288,"4,517","3,367",858,292,"4,544","3,393",860,291,"4,594","3,427",873,294,"4,593","3,435",878,280,"5,193","3,924","1,006",263,"5,237","3,950","1,024",263,"5,257","3,966","1,028",263,"5,277","3,976","1,037",264,"5,308","4,002","1,039",267,"5,337","4,023","1,046",268,"5,380","4,058","1,052",270,"5,389","4,074","1,054",261,"5,414","4,085","1,054",275,"5,432","4,101","1,054",277,"5,692","4,297","1,090",305,"5,739","4,322","1,100",317,"5,778","4,352","1,107",319,"5,804","4,372","1,112",320,"5,967","4,446","1,211",310,"6,018","4,485","1,221",312,"6,117","4,556","1,235",326
138,4,Jefferson,Port Townsend,"2,609","2,076",443,90,"3,280","2,512",495,273,"3,381","2,564",507,310,"3,581","2,655",570,356,"3,672","2,700",578,394,"3,763","2,750",608,405,"3,864","2,811",626,427,"3,873","2,871",626,376,"3,946","2,892",626,428,"3,967","2,920",626,421,"4,103","2,995",673,435,"4,250","3,159",788,303,"4,309","3,186",792,331,"4,341","3,220",810,311,"4,338","3,237",810,291,"4,356","3,272",814,270,"4,476","3,334",854,288,"4,517","3,367",858,292,"4,544","3,393",860,291,"4,594","3,427",873,294,"4,593","3,435",878,280,"5,193","3,924","1,006",263,"5,237","3,950","1,024",263,"5,257","3,966","1,028",263,"5,277","3,976","1,037",264,"5,308","4,002","1,039",267,"5,337","4,023","1,046",268,"5,380","4,058","1,052",270,"5,389","4,074","1,054",261,"5,414","4,085","1,054",275,"5,432","4,101","1,054",277,"5,692","4,297","1,090",305,"5,739","4,322","1,100",317,"5,778","4,352","1,107",319,"5,804","4,372","1,112",320,"5,967","4,446","1,211",310,"6,018","4,485","1,221",312,"6,117","4,556","1,235",326
139,.,.,.,.,.,.,.,.,.,.,.,.,.,.,.,.,.,.,.,.,.,.,.,.,.,.,.,.,.,.,.,.,.,.,.,.,.,.,.,.,.,.,.,.,.,.,.,.,.,.,.,.,.,.,.,.,.,.,.,.,.,.,.,.,.,.,.,.,.,.,.,.,.,.,.,.,.,.,.,.,.,.,.,.,.,.,.,.,.,.,.,.,.,.,.,.,.,.,.,.,.,.,.,.,.,.,.,.,.,.,.,.,.,.,.,.,.,.,.,.,.,.,.,.,.,.,.,.,.,.,.,.,.,.,.,.,.,.,.,.,.,.,.,.,.,.,.,.,.,.,.,.,.,.,.
140,1,King,King County,"525,562","346,595","167,129","11,838","647,323","393,580","228,602","25,141","666,040","402,119","237,921","26,000","675,567","406,135","242,940","26,492","683,987","410,438","246,739","26,810","692,302","414,573","250,579","27,150","699,287","418,904","252,992","27,391","705,779","421,925","256,237","27,617","713,753","425,647","260,242","27,864","725,117","430,249","266,866","28,002","735,503","434,343","272,921","28,239","742,239","447,166","274,996","20,077","752,799","450,922","281,609","20,268","763,615","454,663","288,649","20,303","773,301","459,156","293,759","20,386","783,675","465,113","298,226","20,336","793,869","471,166","302,343","20,360","802,970","476,011","306,821","20,138","812,679","480,450","312,236","19,993","821,967","484,324","317,779","19,864","832,337","486,971","325,616","19,750","851,261","494,108","338,765","18,388","857,258","496,231","342,731","18,296","862,221","498,236","345,626","18,359","870,086","500,687","351,052","18,347","880,304","503,496","358,436","18,372","894,045","505,973","369,835","18,237","907,354","508,277","380,873","18,204","922,163","510,508","393,467","18,188","937,249","513,266","405,940","18,043","956,082","516,162","421,862","18,058","969,234","516,685","434,586","17,963","984,458","518,944","447,614","17,900","1,002,064","520,808","463,362","17,894","1,020,392","522,652","479,892","17,848","1,040,680","524,152","498,658","17,870","1,060,733","525,638","517,219","17,876","1,074,893","527,042","529,982","17,869"
141,2,King,Unincorporated King County,"183,267","145,775","30,627","6,865","192,079","149,677","31,445","10,957","200,069","155,345","33,045","11,679","203,089","157,491","33,480","12,118","190,380","150,613","27,709","12,058","189,318","149,726","27,302","12,290","186,267","148,200","25,585","12,482","160,866","128,244","20,596","12,026","161,643","128,041","21,480","12,122","152,997","120,379","20,788","11,830","147,489","116,319","19,646","11,524","129,264","103,870","18,000","7,394","130,254","104,382","18,350","7,522","130,556","104,432","18,577","7,547","131,484","105,997","17,858","7,629","134,094","107,770","18,656","7,668","135,468","108,887","19,058","7,523","137,416","110,287","19,589","7,540","137,488","110,569","19,375","7,544","126,404","102,934","16,514","6,956","125,732","102,820","16,184","6,728","125,920","102,845","16,407","6,668","111,419","92,173","13,317","5,929","99,009","83,340","9,767","5,902","97,014","81,570","9,535","5,909","94,818","80,411","8,493","5,914","95,241","80,703","8,646","5,892","91,723","78,291","7,540","5,892","92,208","78,736","7,597","5,875","92,601","79,047","7,735","5,819","93,179","79,456","7,903","5,820","92,938","79,169","7,960","5,809","93,470","79,520","8,150","5,800","93,958","79,755","8,415","5,788","94,328","80,046","8,506","5,776","94,550","80,252","8,530","5,768","94,848","80,542","8,545","5,761","95,141","80,745","8,642","5,754"
142,3,King,Incorporated King County,"342,295","200,820","136,502","4,973","455,244","243,903","197,157","14,184","465,971","246,774","204,876","14,321","472,478","248,644","209,460","14,374","493,607","259,825","219,030","14,752","502,984","264,847","223,277","14,860","513,020","270,704","227,407","14,909","544,913","293,681","235,641","15,591","552,110","297,606","238,762","15,742","572,120","309,870","246,078","16,172","588,014","318,024","253,275","16,715","612,975","343,296","256,996","12,683","622,545","346,540","263,259","12,746","633,059","350,231","270,072","12,756","641,817","353,159","275,901","12,757","649,581","357,343","279,570","12,668","658,401","362,279","283,285","12,837","665,554","365,724","287,232","12,598","675,191","369,881","292,861","12,449","695,563","381,390","301,265","12,908","706,605","384,151","309,432","13,022","725,341","391,263","322,358","11,720","745,839","404,058","329,414","12,367","763,212","414,896","335,859","12,457","773,072","419,117","341,517","12,438","785,486","423,085","349,943","12,458","798,804","425,270","361,189","12,345","815,631","429,986","373,333","12,312","829,955","431,772","385,870","12,313","844,648","434,219","398,205","12,224","862,903","436,706","413,959","12,238","876,296","437,516","426,626","12,154","890,988","439,424","439,464","12,100","908,106","441,053","454,947","12,106","926,064","442,606","471,386","12,072","946,130","443,900","490,128","12,102","965,885","445,096","508,674","12,115","979,752","446,297","521,340","12,115"
143,4,King,Algona,564,496,33,35,620,451,36,133,665,482,43,140,702,512,43,147,718,527,43,148,735,540,43,152,747,547,47,153,771,562,47,162,784,567,47,170,795,568,54,173,798,570,54,174,878,698,35,145,895,714,35,146,904,717,39,148,938,751,39,148,968,781,39,148,979,789,39,151,985,797,39,149,990,801,39,150,998,807,41,150,"1,004",813,41,150,"1,018",796,40,182,"1,037",815,40,182,"1,037",815,40,182,"1,037",816,40,181,"1,037",816,40,181,"1,042",816,43,183,"1,052",825,43,184,"1,052",826,43,183,"1,049",823,43,183,"1,053",827,43,183,"1,048",824,43,181,"1,048",824,43,181,"1,054",829,44,181,"1,061",833,47,181,"1,068",839,48,181,"1,069",841,48,180,"1,070",842,48,180
144,4,King,Auburn (part),"11,343","5,630","4,533","1,180","14,156","6,117","5,898","2,141","14,240","6,181","5,905","2,154","14,479","6,247","6,075","2,157","14,627","6,268","6,168","2,191","14,872","6,366","6,301","2,205","14,993","6,461","6,319","2,213","15,285","6,574","6,501","2,210","15,551","6,738","6,604","2,209","15,889","6,970","6,715","2,204","16,662","7,241","7,217","2,204","17,664","7,893","7,368","2,403","17,928","7,997","7,468","2,463","18,193","8,125","7,602","2,466","18,384","8,281","7,642","2,461","18,446","8,324","7,653","2,469","18,455","8,353","7,664","2,438","18,472","8,397","7,698","2,377","18,628","8,487","7,759","2,382","24,078","12,979","8,338","2,761","24,140","13,004","8,354","2,782","24,688","13,445","8,610","2,633","24,801","13,536","8,630","2,635","24,887","13,624","8,645","2,618","25,134","13,859","8,645","2,630","25,417","14,141","8,645","2,631","25,576","14,288","8,651","2,637","25,700","14,412","8,658","2,630","26,206","14,617","8,914","2,675","26,740","14,860","9,221","2,659","27,391","14,916","9,812","2,663","28,049","15,313","10,065","2,671","28,422","15,381","10,367","2,674","28,687","15,438","10,573","2,676","28,720","15,468","10,575","2,677","28,775","15,487","10,614","2,674","29,210","15,919","10,618","2,673","29,257","15,958","10,627","2,672"
145,4,King,Beaux Arts Village,113,105,8,0,119,119,0,0,114,114,0,0,115,115,0,0,115,115,0,0,115,115,0,0,115,115,0,0,115,115,0,0,116,116,0,0,116,116,0,0,119,113,6,0,124,124,0,0,125,125,0,0,125,125,0,0,124,124,0,0,124,124,0,0,124,124,0,0,125,125,0,0,128,128,0,0,127,127,0,0,127,127,0,0,118,118,0,0,118,118,0,0,120,118,2,0,117,115,2,0,118,116,2,0,119,117,2,0,118,116,2,0,119,117,2,0,120,118,2,0,119,117,2,0,118,118,0,0,118,118,0,0,118,118,0,0,118,118,0,0,117,117,0,0,116,116,0,0,116,116,0,0
146,4,King,Bellevue,"29,315","18,214","11,035",66,"37,427","22,229","14,971",227,"37,893","22,416","15,248",229,"38,208","22,610","15,371",227,"38,755","22,761","15,766",228,"43,012","25,263","17,509",240,"44,355","25,744","18,353",258,"44,964","26,259","18,480",225,"45,300","26,402","18,655",243,"46,022","26,668","19,121",233,"46,742","26,857","19,637",248,"48,519","28,674","19,778",67,"49,322","28,896","20,358",68,"51,269","29,942","21,258",69,"51,472","30,047","21,356",69,"51,791","30,197","21,525",69,"52,121","30,254","21,798",69,"52,262","30,304","21,889",69,"52,655","30,362","22,224",69,"53,300","30,440","22,791",69,"53,777","30,503","23,205",69,"55,551","30,207","25,338",6,"56,095","30,262","25,827",6,"56,250","30,298","25,946",6,"58,539","32,259","26,273",7,"58,620","32,322","26,291",7,"59,043","32,429","26,607",7,"60,443","32,471","27,966",6,"61,128","32,511","28,612",5,"61,714","32,556","29,153",5,"62,372","32,689","29,678",5,"64,688","32,823","31,860",5,"65,194","32,851","32,338",5,"65,891","32,883","33,003",5,"66,315","32,929","33,381",5,"66,504","32,952","33,547",5,"68,417","32,968","35,444",5,"68,736","32,991","35,740",5
147,4,King,Black Diamond,456,336,31,89,579,354,20,205,613,384,20,209,620,391,20,209,638,409,20,209,652,423,20,209,704,551,20,133,809,600,20,189,824,616,20,188,"1,524","1,263",26,235,"1,578","1,320",24,234,"1,538","1,258",37,243,"1,556","1,275",37,244,"1,559","1,278",37,244,"1,569","1,286",37,246,"1,570","1,287",37,246,"1,577","1,294",37,246,"1,576","1,293",37,246,"1,588","1,301",41,246,"1,608","1,320",43,245,"1,615","1,328",43,244,"1,686","1,439",46,201,"1,689","1,443",47,199,"1,690","1,448",47,195,"1,691","1,449",47,195,"1,691","1,449",47,195,"1,698","1,456",47,195,"1,714","1,471",47,196,"1,727","1,484",47,196,"1,735","1,491",47,197,"1,808","1,562",47,199,"1,841","1,569",57,215,"2,095","1,743",130,222,"2,573","2,093",258,222,"2,761","2,276",263,222,"2,903","2,381",300,222,"3,015","2,493",300,222,"3,136","2,612",301,223
148,4,King,Bothell (part),"3,064","1,914",670,480,"5,034","2,488","1,604",942,"5,371","2,700","1,718",953,"5,447","2,719","1,772",956,"5,475","2,747","1,772",956,"5,575","2,822","1,794",959,"5,661","2,914","1,788",959,"5,699","2,950","1,788",961,"5,866","2,987","1,911",968,"6,286","3,002","2,314",970,"6,299","2,999","2,330",970,"6,944","3,213","2,891",840,"7,026","3,224","2,961",841,"7,058","3,231","2,986",841,"7,155","3,240","3,074",841,"7,192","3,247","3,104",841,"7,289","3,257","3,191",841,"7,434","3,264","3,329",841,"7,506","3,322","3,343",841,"7,580","3,396","3,343",841,"7,608","3,420","3,347",841,"7,553","3,300","3,222","1,031","7,595","3,339","3,225","1,031","7,633","3,374","3,227","1,032","7,683","3,424","3,227","1,032","10,643","5,114","4,497","1,032","10,952","5,220","4,700","1,032","11,300","5,326","4,942","1,032","11,433","5,380","5,021","1,032","11,700","5,442","5,227","1,031","12,208","5,512","5,665","1,031","12,682","5,514","6,137","1,031","12,753","5,522","6,200","1,031","12,863","5,570","6,262","1,031","12,901","5,587","6,283","1,031","13,513","5,608","6,865","1,040","14,002","5,658","7,300","1,044","14,111","5,683","7,387","1,041"
149,4,King,Burien,.,.,.,.,.,.,.,.,.,.,.,.,0,0,0,0,"12,486","7,393","4,823",270,"12,489","7,396","4,823",270,"12,517","7,413","4,831",273,"12,539","7,434","4,831",274,"12,544","7,441","4,832",271,"12,537","7,466","4,843",228,"13,540","7,933","5,377",230,"13,898","8,226","5,487",185,"13,904","8,227","5,491",186,"13,946","8,233","5,515",198,"13,951","8,238","5,515",198,"13,940","8,251","5,525",164,"13,924","8,271","5,527",126,"13,916","8,288","5,530",98,"14,003","8,280","5,643",80,"14,051","8,353","5,621",77,"14,091","8,376","5,631",84,"14,322","8,613","5,701",8,"19,862","12,331","7,463",68,"19,908","12,372","7,467",69,"19,950","12,402","7,479",69,"20,037","12,435","7,533",69,"20,214","12,481","7,663",70,"20,271","12,535","7,664",72,"20,322","12,584","7,666",72,"20,738","12,654","8,012",72,"20,793","12,707","8,014",72,"20,785","12,736","8,038",11,"20,990","12,747","8,232",11,"21,021","12,762","8,248",11,"21,065","12,796","8,258",11,"21,355","12,834","8,509",12,"21,493","12,853","8,628",12,"21,626","12,868","8,746",12
150,4,King,Carnation,352,277,48,27,452,349,54,49,460,356,54,50,466,362,54,50,497,382,66,49,520,405,66,49,540,425,66,49,555,440,66,49,592,475,66,51,619,502,66,51,637,520,66,51,650,578,63,9,658,582,63,13,658,582,63,13,659,582,63,14,659,582,63,14,659,582,63,14,658,581,63,14,658,581,63,14,659,582,63,14,660,583,63,14,665,559,60,46,662,559,60,43,665,559,60,46,665,559,60,46,665,559,60,46,668,562,60,46,684,578,60,46,751,639,66,46,795,683,66,46,817,705,66,46,814,704,64,46,812,702,64,46,819,709,64,46,854,718,90,46,860,723,91,46,902,737,119,46,981,763,172,46
151,4,King,Clyde Hill,"1,020","1,002",18,0,"1,077","1,076",0,1,"1,081","1,080",0,1,"1,086","1,085",0,1,"1,089","1,088",0,1,"1,090","1,089",0,1,"1,092","1,091",0,1,"1,095","1,088",6,1,"1,099","1,092",6,1,"1,097","1,090",6,1,"1,102","1,086",16,0,"1,076","1,076",0,0,"1,080","1,078",2,0,"1,080","1,078",2,0,"1,068","1,066",2,0,"1,064","1,062",2,0,"1,070","1,068",2,0,"1,067","1,065",2,0,"1,067","1,065",2,0,"1,059","1,057",2,0,"1,064","1,060",4,0,"1,099","1,098",1,0,"1,102","1,098",4,0,"1,101","1,097",4,0,"1,100","1,096",4,0,"1,102","1,098",4,0,"1,102","1,097",5,0,"1,096","1,090",6,0,"1,085","1,078",7,0,"1,095","1,084",11,0,"1,100","1,088",12,0,"1,098","1,086",12,0,"1,092","1,080",12,0,"1,093","1,081",12,0,"1,099","1,083",16,0,"1,091","1,075",16,0,"1,093","1,077",16,0,"1,103","1,086",17,0
152,4,King,Covington,.,.,.,.,0,0,0,0,0,0,0,0,0,0,0,0,0,0,0,0,0,0,0,0,0,0,0,0,0,0,0,0,0,0,0,0,"4,203","4,041",4,158,"4,240","4,077",4,159,"4,473","4,310",25,138,"4,493","4,330",25,138,"4,686","4,519",28,139,"5,020","4,675",206,139,"5,324","4,942",243,139,"5,639","5,259",243,137,"5,810","5,475",243,92,"5,766","5,492",243,31,"5,821","5,545",244,32,"5,874","5,600",244,30,"6,081","5,637",370,74,"6,107","5,663",370,74,"6,153","5,705",374,74,"6,261","5,813",374,74,"6,368","5,919",374,75,"6,374","5,926",374,74,"6,379","5,931",374,74,"6,972","5,990",908,74,"7,037","6,055",908,74,"7,102","6,120",908,74,"7,149","6,171",904,74,"7,191","6,213",904,74,"7,398","6,331",993,74,"7,513","6,446",993,74,"7,733","6,477","1,182",74,"7,755","6,499","1,182",74,"7,786","6,530","1,182",74
153,4,King,Des Moines,"3,256","1,293","1,756",207,"7,438","3,158","3,915",365,"7,532","3,210","3,958",364,"7,892","3,548","3,974",370,"8,308","3,956","3,998",354,"9,065","4,676","4,026",363,"9,104","4,679","4,065",360,"9,737","5,299","4,078",360,"11,434","6,739","4,250",445,"11,485","6,778","4,258",449,"11,727","6,786","4,482",459,"11,777","6,964","4,359",454,"11,896","7,100","4,373",423,"11,911","7,107","4,389",415,"11,923","7,113","4,389",421,"11,937","7,123","4,389",425,"11,946","7,125","4,396",425,"11,958","7,137","4,396",425,"11,945","7,133","4,393",419,"11,946","7,134","4,393",419,"11,995","7,128","4,457",410,"12,588","7,545","4,716",327,"12,590","7,548","4,716",326,"12,588","7,548","4,716",324,"12,602","7,553","4,726",323,"12,704","7,572","4,789",343,"12,687","7,577","4,790",320,"12,777","7,593","4,863",321,"12,740","7,610","4,855",275,"12,701","7,665","4,828",208,"12,898","7,712","4,978",208,"13,222","7,789","5,225",208,"13,379","7,834","5,338",207,"13,391","7,846","5,341",204,"13,486","7,843","5,440",203,"13,591","7,844","5,544",203,"13,639","7,855","5,581",203,"13,760","7,864","5,692",204
154,4,King,Duvall,272,200,42,30,979,705,76,198,"1,071",798,76,197,"1,108",835,76,197,"1,136",863,76,197,"1,163",890,76,197,"1,231",958,76,197,"1,299","1,026",76,197,"1,348","1,068",93,187,"1,466","1,184",93,189,"1,576","1,293",93,190,"1,646","1,393",69,184,"1,734","1,481",69,184,"1,858","1,605",69,184,"1,987","1,667",139,181,"2,054","1,734",139,181,"2,073","1,753",139,181,"2,116","1,796",139,181,"2,146","1,826",139,181,"2,179","1,859",139,181,"2,202","1,873",147,182,"2,315","1,973",154,188,"2,325","1,985",154,186,"2,404","2,060",155,189,"2,475","2,130",156,189,"2,535","2,190",156,189,"2,550","2,203",158,189,"2,559","2,212",158,189,"2,572","2,224",162,186,"2,624","2,263",176,185,"2,684","2,323",176,185,"2,778","2,411",182,185,"2,813","2,425",203,185,"2,927","2,435",307,185,"3,009","2,440",382,187,"3,117","2,524",406,187,"3,121","2,527",407,187,"3,198","2,598",413,187
155,4,King,Enumclaw (part),"2,328","1,650",576,102,"3,031","1,766",947,318,"3,309","1,971",967,371,"3,801","2,284","1,115",402,"3,926","2,392","1,119",415,"4,078","2,511","1,130",437,"4,232","2,652","1,130",450,"4,277","2,676","1,130",471,"4,343","2,707","1,148",488,"4,383","2,734","1,148",501,"4,612","2,766","1,294",552,"4,456","2,765","1,204",487,"4,477","2,786","1,204",487,"4,499","2,808","1,204",487,"4,516","2,819","1,210",487,"4,541","2,835","1,219",487,"4,563","2,853","1,227",483,"4,592","2,860","1,241",491,"4,627","2,877","1,258",492,"4,655","2,906","1,263",486,"4,650","2,899","1,264",487,"4,683","2,926","1,271",486,"4,788","3,026","1,274",488,"4,837","3,076","1,284",477,"4,863","3,109","1,284",470,"4,857","3,110","1,284",463,"4,864","3,117","1,284",463,"4,912","3,150","1,288",474,"4,935","3,169","1,288",478,"5,020","3,196","1,341",483,"5,228","3,393","1,344",491,"5,365","3,536","1,341",488,"5,493","3,657","1,343",493,"5,553","3,713","1,344",496,"5,609","3,767","1,346",496,"5,770","3,846","1,414",510,"5,796","3,857","1,416",523,"5,827","3,880","1,418",529
156,4,King,Federal Way,.,.,.,.,"28,057","15,428","11,325","1,304","29,801","16,164","12,321","1,316","30,554","16,382","12,826","1,346","30,659","16,487","12,826","1,346","30,866","16,671","12,826","1,369","30,924","16,705","12,826","1,393","31,278","16,803","13,068","1,407","31,664","17,028","13,216","1,420","32,171","17,144","13,602","1,425","32,369","17,219","13,710","1,440","32,581","18,048","13,287","1,246","32,884","18,128","13,512","1,244","32,941","18,148","13,547","1,246","33,121","18,258","13,623","1,240","33,245","18,377","13,635","1,233","34,553","19,146","14,060","1,347","34,789","19,384","14,090","1,315","34,998","19,574","14,092","1,332","35,162","19,713","14,114","1,335","35,329","19,764","14,220","1,345","35,444","19,851","14,276","1,317","35,468","19,885","14,276","1,307","35,493","19,919","14,277","1,297","35,556","19,981","14,277","1,298","35,626","20,044","14,277","1,305","35,752","20,116","14,363","1,273","36,424","20,142","15,031","1,251","36,938","20,177","15,472","1,289","37,085","20,226","15,573","1,286","37,257","20,274","15,678","1,305","37,677","20,529","15,818","1,330","37,951","20,567","16,066","1,318","37,990","20,595","16,066","1,329","38,079","20,647","16,068","1,364","38,369","20,735","16,265","1,369","38,535","20,758","16,403","1,374","38,689","20,773","16,534","1,382"
157,4,King,Hunts Point,185,185,0,0,206,204,2,0,204,202,2,0,205,203,2,0,205,203,2,0,203,201,2,0,201,199,2,0,201,199,2,0,199,197,2,0,197,195,2,0,209,187,22,0,186,186,0,0,191,191,0,0,191,191,0,0,190,190,0,0,193,193,0,0,194,194,0,0,192,192,0,0,190,190,0,0,189,189,0,0,186,186,0,0,181,181,0,0,178,178,0,0,179,179,0,0,179,179,0,0,181,181,0,0,183,183,0,0,185,185,0,0,186,186,0,0,187,187,0,0,186,186,0,0,185,185,0,0,185,185,0,0,186,186,0,0,186,186,0,0,187,187,0,0,185,185,0,0,187,187,0,0
158,4,King,Issaquah,"2,270","1,457",729,84,"3,348","1,746","1,483",119,"3,547","1,762","1,663",122,"3,564","1,774","1,670",120,"3,641","1,795","1,706",140,"3,662","1,833","1,712",117,"3,937","1,942","1,878",117,"3,986","1,987","1,882",117,"4,161","2,074","1,968",119,"4,296","2,123","2,055",118,"4,415","2,197","2,100",118,"5,195","2,876","2,281",38,"6,341","3,211","3,090",40,"6,460","3,254","3,215",-9,"7,716","3,313","4,411",-8,"8,268","3,709","4,567",-8,"8,837","4,203","4,642",-8,"9,418","4,718","4,708",-8,"11,481","6,101","5,387",-7,"12,168","6,343","5,832",-7,"12,442","6,471","5,978",-7,"13,914","7,231","6,683",0,"14,018","7,307","6,711",0,"14,253","7,362","6,890",1,"14,684","7,498","7,185",1,"14,915","7,633","7,281",1,"15,082","7,683","7,398",1,"15,186","7,773","7,412",1,"16,202","7,898","8,303",1,"16,647","7,970","8,676",1,"16,801","8,067","8,733",1,"17,303","8,059","9,242",2,"17,618","8,108","9,508",2,"17,850","8,159","9,689",2,"18,001","8,223","9,776",2,"18,109","8,259","9,848",2,"18,149","8,288","9,859",2,"18,156","8,286","9,868",2
159,4,King,Kenmore,.,.,.,.,0,0,0,0,0,0,0,0,0,0,0,0,0,0,0,0,0,0,0,0,0,0,0,0,0,0,0,0,0,0,0,0,0,0,0,0,"6,767","4,856","1,473",438,"7,562","5,286","1,911",365,"7,623","5,292","1,962",369,"7,728","5,327","2,034",367,"7,801","5,382","2,048",371,"7,961","5,512","2,073",376,"8,066","5,599","2,091",376,"8,165","5,698","2,091",376,"8,256","5,782","2,097",377,"8,332","5,861","2,097",374,"8,456","5,898","2,184",374,"8,569","6,024","2,254",291,"8,689","6,141","2,258",290,"8,737","6,182","2,261",294,"8,787","6,232","2,263",292,"8,835","6,276","2,268",291,"8,872","6,311","2,271",290,"9,099","6,395","2,414",290,"9,257","6,465","2,502",290,"9,429","6,521","2,621",287,"9,485","6,550","2,648",287,"9,589","6,598","2,704",287,"9,665","6,625","2,753",287,"9,690","6,648","2,755",287,"9,797","6,679","2,827",291,"9,866","6,695","2,881",290,"9,962","6,708","2,963",291,"10,045","6,728","3,027",290
160,4,King,Kent,"10,942","4,977","5,190",775,"17,484","5,858","10,519","1,107","18,545","5,897","11,531","1,117","18,681","5,968","11,596","1,117","19,057","6,045","11,896","1,116","19,416","6,388","11,912","1,116","20,477","6,862","12,491","1,124","26,385","11,038","13,890","1,457","27,045","11,205","14,405","1,435","31,028","13,130","16,401","1,497","31,419","13,386","16,527","1,506","32,488","15,187","15,844","1,457","33,697","15,716","16,520","1,461","34,464","16,178","16,815","1,471","34,741","16,356","16,917","1,468","35,198","16,717","17,027","1,454","35,498","16,999","17,031","1,468","35,637","17,136","17,061","1,440","35,955","17,436","17,075","1,444","36,045","17,669","17,101","1,275","36,427","17,844","17,297","1,286","36,424","17,966","17,234","1,224","45,644","25,088","18,721","1,835","45,969","25,311","18,735","1,923","46,195","25,536","18,753","1,906","46,417","25,750","18,759","1,908","46,786","25,935","18,929","1,922","46,953","26,075","18,966","1,912","47,284","26,260","19,125","1,899","47,694","26,428","19,361","1,905","48,199","26,728","19,587","1,884","49,157","27,352","19,923","1,882","49,583","27,494","20,231","1,858","49,732","27,578","20,281","1,873","50,362","27,760","20,737","1,865","51,087","27,916","21,307","1,864","51,027","27,665","21,503","1,859","51,314","27,808","21,646","1,860"
161,4,King,Kirkland,"8,262","4,840","3,379",43,"18,063","9,750","8,079",234,"18,417","9,817","8,366",234,"18,847","9,896","8,717",234,"18,959","9,990","8,735",234,"19,026","10,053","8,739",234,"19,254","10,149","8,870",235,"19,645","10,240","9,171",234,"19,773","10,283","9,255",235,"20,232","10,352","9,644",236,"20,633","10,433","9,964",236,"21,831","11,018","10,759",54,"22,251","11,153","11,012",86,"22,361","11,180","11,096",85,"22,609","11,261","11,263",85,"22,867","11,305","11,508",54,"23,047","11,402","11,589",56,"23,337","11,451","11,832",54,"23,720","11,546","12,120",54,"24,007","11,672","12,280",55,"24,245","11,781","12,408",56,"24,345","11,887","12,403",55,"24,474","11,945","12,474",55,"37,135","20,990","16,059",86,"37,305","21,068","16,151",86,"37,784","21,176","16,522",86,"38,099","21,257","16,756",86,"38,351","21,441","16,830",80,"38,765","21,584","17,127",54,"38,986","21,706","17,226",54,"39,312","21,880","17,378",54,"40,019","22,020","17,945",54,"40,596","22,172","18,372",52,"41,423","22,238","19,133",52,"42,617","22,337","20,228",52,"42,788","22,336","20,401",51,"43,428","22,500","20,877",51,"44,555","22,599","21,905",51
162,4,King,Lake Forest Park,897,841,56,0,"1,281","1,169",101,11,"1,283","1,171",101,11,"1,289","1,177",101,11,"1,292","1,180",101,11,"1,548","1,421",115,12,"2,936","2,417",509,10,"4,944","4,222",710,12,"4,957","4,237",710,10,"5,127","4,249",863,15,"5,256","4,348",887,21,"5,168","4,362",777,29,"5,179","4,373",777,29,"5,184","4,379",777,28,"5,187","4,384",775,28,"5,192","4,386",778,28,"5,219","4,413",778,28,"5,227","4,421",778,28,"5,224","4,418",778,28,"5,239","4,433",778,28,"5,239","4,433",778,28,"5,268","4,478",785,5,"5,272","4,479",788,5,"5,287","4,493",789,5,"5,303","4,503",795,5,"5,324","4,521",798,5,"5,329","4,525",799,5,"5,358","4,534",819,5,"5,389","4,548",837,4,"5,427","4,570",853,4,"5,494","4,593",897,4,"5,565","4,653",908,4,"5,565","4,653",908,4,"5,561","4,649",908,4,"5,589","4,658",927,4,"5,599","4,666",929,4,"5,607","4,671",932,4,"5,611","4,673",934,4
163,4,King,Maple Valley,.,.,.,.,0,0,0,0,0,0,0,0,0,0,0,0,0,0,0,0,0,0,0,0,0,0,0,0,0,0,0,0,0,0,0,0,"4,229","3,676",357,196,"4,433","3,805",357,271,"4,922","4,304",415,203,"5,064","4,410",415,239,"5,275","4,549",465,261,"5,539","4,787",465,287,"6,001","5,249",465,287,"6,374","5,596",463,315,"6,768","5,965",463,340,"7,065","6,240",484,341,"7,233","6,391",496,346,"7,358","6,514",496,348,"7,997","6,962",481,554,"8,105","7,070",481,554,"8,245","7,212",481,552,"8,406","7,373",481,552,"8,473","7,440",481,552,"8,625","7,592",481,552,"8,649","7,616",481,552,"8,695","7,662",481,552,"8,825","7,792",481,552,"9,280","7,916",812,552,"9,435","8,070",814,551,"9,650","8,283",816,551,"9,856","8,390",915,551,"9,948","8,481",916,551,"9,968","8,501",916,551,"9,979","8,512",916,551,"9,982","8,513",916,553
164,4,King,Medina,"1,146","1,108",38,0,"1,172","1,167",4,1,"1,175","1,170",4,1,"1,179","1,174",4,1,"1,191","1,186",4,1,"1,194","1,189",4,1,"1,199","1,194",4,1,"1,209","1,204",4,1,"1,208","1,203",4,1,"1,207","1,202",4,1,"1,201","1,196",4,1,"1,165","1,165",0,0,"1,157","1,157",0,0,"1,167","1,167",0,0,"1,164","1,164",0,0,"1,169","1,169",0,0,"1,170","1,170",0,0,"1,166","1,166",0,0,"1,163","1,163",0,0,"1,162","1,162",0,0,"1,164","1,164",0,0,"1,162","1,162",0,0,"1,163","1,163",0,0,"1,171","1,171",0,0,"1,174","1,174",0,0,"1,184","1,184",0,0,"1,198","1,198",0,0,"1,209","1,209",0,0,"1,220","1,220",0,0,"1,234","1,234",0,0,"1,233","1,233",0,0,"1,131","1,131",0,0,"1,122","1,122",0,0,"1,132","1,130",2,0,"1,140","1,138",2,0,"1,134","1,132",2,0,"1,134","1,131",3,0,"1,135","1,132",3,0
165,4,King,Mercer Island,"7,800","6,243","1,547",10,"8,321","6,702","1,585",34,"8,479","6,751","1,694",34,"8,533","6,781","1,718",34,"8,526","6,774","1,718",34,"8,519","6,775","1,710",34,"8,531","6,783","1,714",34,"8,659","6,804","1,821",34,"8,722","6,832","1,856",34,"8,791","6,830","1,927",34,"8,843","6,882","1,927",34,"8,806","6,934","1,861",11,"8,791","6,919","1,861",11,"8,804","6,932","1,861",11,"8,861","6,966","1,884",11,"8,952","6,984","1,957",11,"8,932","6,979","1,942",11,"9,016","6,980","2,025",11,"9,361","6,989","2,361",11,"9,346","6,974","2,361",11,"9,371","6,996","2,364",11,"9,930","7,368","2,562",0,"9,933","7,369","2,564",0,"9,926","7,360","2,566",0,"9,929","7,358","2,571",0,"10,102","7,355","2,747",0,"10,191","7,358","2,833",0,"10,229","7,390","2,839",0,"10,449","7,389","3,060",0,"10,473","7,399","3,074",0,"10,506","7,431","3,075",0,"10,570","7,431","3,139",0,"10,589","7,445","3,144",0,"10,589","7,441","3,148",0,"10,605","7,451","3,154",0,"10,620","7,460","3,160",0,"10,628","7,466","3,162",0,"10,647","7,478","3,169",0
166,4,King,Milton (part),118,7,0,111,273,156,0,117,272,155,0,117,281,158,0,123,293,176,0,117,301,184,0,117,305,188,0,117,307,190,0,117,321,204,0,117,329,212,0,117,353,236,0,117,330,231,1,98,330,231,1,98,332,233,1,98,332,233,1,98,332,233,1,98,340,241,1,98,340,241,1,98,339,240,1,98,340,241,1,98,342,242,1,99,357,239,0,118,359,239,0,120,361,240,0,121,361,239,0,122,478,239,116,123,480,239,116,125,600,239,239,122,608,239,242,127,608,239,242,127,608,239,242,127,687,338,222,127,684,335,222,127,684,335,222,127,688,335,222,131,688,335,222,131,688,335,222,131,809,336,342,131
167,4,King,Newcastle,.,.,.,.,.,.,.,.,.,.,.,.,.,.,.,.,.,.,.,.,0,0,0,0,"3,275","2,352",862,61,"3,339","2,416",862,61,"3,423","2,505",862,56,"3,476","2,559",862,55,"3,473","2,565",862,46,"3,117","2,361",723,33,"3,153","2,398",723,32,"3,319","2,460",835,24,"3,443","2,528",893,22,"3,575","2,647",908,20,"3,699","2,739",941,19,"3,793","2,837",943,13,"3,902","2,946",943,13,"3,984","2,989",985,10,"4,125","3,032","1,084",9,"4,227","3,104","1,106",17,"4,246","3,123","1,111",12,"4,275","3,136","1,127",12,"4,345","3,157","1,176",12,"4,401","3,184","1,205",12,"4,429","3,205","1,212",12,"4,447","3,223","1,212",12,"4,550","3,265","1,273",12,"5,170","3,304","1,854",12,"5,196","3,318","1,866",12,"5,471","3,368","2,091",12,"5,762","3,371","2,379",12,"5,807","3,390","2,405",12,"5,830","3,408","2,410",12,"5,884","3,460","2,412",12,"5,953","3,529","2,412",12,"6,009","3,584","2,413",12
168,4,King,Normandy Park,"1,440","1,349",91,0,"2,628","2,257",361,10,"2,637","2,265",361,11,"2,697","2,318",365,14,"2,706","2,329",365,12,"2,708","2,331",365,12,"2,714","2,337",365,12,"2,825","2,339",474,12,"2,834","2,348",474,12,"2,839","2,353",474,12,"2,840","2,354",474,12,"2,670","2,186",460,24,"2,675","2,191",460,24,"2,679","2,195",460,24,"2,685","2,201",460,24,"2,775","2,206",545,24,"2,779","2,210",545,24,"2,783","2,214",545,24,"2,786","2,217",545,24,"2,781","2,212",545,24,"2,804","2,218",562,24,"2,838","2,253",582,3,"2,842","2,257",582,3,"2,844","2,259",582,3,"2,846","2,260",583,3,"2,852","2,265",584,3,"2,867","2,279",585,3,"2,869","2,282",585,2,"2,874","2,287",585,2,"2,876","2,287",587,2,"2,876","2,287",587,2,"2,807","2,231",574,2,"2,812","2,235",574,3,"2,818","2,239",576,3,"2,847","2,243",601,3,"2,849","2,245",601,3,"2,850","2,245",602,3,"2,854","2,246",605,3
169,4,King,North Bend,722,500,169,53,"1,097",653,334,110,"1,099",669,334,96,"1,104",673,334,97,"1,108",685,334,89,"1,184",727,368,89,"1,242",780,368,94,"1,291",833,368,90,"1,380",928,368,84,"1,540","1,033",420,87,"1,643","1,069",490,84,"1,889","1,258",579,52,"1,891","1,260",579,52,"1,891","1,260",579,52,"1,877","1,259",579,39,"1,890","1,264",579,47,"1,903","1,274",579,50,"1,906","1,275",581,50,"1,907","1,276",581,50,"1,903","1,274",581,48,"1,937","1,305",581,51,"2,348","1,553",625,170,"2,390","1,586",626,178,"2,403","1,600",620,183,"2,465","1,656",626,183,"2,543","1,732",628,183,"2,608","1,798",628,182,"2,639","1,829",628,182,"2,649","1,836",628,185,"2,730","1,918",628,184,"2,783","1,968",630,185,"2,951","2,097",671,183,"3,031","2,177",671,183,"3,149","2,296",671,182,"3,212","2,364",671,177,"3,301","2,371",753,177,"3,519","2,377",965,177,"3,612","2,409","1,027",176
170,4,King,Pacific (part),906,632,229,45,"1,815",901,559,355,"1,840",926,559,355,"2,022",932,730,360,"2,065",975,730,360,"2,105","1,007",738,360,"2,128","1,030",738,360,"2,157","1,039",758,360,"2,170","1,049",761,360,"2,174","1,053",761,360,"2,181","1,060",761,360,"2,025","1,141",767,117,"2,028","1,144",767,117,"2,044","1,160",767,117,"2,125","1,177",852,96,"2,157","1,209",852,96,"2,193","1,235",848,110,"2,216","1,280",830,106,"2,260","1,323",830,107,"2,321","1,380",830,111,"2,369","1,401",854,114,"2,377","1,373",835,169,"2,377","1,374",836,167,"2,380","1,377",837,166,"2,433","1,431",837,165,"2,449","1,444",837,168,"2,452","1,450",837,165,"2,452","1,450",838,164,"2,456","1,455",839,162,"2,463","1,463",839,161,"2,460","1,462",839,159,"2,466","1,478",839,149,"2,473","1,485",839,149,"2,481","1,492",840,149,"2,478","1,490",841,147,"2,482","1,491",842,149,"2,486","1,495",842,149,"2,494","1,500",845,149
171,4,King,Redmond,"8,728","6,035","2,293",400,"14,972","8,318","6,272",382,"15,987","8,376","7,229",382,"16,175","8,443","7,350",382,"16,588","8,559","7,651",378,"16,760","8,623","7,760",377,"17,034","8,719","7,934",381,"17,390","8,856","8,155",379,"17,975","8,971","8,625",379,"18,509","9,068","9,061",380,"19,183","9,177","9,625",381,"20,248","10,376","9,553",319,"20,369","10,448","9,603",318,"20,660","10,550","9,788",322,"21,274","10,695","10,277",302,"21,770","10,810","10,698",262,"22,184","11,059","10,767",358,"22,615","11,298","10,939",378,"22,860","11,528","10,962",370,"23,144","11,689","11,083",372,"23,323","11,785","11,160",378,"24,177","11,948","11,880",349,"24,671","12,127","12,196",348,"24,831","12,218","12,275",338,"24,933","12,301","12,294",338,"25,549","12,425","12,794",330,"26,141","12,572","13,229",340,"26,509","12,743","13,425",341,"27,169","12,915","13,911",343,"27,898","13,062","14,493",343,"28,619","13,196","15,080",343,"31,738","13,706","17,689",343,"32,468","13,794","18,331",343,"33,163","13,811","19,009",343,"34,328","13,848","20,137",343,"35,796","13,858","21,595",343,"37,186","13,911","22,932",343,"38,216","13,981","23,892",343
172,4,King,Renton,"13,739","8,286","5,142",311,"19,243","9,545","8,898",800,"19,896","9,639","9,451",806,"20,109","9,717","9,619",773,"20,365","9,806","9,777",782,"20,576","9,875","9,916",785,"20,981","10,093","10,102",786,"21,084","10,178","10,126",780,"21,380","10,349","10,260",771,"21,671","10,522","10,378",771,"22,607","10,780","11,077",750,"22,676","11,430","10,752",494,"23,338","11,686","11,162",490,"24,520","12,169","11,863",488,"25,287","12,588","12,213",486,"25,908","13,063","12,359",486,"26,580","13,595","12,498",487,"27,099","13,887","12,726",486,"27,762","14,380","12,891",491,"35,754","19,172","15,832",750,"37,741","20,222","16,536",983,"38,930","20,883","17,094",953,"39,767","21,148","17,652",967,"40,350","21,470","17,912",968,"40,769","21,783","18,017",969,"41,009","22,003","18,038",968,"41,280","22,229","18,075",976,"41,988","22,349","18,656",983,"42,405","22,501","18,916",988,"42,621","22,605","19,027",989,"42,855","22,732","19,130",993,"43,362","22,988","19,382",992,"43,504","23,096","19,419",989,"43,732","23,183","19,561",988,"43,863","23,209","19,664",990,"44,406","23,234","20,184",988,"44,705","23,263","20,456",986,"45,081","23,316","20,779",986
173,4,King,Sammamish,.,.,.,.,.,.,.,.,.,.,.,.,.,.,.,.,.,.,.,.,.,.,.,.,.,.,.,.,.,.,.,.,.,.,.,.,.,.,.,.,.,.,.,.,"11,599","10,829",686,84,"11,753","10,981",686,86,"11,953","11,178",686,89,"12,223","11,445",686,92,"12,947","11,997",858,92,"13,602","12,652",858,92,"13,815","12,865",858,92,"13,936","12,986",858,92,"14,037","13,087",858,92,"14,086","13,136",858,92,"15,736","14,598",940,198,"16,148","15,010",940,198,"16,305","15,165",942,198,"16,490","15,344",949,197,"16,762","15,587",978,197,"16,959","15,782",983,194,"21,090","18,739","2,160",191,"21,310","18,942","2,178",190,"21,774","19,211","2,374",189,"22,159","19,398","2,572",189,"22,544","19,877","2,618",49,"22,722","20,023","2,651",48,"22,820","20,119","2,653",48,"22,867","20,162","2,657",48,"22,926","20,219","2,660",47,"22,961","20,251","2,663",47,"22,986","20,269","2,670",47
174,4,King,SeaTac,.,.,.,.,"10,190","5,466","3,631","1,093","10,260","5,474","3,689","1,097","10,233","5,457","3,689","1,087","10,286","5,460","3,723","1,103","10,361","5,485","3,723","1,153","10,355","5,514","3,723","1,118","10,445","5,544","3,788","1,113","10,530","5,561","3,835","1,134","10,544","5,572","3,835","1,137","10,509","5,555","3,835","1,119","10,176","5,523","3,766",887,"10,135","5,518","3,766",851,"10,076","5,457","3,766",853,"10,108","5,493","3,767",848,"10,140","5,519","3,767",854,"10,307","5,555","3,908",844,"10,300","5,530","3,923",847,"10,346","5,567","3,984",795,"10,495","5,623","4,058",814,"10,392","5,622","4,092",678,"10,360","5,606","4,202",552,"10,404","5,608","4,245",551,"10,509","5,604","4,355",550,"10,505","5,604","4,356",545,"10,504","5,606","4,357",541,"10,505","5,605","4,357",543,"10,512","5,611","4,360",541,"10,803","5,619","4,650",534,"10,836","5,658","4,651",527,"10,855","5,675","4,654",526,"11,774","5,679","5,480",615,"11,885","5,692","5,605",588,"11,851","5,692","5,590",569,"11,794","5,700","5,590",504,"12,391","5,704","6,175",512,"12,523","5,710","6,301",512,"12,642","5,706","6,437",499
175,4,King,Seattle,"230,039","131,657","97,484",898,"249,032","132,330","113,146","3,556","251,679","132,647","115,476","3,556","254,575","132,886","118,133","3,556","256,728","133,141","120,031","3,556","258,959","133,423","121,980","3,556","259,864","133,673","122,635","3,556","260,894","133,938","123,400","3,556","261,979","134,223","124,200","3,556","264,421","134,606","126,259","3,556","266,127","134,964","127,607","3,556","270,524","138,820","130,343","1,361","273,623","139,086","133,176","1,361","277,849","139,357","137,131","1,361","280,883","139,630","139,892","1,361","282,930","139,902","141,667","1,361","285,532","140,238","143,933","1,361","288,723","140,630","146,732","1,361","292,231","140,774","150,096","1,361","295,680","140,958","153,361","1,361","301,623","141,374","158,888","1,361","308,516","142,407","165,971",138,"310,824","142,561","168,125",138,"313,015","142,749","170,128",138,"317,747","142,918","174,688",141,"323,445","143,132","180,172",141,"332,878","143,422","189,315",141,"340,479","143,725","196,613",141,"348,117","143,651","204,325",141,"356,568","143,875","212,552",141,"367,806","144,085","223,580",141,"368,308","141,304","226,863",141,"377,035","141,604","235,290",141,"388,133","141,806","246,186",141,"400,666","142,079","258,446",141,"413,723","142,466","271,116",141,"426,090","142,764","283,185",141,"433,871","143,042","290,688",141
176,4,King,Shoreline,.,.,.,.,.,.,.,.,.,.,.,.,.,.,.,.,.,.,.,.,.,.,.,.,.,.,.,.,"19,153","14,561","4,284",308,"19,951","15,167","4,472",312,"20,061","15,256","4,487",318,"20,934","15,686","4,920",328,"21,338","15,776","5,373",189,"21,379","15,814","5,387",178,"21,441","15,848","5,397",196,"21,544","15,896","5,414",234,"21,641","15,941","5,454",246,"21,707","15,969","5,499",239,"21,656","15,975","5,527",154,"21,801","16,021","5,656",124,"21,907","16,004","5,802",101,"22,371","16,065","6,205",101,"22,787","16,290","6,422",75,"22,920","16,312","6,533",75,"22,956","16,320","6,560",76,"23,103","16,327","6,700",76,"23,290","16,337","6,878",75,"23,459","16,358","7,027",74,"23,477","16,370","7,034",73,"23,487","16,393","7,021",73,"23,762","16,455","7,234",73,"24,127","16,462","7,592",73,"24,043","16,314","7,656",73,"24,509","16,325","8,111",73,"25,241","16,333","8,835",73,"25,604","16,343","9,188",73,"26,459","16,320","10,066",73,"27,460","16,311","11,076",73,"28,337","16,304","11,960",73
177,4,King,Skykomish,157,139,4,14,159,136,5,18,159,136,5,18,157,135,5,17,156,135,5,16,161,134,5,22,167,135,5,27,158,136,5,17,175,135,5,35,172,137,5,30,159,137,5,17,162,144,3,15,162,144,3,15,162,144,3,15,163,145,3,15,162,145,3,14,163,146,3,14,162,145,3,14,162,145,3,14,160,145,3,12,160,145,3,12,168,153,2,13,167,153,2,12,171,154,2,15,167,152,2,13,166,151,2,13,164,149,2,13,166,151,2,13,167,151,2,14,173,152,7,14,174,153,7,14,154,133,7,14,154,133,7,14,155,134,7,14,155,134,7,14,155,134,7,14,155,134,7,14,155,134,7,14
178,4,King,Snoqualmie,551,461,77,13,637,471,139,27,637,471,139,27,634,467,139,28,636,469,139,28,637,470,139,28,637,471,139,27,658,472,155,31,664,478,155,31,676,490,155,31,820,629,160,31,656,481,153,22,"1,389","1,043",325,21,"1,715","1,288",408,19,"1,960","1,521",420,19,"2,363","1,848",499,16,"2,630","2,110",503,17,"2,897","2,388",490,19,"3,188","2,680",490,18,"3,456","2,950",490,16,"3,585","3,061",508,16,"3,761","3,217",528,16,"3,876","3,340",536,0,"3,997","3,455",542,0,"4,114","3,570",544,0,"4,227","3,680",547,0,"4,475","3,828",647,0,"4,546","3,868",678,0,"4,592","3,913",679,0,"4,673","3,994",679,0,"4,748","4,069",679,0,"4,674","4,005",669,0,"4,870","4,009",861,0,"4,871","4,009",862,0,"4,874","4,009",865,0,"4,880","4,015",865,0,"4,887","4,022",865,0,"4,889","4,021",868,0
179,4,King,Tukwila,"1,938",614,"1,324",0,"5,972","2,459","3,190",323,"7,319","3,011","3,959",349,"7,329","3,016","3,959",354,"7,328","3,019","3,959",350,"7,329","3,035","3,959",335,"7,446","3,066","4,031",349,"7,447","3,072","4,031",344,"7,468","3,079","4,031",358,"7,499","3,095","4,062",342,"7,521","3,106","4,072",343,"7,725","3,340","4,107",278,"7,747","3,362","4,107",278,"7,785","3,397","4,107",281,"7,840","3,452","4,107",281,"7,874","3,488","4,107",279,"7,878","3,505","4,107",266,"7,902","3,532","4,107",263,"7,929","3,558","4,107",264,"7,970","3,599","4,107",264,"7,983","3,608","4,107",268,"7,755","3,526","4,007",222,"7,726","3,522","3,989",215,"7,733","3,523","3,994",216,"7,740","3,530","3,994",216,"7,761","3,544","3,994",223,"7,779","3,550","4,003",226,"7,799","3,569","4,004",226,"7,833","3,597","4,010",226,"7,869","3,619","4,024",226,"8,445","3,630","4,589",226,"8,742","3,694","4,823",225,"8,839","3,702","4,912",225,"9,198","3,708","5,266",224,"9,194","3,720","5,251",223,"9,231","3,750","5,258",223,"9,249","3,757","5,270",222,"9,558","3,773","5,563",222
180,4,King,Woodinville,.,.,.,.,.,.,.,.,.,.,.,.,0,0,0,0,"3,662","2,131","1,474",57,"3,715","2,145","1,513",57,"3,726","2,156","1,513",57,"3,913","2,194","1,661",58,"3,925","2,204","1,663",58,"4,104","2,233","1,813",58,"4,081","2,237","1,813",31,"3,900","2,472","1,276",152,"3,907","2,478","1,276",153,"3,918","2,489","1,276",153,"3,983","2,554","1,276",153,"4,069","2,592","1,322",155,"4,208","2,684","1,370",154,"4,273","2,749","1,370",154,"4,274","2,761","1,370",143,"4,299","2,770","1,386",143,"4,353","2,786","1,465",102,"4,996","2,940","1,957",99,"4,997","2,940","1,958",99,"5,004","2,943","1,958",103,"5,006","2,946","1,958",102,"5,006","2,946","1,958",102,"4,910","2,946","1,958",6,"5,004","2,963","2,035",6,"5,099","2,982","2,112",5,"5,154","3,038","2,112",4,"5,450","3,089","2,357",4,"5,895","3,275","2,616",4,"5,907","3,287","2,616",4,"6,198","3,280","2,914",4,"6,414","3,289","3,121",4,"6,420","3,295","3,121",4,"6,500","3,303","3,193",4,"6,797","3,300","3,493",4
181,4,King,Yarrow Point,372,372,0,0,382,375,3,4,386,379,3,4,386,379,3,4,386,379,3,4,388,381,3,4,396,389,3,4,400,393,3,4,405,398,3,4,405,398,3,4,406,399,3,4,393,390,3,0,394,391,3,0,394,391,3,0,395,392,3,0,392,389,3,0,387,384,3,0,388,385,3,0,388,385,3,0,388,385,3,0,387,384,3,0,407,407,0,0,410,410,0,0,410,410,0,0,413,413,0,0,409,409,0,0,412,411,1,0,406,405,1,0,409,408,1,0,418,416,2,0,416,414,2,0,412,407,5,0,409,405,4,0,408,404,4,0,415,409,6,0,415,409,6,0,411,405,6,0,414,408,6,0
182,.,.,.,.,.,.,.,.,.,.,.,.,.,.,.,.,.,.,.,.,.,.,.,.,.,.,.,.,.,.,.,.,.,.,.,.,.,.,.,.,.,.,.,.,.,.,.,.,.,.,.,.,.,.,.,.,.,.,.,.,.,.,.,.,.,.,.,.,.,.,.,.,.,.,.,.,.,.,.,.,.,.,.,.,.,.,.,.,.,.,.,.,.,.,.,.,.,.,.,.,.,.,.,.,.,.,.,.,.,.,.,.,.,.,.,.,.,.,.,.,.,.,.,.,.,.,.,.,.,.,.,.,.,.,.,.,.,.,.,.,.,.,.,.,.,.,.,.,.,.,.,.,.,.,.
183,1,Kitsap,Kitsap County,"57,327","41,834","11,728","3,765","74,038","51,170","13,959","8,909","77,806","53,281","14,924","9,601","80,539","55,029","15,195","10,315","83,575","56,830","15,757","10,988","85,961","58,323","16,154","11,484","89,009","59,994","16,992","12,023","90,959","61,342","17,157","12,460","92,874","62,569","17,400","12,905","94,041","63,439","17,236","13,366","95,305","64,221","17,326","13,758","92,644","64,878","18,415","9,351","93,708","65,648","18,413","9,647","95,179","66,903","18,371","9,905","96,564","67,961","18,466","10,137","97,895","68,984","18,545","10,366","99,414","70,145","18,649","10,620","101,091","71,288","19,084","10,719","102,872","72,282","19,782","10,808","104,466","73,392","20,283","10,791","105,226","74,032","20,379","10,815","107,367","75,611","20,797","10,959","107,364","75,883","20,527","10,954","107,858","76,199","20,710","10,949","108,449","76,666","20,851","10,932","109,136","77,221","20,990","10,925","109,474","77,511","21,084","10,879","110,385","78,191","21,309","10,885","111,145","78,873","21,390","10,882","112,344","79,747","21,709","10,888","113,145","80,422","21,828","10,895","113,248","80,518","21,982","10,748","114,252","81,171","22,262","10,819","115,403","81,941","22,594","10,868","116,977","82,898","23,175","10,904","118,752","83,924","23,880","10,948","120,648","84,826","24,849","10,973","122,072","85,662","25,434","10,976"
184,2,Kitsap,Unincorporated Kitsap County,"37,874","31,020","3,493","3,361","52,512","39,001","5,522","7,989","50,437","35,948","6,066","8,423","52,855","37,479","6,266","9,110","55,452","39,149","6,529","9,774","57,488","40,452","6,757","10,279","59,460","41,709","6,967","10,784","60,938","42,793","6,956","11,189","62,397","43,777","7,027","11,593","63,168","44,222","6,959","11,987","63,928","44,766","6,804","12,358","61,326","45,294","7,716","8,316","62,076","45,771","7,707","8,598","63,302","46,748","7,699","8,855","64,346","47,581","7,691","9,074","65,293","48,317","7,685","9,291","66,347","49,144","7,679","9,524","67,681","49,981","8,068","9,632","68,927","50,733","8,469","9,725","69,762","51,511","8,531","9,720","70,369","52,016","8,615","9,738","70,759","52,145","8,717","9,897","70,913","52,320","8,717","9,876","71,067","52,473","8,720","9,874","70,886","52,452","8,678","9,756","71,244","52,750","8,706","9,788","71,391","52,931","8,712","9,748","71,698","53,228","8,715","9,755","72,098","53,613","8,728","9,757","72,605","54,077","8,769","9,759","73,008","54,458","8,778","9,772","72,321","54,065","8,612","9,644","72,751","54,408","8,622","9,721","73,139","54,729","8,635","9,775","73,726","55,115","8,794","9,817","74,381","55,502","9,046","9,833","75,262","55,954","9,471","9,837","75,684","56,324","9,528","9,832"
185,3,Kitsap,Incorporated Kitsap County,"19,453","10,814","8,235",404,"21,526","12,169","8,437",920,"27,369","17,333","8,858","1,178","27,684","17,550","8,929","1,205","28,123","17,681","9,228","1,214","28,473","17,871","9,397","1,205","29,549","18,285","10,025","1,239","30,021","18,549","10,201","1,271","30,477","18,792","10,373","1,312","30,873","19,217","10,277","1,379","31,377","19,455","10,522","1,400","31,318","19,584","10,699","1,035","31,632","19,877","10,706","1,049","31,877","20,155","10,672","1,050","32,218","20,380","10,775","1,063","32,602","20,667","10,860","1,075","33,067","21,001","10,970","1,096","33,410","21,307","11,016","1,087","33,945","21,549","11,313","1,083","34,704","21,881","11,752","1,071","34,857","22,016","11,764","1,077","36,608","23,466","12,080","1,062","36,451","23,563","11,810","1,078","36,791","23,726","11,990","1,075","37,563","24,214","12,173","1,176","37,892","24,471","12,284","1,137","38,083","24,580","12,372","1,131","38,687","24,963","12,594","1,130","39,047","25,260","12,662","1,125","39,739","25,670","12,940","1,129","40,137","25,964","13,050","1,123","40,927","26,453","13,370","1,104","41,501","26,763","13,640","1,098","42,264","27,212","13,959","1,093","43,251","27,783","14,381","1,087","44,371","28,422","14,834","1,115","45,386","28,872","15,378","1,136","46,388","29,338","15,906","1,144"
186,4,Kitsap,Bainbridge Island,"1,061",513,490,58,"1,596",665,776,155,"7,134","5,571","1,132",431,"7,296","5,709","1,134",453,"7,477","5,802","1,216",459,"7,621","5,920","1,253",448,"7,854","6,098","1,300",456,"8,005","6,221","1,309",475,"8,167","6,361","1,314",492,"8,319","6,494","1,317",508,"8,529","6,689","1,323",517,"8,517","7,134","1,105",278,"8,724","7,338","1,110",276,"8,877","7,522","1,083",272,"9,026","7,660","1,095",271,"9,232","7,786","1,177",269,"9,376","7,902","1,217",257,"9,544","8,076","1,214",254,"9,891","8,169","1,474",248,"10,034","8,250","1,542",242,"10,106","8,305","1,562",239,"10,584","8,572","1,610",402,"10,604","8,586","1,618",400,"10,624","8,603","1,626",395,"10,669","8,634","1,641",394,"10,735","8,699","1,643",393,"10,754","8,693","1,670",391,"10,832","8,750","1,694",388,"10,922","8,811","1,728",383,"11,061","8,902","1,773",386,"11,185","8,966","1,833",386,"11,251","8,898","1,984",369,"11,315","8,955","1,993",367,"11,385","8,992","2,025",368,"11,437","9,027","2,044",366,"11,537","9,058","2,112",367,"11,684","9,073","2,244",367,"11,718","9,098","2,253",367
187,4,Kitsap,Bremerton,"14,960","8,246","6,536",178,"15,693","9,190","6,124",379,"15,840","9,302","6,128",410,"15,879","9,332","6,137",410,"15,932","9,338","6,180",414,"16,062","9,368","6,300",394,"16,490","9,492","6,568",430,"16,538","9,535","6,568",435,"16,636","9,577","6,603",456,"16,685","9,660","6,526",499,"16,803","9,652","6,655",496,"16,631","9,007","7,289",335,"16,626","8,989","7,287",350,"16,583","8,963","7,268",352,"16,614","8,983","7,268",363,"16,638","8,995","7,268",375,"16,701","9,040","7,258",403,"16,758","9,072","7,291",395,"16,812","9,115","7,300",397,"17,171","9,137","7,639",395,"17,170","9,137","7,631",402,"17,273","9,148","7,758",367,"16,915","9,059","7,470",386,"17,090","9,074","7,624",392,"17,240","9,128","7,716",396,"17,281","9,206","7,715",360,"17,194","9,181","7,652",361,"17,535","9,328","7,846",361,"17,612","9,395","7,856",361,"17,991","9,562","8,068",361,"17,998","9,652","7,988",358,"18,351","9,924","8,070",357,"18,770","10,095","8,321",354,"19,123","10,369","8,407",347,"19,399","10,516","8,543",340,"19,638","10,607","8,664",367,"19,894","10,673","8,835",386,"20,182","10,755","9,034",393
188,4,Kitsap,Port Orchard,"1,950","1,237",659,54,"2,090","1,255",689,146,"2,100","1,269",750,81,"2,179","1,307",788,84,"2,355","1,314",958,83,"2,391","1,326",960,105,"2,635","1,406","1,134",95,"2,798","1,439","1,258",101,"2,952","1,457","1,390",105,"3,011","1,511","1,398",102,"3,182","1,550","1,515",117,"3,178","1,764","1,277",137,"3,215","1,800","1,281",134,"3,267","1,837","1,293",137,"3,300","1,861","1,299",140,"3,358","1,917","1,299",142,"3,440","1,953","1,345",142,"3,472","1,973","1,357",142,"3,516","1,989","1,385",142,"3,596","2,040","1,415",141,"3,609","2,051","1,415",143,"4,636","3,070","1,504",62,"4,780","3,205","1,514",61,"4,888","3,299","1,530",59,"5,375","3,612","1,606",157,"5,527","3,656","1,716",155,"5,695","3,701","1,841",153,"5,791","3,798","1,841",152,"5,862","3,865","1,845",152,"5,911","3,910","1,847",154,"6,015","3,978","1,885",152,"6,209","4,152","1,906",151,"6,285","4,229","1,906",150,"6,526","4,326","2,049",151,"7,070","4,652","2,264",154,"7,522","4,936","2,433",153,"8,065","5,236","2,674",155,"8,596","5,484","2,956",156
189,4,Kitsap,Poulsbo,"1,482",818,550,114,"2,147","1,059",848,240,"2,295","1,191",848,256,"2,330","1,202",870,258,"2,359","1,227",874,258,"2,399","1,257",884,258,"2,570","1,289","1,023",258,"2,680","1,354","1,066",260,"2,722","1,397","1,066",259,"2,858","1,552","1,036",270,"2,863","1,564","1,029",270,"2,992","1,679","1,028",285,"3,067","1,750","1,028",289,"3,150","1,833","1,028",289,"3,278","1,876","1,113",289,"3,374","1,969","1,116",289,"3,550","2,106","1,150",294,"3,636","2,186","1,154",296,"3,726","2,276","1,154",296,"3,903","2,454","1,156",293,"3,972","2,523","1,156",293,"4,115","2,676","1,208",231,"4,152","2,713","1,208",231,"4,189","2,750","1,210",229,"4,279","2,840","1,210",229,"4,349","2,910","1,210",229,"4,440","3,005","1,209",226,"4,529","3,087","1,213",229,"4,651","3,189","1,233",229,"4,776","3,296","1,252",228,"4,939","3,368","1,344",227,"5,116","3,479","1,410",227,"5,131","3,484","1,420",227,"5,230","3,525","1,478",227,"5,345","3,588","1,530",227,"5,674","3,821","1,625",228,"5,743","3,890","1,625",228,"5,892","4,001","1,663",228
190,.,.,.,.,.,.,.,.,.,.,.,.,.,.,.,.,.,.,.,.,.,.,.,.,.,.,.,.,.,.,.,.,.,.,.,.,.,.,.,.,.,.,.,.,.,.,.,.,.,.,.,.,.,.,.,.,.,.,.,.,.,.,.,.,.,.,.,.,.,.,.,.,.,.,.,.,.,.,.,.,.,.,.,.,.,.,.,.,.,.,.,.,.,.,.,.,.,.,.,.,.,.,.,.,.,.,.,.,.,.,.,.,.,.,.,.,.,.,.,.,.,.,.,.,.,.,.,.,.,.,.,.,.,.,.,.,.,.,.,.,.,.,.,.,.,.,.,.,.,.,.,.,.,.,.
191,1,Kittitas,Kittitas County,"11,709","7,579","2,765","1,365","13,214","8,525","2,734","1,955","13,500","8,696","2,742","2,062","13,793","8,912","2,749","2,132","14,168","9,081","2,788","2,299","14,562","9,245","2,917","2,400","15,092","9,475","3,094","2,523","15,439","9,635","3,172","2,632","15,809","9,834","3,271","2,704","16,334","9,984","3,590","2,760","16,995","10,189","3,881","2,925","16,475","10,255","4,013","2,207","16,766","10,446","4,028","2,292","16,969","10,662","4,038","2,269","17,332","10,912","4,053","2,367","17,700","11,179","4,104","2,417","18,085","11,512","4,106","2,467","18,565","11,919","4,109","2,537","19,190","12,362","4,232","2,596","19,687","12,747","4,339","2,601","20,010","13,018","4,380","2,612","21,900","14,292","4,743","2,865","22,099","14,449","4,778","2,872","22,238","14,580","4,794","2,864","22,428","14,719","4,800","2,909","22,723","14,986","4,818","2,919","23,044","15,230","4,877","2,937","23,337","15,507","4,893","2,937","23,625","15,761","4,909","2,955","23,903","16,044","4,915","2,944","24,348","16,398","4,962","2,988","23,743","15,731","5,222","2,790","24,217","16,079","5,338","2,800","24,753","16,498","5,428","2,827","24,807","16,577","5,430","2,800","25,606","17,289","5,525","2,792","25,769","17,371","5,599","2,799","25,909","17,476","5,628","2,805"
192,2,Kittitas,Unincorporated Kittitas County,"4,845","3,488",399,958,"6,129","4,476",217,"1,436","6,344","4,635",217,"1,492","6,596","4,823",218,"1,555","6,827","4,950",218,"1,659","7,042","5,088",218,"1,736","7,310","5,260",222,"1,828","7,502","5,391",223,"1,888","7,693","5,517",227,"1,949","7,820","5,576",229,"2,015","8,072","5,747",224,"2,101","7,444","5,523",349,"1,572","7,654","5,653",351,"1,650","7,902","5,830",352,"1,720","8,168","6,029",352,"1,787","8,419","6,239",353,"1,827","8,743","6,503",355,"1,885","9,110","6,808",356,"1,946","9,594","7,179",428,"1,987","10,012","7,498",510,"2,004","10,292","7,730",539,"2,023","11,430","8,600",606,"2,224","11,567","8,730",606,"2,231","11,631","8,792",606,"2,233","11,742","8,901",606,"2,235","11,953","9,100",606,"2,247","12,136","9,271",606,"2,259","12,381","9,516",606,"2,259","12,596","9,726",606,"2,264","12,850","9,966",606,"2,278","13,183","10,289",606,"2,288","12,242","9,619",536,"2,087","12,366","9,735",534,"2,097","12,747","10,096",534,"2,117","12,811","10,152",534,"2,125","13,484","10,813",534,"2,137","13,501","10,822",534,"2,145","13,534","10,842",541,"2,151"
193,3,Kittitas,Incorporated Kittitas County,"6,864","4,091","2,366",407,"7,085","4,049","2,517",519,"7,156","4,061","2,525",570,"7,197","4,089","2,531",577,"7,341","4,131","2,570",640,"7,520","4,157","2,699",664,"7,782","4,215","2,872",695,"7,937","4,244","2,949",744,"8,116","4,317","3,044",755,"8,514","4,408","3,361",745,"8,923","4,442","3,657",824,"9,031","4,732","3,664",635,"9,112","4,793","3,677",642,"9,067","4,832","3,686",549,"9,164","4,883","3,701",580,"9,281","4,940","3,751",590,"9,342","5,009","3,751",582,"9,455","5,111","3,753",591,"9,596","5,183","3,804",609,"9,675","5,249","3,829",597,"9,718","5,288","3,841",589,"10,470","5,692","4,137",641,"10,532","5,719","4,172",641,"10,607","5,788","4,188",631,"10,686","5,818","4,194",674,"10,770","5,886","4,212",672,"10,908","5,959","4,271",678,"10,956","5,991","4,287",678,"11,029","6,035","4,303",691,"11,053","6,078","4,309",666,"11,165","6,109","4,356",700,"11,501","6,112","4,686",703,"11,851","6,344","4,804",703,"12,006","6,402","4,894",710,"11,996","6,425","4,896",675,"12,122","6,476","4,991",655,"12,268","6,549","5,065",654,"12,375","6,634","5,087",654
194,4,Kittitas,Cle Elum,885,703,116,66,887,673,119,95,890,676,119,95,892,677,119,96,893,678,119,96,894,680,119,95,899,683,119,97,900,683,119,98,905,687,121,97,911,688,123,100,937,688,159,90,956,702,152,102,957,703,152,102,966,708,155,103,975,713,155,107,984,723,155,106,986,725,155,106,992,732,155,105,"1,024",752,167,105,"1,049",760,183,106,"1,050",760,183,107,"1,105",838,200,67,"1,106",839,200,67,"1,101",837,197,67,"1,102",838,197,67,"1,099",837,195,67,"1,098",838,193,67,"1,100",840,193,67,"1,104",842,195,67,"1,105",842,195,68,"1,121",858,195,68,"1,116",859,188,69,"1,151",872,212,67,"1,175",890,212,73,"1,176",893,212,71,"1,184",896,217,71,"1,218",905,242,71,"1,226",912,242,72
195,4,Kittitas,Ellensburg,"4,892","2,451","2,218",223,"5,014","2,445","2,313",256,"5,072","2,458","2,317",297,"5,083","2,481","2,319",283,"5,191","2,514","2,358",319,"5,346","2,536","2,487",323,"5,530","2,580","2,599",351,"5,655","2,598","2,676",381,"5,811","2,660","2,769",382,"6,204","2,750","3,084",370,"6,576","2,779","3,344",453,"6,732","3,024","3,429",279,"6,777","3,054","3,437",286,"6,720","3,087","3,443",190,"6,789","3,131","3,458",200,"6,895","3,176","3,508",211,"6,949","3,239","3,508",202,"7,055","3,332","3,510",213,"7,148","3,385","3,539",224,"7,199","3,435","3,548",216,"7,232","3,465","3,560",207,"7,867","3,770","3,834",263,"7,905","3,790","3,852",263,"7,987","3,861","3,871",255,"8,068","3,892","3,877",299,"8,148","3,963","3,885",300,"8,278","4,034","3,946",298,"8,326","4,065","3,962",299,"8,391","4,105","3,976",310,"8,399","4,135","3,982",282,"8,492","4,150","4,029",313,"8,924","4,234","4,376",314,"9,235","4,449","4,470",316,"9,359","4,483","4,560",316,"9,342","4,497","4,562",283,"9,458","4,543","4,652",263,"9,563","4,601","4,699",263,"9,657","4,676","4,719",262
196,4,Kittitas,Kittitas,316,220,24,72,368,224,51,93,374,218,55,101,394,218,57,119,420,218,57,145,440,218,57,165,508,219,118,171,535,225,118,192,549,228,118,203,547,228,118,201,556,229,118,209,510,280,47,183,511,280,47,184,508,280,47,181,518,280,47,191,520,280,47,193,521,280,47,194,521,280,47,194,526,278,47,201,531,284,47,200,539,292,47,200,579,303,52,224,602,309,69,224,600,309,69,222,599,308,69,222,609,306,81,222,618,306,81,231,618,306,81,231,622,308,81,233,628,313,81,234,630,313,81,236,591,281,73,237,591,281,73,237,591,281,73,237,592,282,73,237,593,283,73,237,595,285,73,237,595,285,73,237
197,4,Kittitas,Roslyn,580,557,7,16,606,555,30,21,607,555,30,22,609,557,30,22,613,560,30,23,613,560,30,23,613,566,30,17,612,568,30,14,614,571,30,13,614,570,30,14,615,572,30,13,623,568,31,24,624,569,31,24,625,569,31,25,627,569,31,27,625,570,31,24,628,573,31,24,630,576,31,23,631,576,31,24,630,578,31,21,632,578,31,23,648,599,31,18,648,599,31,18,649,600,31,18,647,599,31,17,645,599,31,15,645,600,31,14,645,600,31,14,645,600,31,14,653,608,31,14,653,608,31,14,611,568,29,14,614,571,29,14,617,574,29,14,621,578,29,14,622,579,29,14,624,581,29,14,624,581,29,14
198,4,Kittitas,South Cle Elum,191,160,1,30,210,152,4,54,213,154,4,55,219,156,6,57,224,161,6,57,227,163,6,58,232,167,6,59,235,170,6,59,237,171,6,60,238,172,6,60,239,174,6,59,210,158,5,47,243,187,10,46,248,188,10,50,255,190,10,55,257,191,10,56,258,192,10,56,257,191,10,56,267,192,20,55,266,192,20,54,265,193,20,52,271,182,20,69,271,182,20,69,270,181,20,69,270,181,20,69,269,181,20,68,269,181,20,68,267,180,20,67,267,180,20,67,268,180,20,68,269,180,20,69,259,170,20,69,260,171,20,69,264,174,20,70,265,175,20,70,265,175,20,70,268,177,22,69,273,180,24,69
199,.,.,.,.,.,.,.,.,.,.,.,.,.,.,.,.,.,.,.,.,.,.,.,.,.,.,.,.,.,.,.,.,.,.,.,.,.,.,.,.,.,.,.,.,.,.,.,.,.,.,.,.,.,.,.,.,.,.,.,.,.,.,.,.,.,.,.,.,.,.,.,.,.,.,.,.,.,.,.,.,.,.,.,.,.,.,.,.,.,.,.,.,.,.,.,.,.,.,.,.,.,.,.,.,.,.,.,.,.,.,.,.,.,.,.,.,.,.,.,.,.,.,.,.,.,.,.,.,.,.,.,.,.,.,.,.,.,.,.,.,.,.,.,.,.,.,.,.,.,.,.,.,.,.,.
200,1,Klickitat,Klickitat County,"6,498","4,532",930,"1,036","7,215","4,807",743,"1,665","7,321","4,852",750,"1,719","7,409","4,874",743,"1,792","7,564","4,928",743,"1,893","7,731","4,979",745,"2,007","7,948","5,049",750,"2,149","8,187","5,115",761,"2,311","8,412","5,179",759,"2,474","8,645","5,241",791,"2,613","8,876","5,304",796,"2,776","8,633","5,683",832,"2,118","8,772","5,739",834,"2,199","8,935","5,812",837,"2,286","9,120","5,889",835,"2,396","9,299","5,978",835,"2,486","9,478","6,070",845,"2,563","9,669","6,171",857,"2,641","9,827","6,290",854,"2,683","9,985","6,385",859,"2,741","10,091","6,451",860,"2,780","9,786","6,229",820,"2,737","9,866","6,302",813,"2,751","9,952","6,355",817,"2,780","10,034","6,415",817,"2,802","10,152","6,499",849,"2,804","10,285","6,567",862,"2,856","10,430","6,669",870,"2,891","10,592","6,760",893,"2,939","10,738","6,840",900,"2,998","10,920","6,942",927,"3,051","10,533","6,690",877,"2,966","10,689","6,810",892,"2,987","10,868","6,950",923,"2,995","11,032","7,073",942,"3,017","11,171","7,170",953,"3,048","11,264","7,238",955,"3,071","11,399","7,335",964,"3,100"
201,2,Klickitat,Unincorporated Klickitat County,"3,909","2,786",359,764,"4,652","3,116",203,"1,333","4,758","3,161",205,"1,392","4,837","3,186",197,"1,454","4,979","3,239",197,"1,543","5,114","3,281",197,"1,636","5,302","3,342",196,"1,764","5,517","3,403",200,"1,914","5,709","3,464",200,"2,045","5,879","3,506",202,"2,171","6,068","3,559",197,"2,312","5,668","3,812",185,"1,671","5,807","3,858",185,"1,764","5,954","3,927",186,"1,841","6,126","3,996",186,"1,944","6,290","4,069",186,"2,035","6,456","4,148",196,"2,112","6,631","4,243",206,"2,182","6,810","4,353",205,"2,252","6,964","4,446",206,"2,312","7,070","4,512",207,"2,351","6,799","4,328",196,"2,275","6,891","4,390",187,"2,314","6,960","4,431",187,"2,342","7,030","4,479",187,"2,364","7,120","4,553",204,"2,363","7,163","4,565",210,"2,388","7,296","4,663",210,"2,423","7,415","4,749",210,"2,456","7,536","4,825",210,"2,501","7,664","4,907",210,"2,547","7,317","4,688",171,"2,458","7,466","4,788",182,"2,496","7,617","4,925",196,"2,496","7,758","5,033",206,"2,519","7,851","5,102",209,"2,540","7,942","5,166",209,"2,567","8,055","5,246",210,"2,599"
202,3,Klickitat,Incorporated Klickitat County,"2,589","1,746",571,272,"2,563","1,691",540,332,"2,563","1,691",545,327,"2,572","1,688",546,338,"2,585","1,689",546,350,"2,617","1,698",548,371,"2,646","1,707",554,385,"2,670","1,712",561,397,"2,703","1,715",559,429,"2,766","1,735",589,442,"2,808","1,745",599,464,"2,965","1,871",647,447,"2,965","1,881",649,435,"2,981","1,885",651,445,"2,994","1,893",649,452,"3,009","1,909",649,451,"3,022","1,922",649,451,"3,038","1,928",651,459,"3,017","1,937",649,431,"3,021","1,939",653,429,"3,021","1,939",653,429,"2,987","1,901",624,462,"2,975","1,912",626,437,"2,992","1,924",630,438,"3,004","1,936",630,438,"3,032","1,946",645,441,"3,122","2,002",652,468,"3,134","2,006",660,468,"3,177","2,011",683,483,"3,202","2,015",690,497,"3,256","2,035",717,504,"3,216","2,002",706,508,"3,223","2,022",710,491,"3,251","2,025",727,499,"3,274","2,040",736,498,"3,320","2,068",744,508,"3,322","2,072",746,504,"3,344","2,089",754,501
203,4,Klickitat,Bingen,335,238,83,14,329,226,79,24,331,225,82,24,332,226,82,24,335,226,82,27,336,226,82,28,336,226,82,28,340,226,86,28,345,226,84,35,342,227,84,31,346,229,84,33,327,225,70,32,332,227,70,35,332,227,70,35,331,228,68,35,328,228,68,32,330,230,68,32,334,232,70,32,334,230,70,34,334,230,70,34,334,230,70,34,313,213,63,37,315,215,63,37,319,214,67,38,318,212,67,39,320,212,67,41,321,213,67,41,321,213,67,41,321,213,67,41,322,212,67,43,325,214,69,42,337,223,74,40,338,224,74,40,339,224,74,41,340,225,74,41,340,225,74,41,340,225,74,41,354,236,77,41
204,4,Klickitat,Goldendale,"1,452","1,012",258,182,"1,418",934,274,210,"1,413",934,274,205,"1,425",934,274,217,"1,432",934,274,224,"1,456",938,274,244,"1,469",940,274,255,"1,484",942,274,268,"1,508",943,274,291,"1,566",959,304,303,"1,591",962,310,319,"1,690","1,023",387,280,"1,674","1,028",389,257,"1,683","1,032",389,262,"1,683","1,033",389,261,"1,698","1,049",389,260,"1,695","1,047",389,259,"1,700","1,049",389,262,"1,700","1,050",387,263,"1,702","1,049",387,266,"1,705","1,050",387,268,"1,635",965,354,316,"1,617",970,356,291,"1,620",973,356,291,"1,621",975,356,290,"1,626",975,360,291,"1,651",973,360,318,"1,656",972,364,320,"1,685",972,378,335,"1,701",975,378,348,"1,710",977,380,353,"1,665",942,366,357,"1,669",944,366,359,"1,683",945,372,366,"1,691",951,375,365,"1,710",960,380,370,"1,701",954,380,367,"1,704",956,382,366
205,4,Klickitat,White Salmon,802,496,230,76,816,531,187,98,819,532,189,98,815,528,190,97,818,529,190,99,825,534,192,99,841,541,198,102,846,544,201,101,850,546,201,103,858,549,201,108,871,554,205,112,948,623,190,135,959,626,190,143,966,626,192,148,980,632,192,156,983,632,192,159,997,645,192,160,"1,004",647,192,165,983,657,192,134,985,660,196,129,982,659,196,127,"1,039",723,207,109,"1,043",727,207,109,"1,053",737,207,109,"1,065",749,207,109,"1,086",759,218,109,"1,150",816,225,109,"1,157",821,229,107,"1,171",826,238,107,"1,179",828,245,106,"1,221",844,268,109,"1,214",837,266,111,"1,216",854,270,92,"1,229",856,281,92,"1,243",864,287,92,"1,270",883,290,97,"1,281",893,292,96,"1,286",897,295,94
206,.,.,.,.,.,.,.,.,.,.,.,.,.,.,.,.,.,.,.,.,.,.,.,.,.,.,.,.,.,.,.,.,.,.,.,.,.,.,.,.,.,.,.,.,.,.,.,.,.,.,.,.,.,.,.,.,.,.,.,.,.,.,.,.,.,.,.,.,.,.,.,.,.,.,.,.,.,.,.,.,.,.,.,.,.,.,.,.,.,.,.,.,.,.,.,.,.,.,.,.,.,.,.,.,.,.,.,.,.,.,.,.,.,.,.,.,.,.,.,.,.,.,.,.,.,.,.,.,.,.,.,.,.,.,.,.,.,.,.,.,.,.,.,.,.,.,.,.,.,.,.,.,.,.,.
207,1,Lewis,Lewis County,"23,119","17,197","2,853","3,069","25,487","17,578","2,609","5,300","25,917","17,728","2,659","5,530","26,396","17,886","2,694","5,816","26,995","18,105","2,750","6,140","27,643","18,365","2,796","6,482","28,597","18,753","2,976","6,868","29,436","19,060","3,043","7,333","30,227","19,357","3,148","7,722","30,880","19,608","3,175","8,097","31,379","19,764","3,198","8,417","29,585","20,214","3,302","6,069","30,052","20,277","3,415","6,360","30,453","20,414","3,422","6,617","30,890","20,589","3,455","6,846","31,374","20,842","3,514","7,018","31,964","21,162","3,605","7,197","32,583","21,612","3,625","7,346","33,224","22,099","3,636","7,489","33,865","22,469","3,800","7,596","34,232","22,724","3,818","7,690","34,050","22,647","3,942","7,461","34,316","22,760","4,082","7,474","34,439","22,814","4,099","7,526","34,482","22,854","4,099","7,529","34,706","22,956","4,140","7,610","34,779","23,001","4,136","7,642","34,900","23,082","4,140","7,678","35,173","23,163","4,256","7,754","35,342","23,271","4,275","7,796","35,610","23,442","4,274","7,894","35,412","23,192","4,283","7,937","35,788","23,371","4,326","8,091","36,166","23,619","4,374","8,173","36,613","23,873","4,470","8,270","37,099","24,132","4,618","8,349","37,482","24,296","4,723","8,463","38,124","24,514","5,053","8,557"
208,2,Lewis,Unincorporated Lewis County,"13,415","10,035",698,"2,682","15,454","10,414",416,"4,624","15,824","10,535",420,"4,869","16,171","10,619",431,"5,121","16,684","10,802",459,"5,423","17,194","11,023",466,"5,705","17,830","11,255",504,"6,071","18,477","11,474",509,"6,494","18,906","11,645",549,"6,712","19,387","11,799",549,"7,039","19,827","11,956",536,"7,335","17,755","12,402",387,"4,966","18,043","12,499",387,"5,157","18,368","12,607",386,"5,375","18,718","12,770",386,"5,562","19,110","13,005",385,"5,720","19,564","13,287",385,"5,892","20,075","13,662",384,"6,029","20,598","14,059",382,"6,157","21,017","14,381",381,"6,255","21,233","14,576",389,"6,268","20,768","14,244",390,"6,134","20,972","14,341",459,"6,172","20,989","14,309",460,"6,220","21,047","14,335",460,"6,252","21,178","14,413",460,"6,305","21,214","14,429",435,"6,350","21,310","14,484",435,"6,391","21,548","14,562",541,"6,445","21,719","14,656",564,"6,499","21,939","14,800",565,"6,574","21,747","14,567",553,"6,627","21,953","14,655",560,"6,738","22,170","14,804",568,"6,798","22,449","14,995",575,"6,879","22,498","15,021",545,"6,932","22,704","15,141",558,"7,005","22,927","15,255",570,"7,102"
209,3,Lewis,Incorporated Lewis County,"9,704","7,162","2,155",387,"10,033","7,164","2,193",676,"10,093","7,193","2,239",661,"10,225","7,267","2,263",695,"10,311","7,303","2,291",717,"10,449","7,342","2,330",777,"10,767","7,498","2,472",797,"10,959","7,586","2,534",839,"11,321","7,712","2,599","1,010","11,493","7,809","2,626","1,058","11,552","7,808","2,662","1,082","11,830","7,812","2,915","1,103","12,009","7,778","3,028","1,203","12,085","7,807","3,036","1,242","12,172","7,819","3,069","1,284","12,264","7,837","3,129","1,298","12,400","7,875","3,220","1,305","12,508","7,950","3,241","1,317","12,626","8,040","3,254","1,332","12,848","8,088","3,419","1,341","12,999","8,148","3,429","1,422","13,282","8,403","3,552","1,327","13,344","8,419","3,623","1,302","13,450","8,505","3,639","1,306","13,435","8,519","3,639","1,277","13,528","8,543","3,680","1,305","13,565","8,572","3,701","1,292","13,590","8,598","3,705","1,287","13,625","8,601","3,715","1,309","13,623","8,615","3,711","1,297","13,671","8,642","3,709","1,320","13,665","8,625","3,730","1,310","13,835","8,716","3,766","1,353","13,996","8,815","3,806","1,375","14,164","8,878","3,895","1,391","14,601","9,111","4,073","1,417","14,778","9,155","4,165","1,458","15,197","9,259","4,483","1,455"
210,4,Lewis,Centralia,"5,039","3,662","1,226",151,"5,234","3,687","1,319",228,"5,273","3,703","1,365",205,"5,340","3,748","1,384",208,"5,370","3,767","1,388",215,"5,431","3,781","1,410",240,"5,516","3,840","1,433",243,"5,595","3,884","1,468",243,"5,907","3,980","1,519",408,"6,019","4,050","1,530",439,"6,060","4,051","1,539",470,"6,510","4,096","1,847",567,"6,621","4,110","1,921",590,"6,666","4,135","1,927",604,"6,742","4,148","1,954",640,"6,824","4,164","2,018",642,"6,946","4,189","2,100",657,"6,960","4,214","2,099",647,"7,010","4,256","2,101",653,"7,049","4,285","2,111",653,"7,067","4,280","2,115",672,"7,265","4,459","2,199",607,"7,323","4,469","2,271",583,"7,405","4,542","2,276",587,"7,391","4,556","2,276",559,"7,453","4,564","2,308",581,"7,500","4,585","2,333",582,"7,501","4,583","2,329",589,"7,499","4,580","2,329",590,"7,505","4,587","2,325",593,"7,514","4,588","2,318",608,"7,594","4,646","2,356",592,"7,680","4,674","2,388",618,"7,734","4,700","2,405",629,"7,772","4,701","2,436",635,"7,844","4,725","2,484",635,"7,916","4,719","2,556",641,"8,177","4,757","2,778",642
211,4,Lewis,Chehalis,"2,527","1,841",676,10,"2,694","1,925",708,61,"2,699","1,935",708,56,"2,726","1,942",718,66,"2,734","1,948",718,68,"2,755","1,954",733,68,"2,827","1,974",785,68,"2,864","1,992",804,68,"2,888","2,004",816,68,"2,898","2,004",826,68,"2,901","2,000",853,48,"2,871","1,926",882,63,"2,859","1,917",880,62,"2,864","1,917",882,65,"2,869","1,915",888,66,"2,861","1,911",884,66,"2,870","1,915",888,67,"2,891","1,924",892,75,"2,899","1,932",892,75,"3,056","1,936","1,044",76,"3,056","1,938","1,044",74,"3,131","2,019","1,083",29,"3,129","2,018","1,083",28,"3,152","2,030","1,094",28,"3,150","2,028","1,094",28,"3,161","2,036","1,096",29,"3,161","2,039","1,092",30,"3,170","2,053","1,092",25,"3,184","2,057","1,102",25,"3,181","2,054","1,102",25,"3,187","2,056","1,105",26,"3,139","2,023","1,090",26,"3,138","2,021","1,091",26,"3,137","2,017","1,091",29,"3,136","2,016","1,091",29,"3,158","2,019","1,110",29,"3,178","2,032","1,117",29,"3,257","2,038","1,190",29
212,4,Lewis,Morton,542,396,110,36,513,362,73,78,512,359,73,80,519,360,73,86,521,361,73,87,531,363,73,95,561,379,103,79,560,380,103,77,565,381,103,81,565,379,104,82,567,379,104,84,487,354,57,76,485,353,57,75,490,354,57,79,486,353,57,76,484,351,57,76,486,353,57,76,533,386,73,74,533,385,73,75,534,385,73,76,535,386,73,76,535,393,75,67,534,392,75,67,534,392,75,67,533,391,75,67,535,393,75,67,536,394,75,67,536,394,75,67,535,393,75,67,537,395,75,67,539,397,75,67,506,365,68,73,518,372,68,78,530,385,68,77,537,390,69,78,540,391,70,79,541,392,70,79,542,392,70,80
213,4,Lewis,Mossyrock,217,150,23,44,209,139,7,63,208,139,7,62,209,142,3,64,208,142,3,63,214,139,3,72,241,142,15,84,248,142,15,91,248,142,15,91,248,141,15,92,248,141,15,92,215,137,11,67,216,137,11,68,228,137,11,80,228,137,11,80,228,137,11,80,228,137,11,80,229,137,11,81,224,137,11,76,226,139,11,76,315,160,17,138,302,133,17,152,302,133,17,152,303,133,17,153,304,134,17,153,308,134,17,157,296,134,17,145,289,134,17,138,312,134,17,161,298,134,17,147,306,137,17,152,323,144,26,153,325,144,26,155,330,150,26,154,334,152,26,156,342,157,26,159,353,158,34,161,357,158,34,165
214,4,Lewis,Napavine,231,199,4,28,279,231,2,46,284,232,2,50,293,236,2,55,322,243,26,53,338,257,26,55,362,272,26,64,398,280,34,84,419,296,36,87,445,322,36,87,452,324,36,92,483,391,33,59,489,356,43,90,496,357,43,96,506,359,43,104,523,370,43,110,525,371,43,111,537,379,43,115,588,410,45,133,606,414,48,144,640,449,48,143,662,471,48,143,671,480,48,143,670,480,48,142,672,482,48,142,681,485,54,142,685,489,54,142,708,503,61,144,711,507,61,143,719,516,61,142,740,535,63,142,697,496,60,141,702,501,60,141,729,512,72,145,758,526,86,146,792,533,114,145,798,539,114,145,799,540,114,145
215,4,Lewis,Pe Ell,261,220,9,32,249,207,6,36,247,206,6,35,248,207,6,35,250,206,6,38,253,206,6,41,266,220,6,40,270,220,6,44,273,220,6,47,297,225,11,61,295,224,11,60,289,211,10,68,291,212,10,69,290,212,10,68,290,212,10,68,290,211,10,69,283,215,13,55,291,213,15,63,291,215,15,61,293,218,15,60,293,218,15,60,290,216,15,59,291,216,15,60,292,217,15,60,292,217,15,60,293,218,15,60,293,218,15,60,294,218,16,60,295,219,16,60,298,220,16,62,302,222,16,64,283,204,15,64,282,204,15,63,284,204,15,65,290,206,15,69,290,204,15,71,296,207,16,73,302,207,16,79
216,4,Lewis,Toledo,279,222,23,34,261,191,25,45,265,193,25,47,276,200,25,51,278,200,25,53,284,200,25,59,307,201,46,60,307,200,46,61,307,200,46,61,306,199,46,61,307,199,46,62,283,203,23,57,302,181,55,66,302,181,55,66,302,180,55,67,303,179,55,69,303,179,55,69,303,180,55,68,302,180,57,65,305,183,57,65,306,185,57,64,304,184,57,63,303,184,57,62,303,184,57,62,303,184,57,62,306,185,58,63,304,186,58,60,302,186,58,58,302,186,58,58,302,186,58,58,302,186,58,58,302,188,58,56,304,187,58,59,308,196,57,55,314,201,57,56,317,203,57,57,321,207,57,57,328,212,59,57
217,4,Lewis,Vader,169,142,2,25,179,122,3,54,183,124,3,56,182,126,2,54,188,125,0,63,197,127,0,70,207,121,1,85,213,121,1,91,204,120,1,83,206,120,1,85,210,121,1,88,230,146,4,80,235,146,4,85,238,148,4,86,239,149,4,86,238,148,4,86,245,149,6,90,249,151,6,92,250,152,6,92,253,155,6,92,256,157,6,93,258,147,4,107,258,147,4,107,258,147,4,107,257,147,4,106,258,148,4,106,256,146,4,106,256,146,4,106,254,145,4,105,249,143,4,102,247,141,4,102,256,149,4,103,264,153,5,106,269,154,5,110,269,154,6,109,278,159,6,113,291,165,6,120,300,169,7,124
218,4,Lewis,Winlock,439,330,82,27,415,300,50,65,422,302,50,70,432,306,50,76,440,311,52,77,446,315,54,77,480,349,57,74,504,367,57,80,510,369,57,84,509,369,57,83,512,369,57,86,462,348,48,66,511,366,47,98,511,366,47,98,510,366,47,97,513,366,47,100,514,367,47,100,515,366,47,102,529,373,54,102,526,373,54,99,531,375,54,102,535,381,54,100,533,380,53,100,533,380,53,100,533,380,53,100,533,380,53,100,534,381,53,100,534,381,53,100,533,380,53,100,534,380,53,101,534,380,53,101,565,410,53,102,622,460,55,107,675,497,67,111,754,532,109,113,"1,040",720,191,129,"1,084",736,195,153,"1,135",786,215,134
219,.,.,.,.,.,.,.,.,.,.,.,.,.,.,.,.,.,.,.,.,.,.,.,.,.,.,.,.,.,.,.,.,.,.,.,.,.,.,.,.,.,.,.,.,.,.,.,.,.,.,.,.,.,.,.,.,.,.,.,.,.,.,.,.,.,.,.,.,.,.,.,.,.,.,.,.,.,.,.,.,.,.,.,.,.,.,.,.,.,.,.,.,.,.,.,.,.,.,.,.,.,.,.,.,.,.,.,.,.,.,.,.,.,.,.,.,.,.,.,.,.,.,.,.,.,.,.,.,.,.,.,.,.,.,.,.,.,.,.,.,.,.,.,.,.,.,.,.,.,.,.,.,.,.,.
220,1,Lincoln,Lincoln County,"4,336","3,342",364,630,"4,607","3,526",254,827,"4,645","3,538",252,855,"4,664","3,554",253,857,"4,696","3,572",251,873,"4,773","3,602",253,918,"4,851","3,631",242,978,"4,925","3,655",243,"1,027","5,005","3,680",248,"1,077","5,121","3,702",253,"1,166","5,217","3,734",261,"1,222","5,298","3,899",229,"1,170","5,345","3,921",229,"1,195","5,389","3,950",225,"1,214","5,451","3,982",225,"1,244","5,505","4,021",219,"1,265","5,572","4,056",219,"1,297","5,660","4,099",219,"1,342","5,738","4,140",219,"1,379","5,827","4,185",219,"1,423","5,846","4,196",225,"1,425","5,776","4,120",206,"1,450","5,813","4,142",208,"1,463","5,838","4,163",208,"1,467","5,864","4,191",208,"1,465","5,908","4,232",208,"1,468","5,951","4,267",208,"1,476","6,005","4,304",208,"1,493","6,065","4,350",212,"1,503","6,125","4,396",212,"1,517","6,198","4,452",212,"1,534","5,732","4,123",207,"1,402","5,767","4,142",210,"1,415","5,900","4,249",215,"1,436","5,954","4,268",227,"1,459","6,044","4,337",235,"1,472","6,098","4,385",237,"1,476","6,167","4,424",245,"1,498"
221,2,Lincoln,Unincorporated Lincoln County,"1,730","1,266",107,357,"2,003","1,486",11,506,"2,050","1,501",11,538,"2,078","1,529",11,538,"2,105","1,546",11,548,"2,160","1,571",11,578,"2,235","1,604",11,620,"2,300","1,624",11,665,"2,365","1,646",11,708,"2,444","1,679",11,754,"2,515","1,709",9,797,"2,599","1,781",15,803,"2,639","1,801",15,823,"2,687","1,830",15,842,"2,745","1,863",15,867,"2,808","1,898",15,895,"2,867","1,931",15,921,"2,945","1,971",15,959,"3,016","2,010",15,991,"3,094","2,053",15,"1,026","3,107","2,067",15,"1,025","3,103","2,059",15,"1,029","3,139","2,082",15,"1,042","3,167","2,103",15,"1,049","3,195","2,131",15,"1,049","3,241","2,173",15,"1,053","3,279","2,204",15,"1,060","3,327","2,243",15,"1,069","3,380","2,285",15,"1,080","3,435","2,327",15,"1,093","3,504","2,381",15,"1,108","3,121","2,129",15,977,"3,147","2,142",17,988,"3,273","2,246",22,"1,005","3,302","2,259",23,"1,020","3,385","2,324",30,"1,031","3,431","2,363",30,"1,038","3,486","2,400",30,"1,056"
222,3,Lincoln,Incorporated Lincoln County,"2,606","2,076",257,273,"2,604","2,040",243,321,"2,595","2,037",241,317,"2,586","2,025",242,319,"2,591","2,026",240,325,"2,613","2,031",242,340,"2,616","2,027",231,358,"2,625","2,031",232,362,"2,640","2,034",237,369,"2,677","2,023",242,412,"2,702","2,025",252,425,"2,699","2,118",214,367,"2,706","2,120",214,372,"2,702","2,120",210,372,"2,706","2,119",210,377,"2,697","2,123",204,370,"2,705","2,125",204,376,"2,715","2,128",204,383,"2,722","2,130",204,388,"2,733","2,132",204,397,"2,739","2,129",210,400,"2,673","2,061",191,421,"2,674","2,060",193,421,"2,671","2,060",193,418,"2,669","2,060",193,416,"2,667","2,059",193,415,"2,672","2,063",193,416,"2,678","2,061",193,424,"2,685","2,065",197,423,"2,690","2,069",197,424,"2,694","2,071",197,426,"2,611","1,994",192,425,"2,620","2,000",193,427,"2,627","2,003",193,431,"2,652","2,009",204,439,"2,659","2,013",205,441,"2,667","2,022",207,438,"2,681","2,024",215,442
223,4,Lincoln,Almira,166,137,9,20,164,131,9,24,163,130,9,24,161,128,9,24,161,128,9,24,161,127,9,25,162,126,9,27,162,125,9,28,164,125,9,30,164,125,9,30,164,125,9,30,154,133,2,19,154,133,2,19,154,133,2,19,153,133,2,18,153,133,2,18,155,135,2,18,155,135,2,18,154,135,2,17,154,135,2,17,154,135,2,17,155,134,0,21,155,134,0,21,155,134,0,21,155,136,0,19,156,137,0,19,156,137,0,19,155,136,0,19,155,136,0,19,155,136,0,19,155,136,0,19,151,133,0,18,151,133,0,18,151,133,0,18,151,133,0,18,151,133,0,18,151,133,0,18,151,133,0,18
224,4,Lincoln,Creston,139,83,16,40,126,86,11,29,126,86,11,29,127,86,11,30,125,86,11,28,127,84,11,32,125,82,11,32,126,82,11,33,132,83,11,38,134,83,11,40,134,83,11,40,131,79,14,38,131,77,14,40,129,77,14,38,131,77,14,40,125,83,8,34,125,83,8,34,126,83,8,35,126,83,8,35,126,83,8,35,129,83,8,38,130,85,8,37,129,85,8,36,129,85,8,36,129,85,8,36,127,83,8,36,127,83,8,36,126,82,8,36,126,82,8,36,127,82,8,37,127,82,8,37,119,76,7,36,122,76,7,39,122,76,7,39,125,77,7,41,127,78,7,42,128,79,7,42,132,80,7,45
225,4,Lincoln,Davenport,680,515,104,61,710,519,114,77,709,518,114,77,708,516,114,78,717,516,114,87,731,522,114,95,729,526,107,96,740,529,110,101,745,530,110,105,748,531,110,107,751,532,110,109,763,565,118,80,763,565,118,80,766,567,118,81,767,567,118,82,770,567,118,85,771,567,118,86,776,568,118,90,776,568,118,90,778,570,118,90,783,569,124,90,750,518,114,118,750,517,114,119,748,518,114,116,748,518,114,116,749,519,114,116,749,520,114,115,753,520,114,119,758,521,118,119,760,523,118,119,762,525,118,119,744,508,115,121,747,509,115,123,748,509,115,124,762,512,126,124,763,513,126,124,769,517,128,124,776,517,136,123
226,4,Lincoln,Harrington,236,200,19,17,229,180,19,30,229,180,19,30,214,169,20,25,213,168,20,25,216,168,20,28,210,163,18,29,211,163,18,30,213,163,18,32,215,163,18,34,215,163,18,34,215,166,16,33,214,166,16,32,212,165,16,31,213,165,16,32,213,165,16,32,215,164,16,35,215,164,16,35,215,164,16,35,218,163,16,39,217,163,16,38,219,167,16,36,218,167,16,35,218,166,16,36,218,166,16,36,217,166,16,35,218,166,16,36,218,166,16,36,217,166,16,35,218,167,16,35,218,167,16,35,211,161,16,34,211,161,16,34,211,161,16,34,216,161,16,39,216,161,16,39,216,161,16,39,216,161,16,39
227,4,Lincoln,Odessa,472,428,20,24,483,435,16,32,479,435,14,30,479,436,14,29,481,438,12,31,483,439,14,30,487,440,12,35,478,439,10,29,480,436,15,29,477,432,18,27,479,433,18,28,472,430,9,33,470,430,9,31,470,431,9,30,470,430,9,31,469,430,9,30,470,430,9,31,470,430,9,31,472,430,9,33,478,430,9,39,478,430,9,39,460,425,4,31,460,425,4,31,459,425,4,30,459,425,4,30,459,425,4,30,460,425,4,31,459,424,4,31,460,425,4,31,460,425,4,31,462,425,4,33,441,404,4,33,441,404,4,33,441,404,4,33,441,404,4,33,441,404,4,33,439,404,4,31,439,404,4,31
228,4,Lincoln,Reardan,208,138,33,37,218,148,27,43,217,148,27,42,219,150,27,42,215,150,27,38,215,152,27,36,216,153,27,36,215,155,27,33,213,157,27,29,242,150,29,63,246,150,29,67,242,170,19,53,242,170,19,53,243,171,19,53,244,171,19,54,246,171,19,56,248,172,19,57,251,174,19,58,254,176,19,59,254,176,19,59,253,175,19,59,255,180,17,58,257,180,19,58,257,180,19,58,257,180,19,58,257,180,19,58,257,180,19,58,261,181,19,61,260,181,19,60,261,182,19,60,261,182,19,60,259,180,19,60,261,182,19,60,265,184,19,62,267,186,19,62,269,188,19,62,269,189,19,61,272,192,19,61
229,4,Lincoln,Sprague,232,190,17,25,213,173,11,29,212,172,11,29,215,172,11,32,213,172,11,30,214,172,11,31,218,172,11,35,223,172,11,40,224,172,11,41,225,171,11,43,229,171,11,47,242,187,11,44,249,191,11,47,246,191,7,48,246,191,7,48,241,191,7,43,241,191,7,43,241,191,7,43,243,191,7,45,242,191,7,44,242,191,7,44,236,176,4,56,236,176,4,56,236,176,4,56,236,176,4,56,235,175,4,56,236,176,4,56,236,176,4,56,236,176,4,56,236,176,4,56,236,176,4,56,230,170,4,56,232,172,4,56,233,172,4,57,233,172,4,57,233,172,4,57,234,173,4,57,234,173,4,57
230,4,Lincoln,Wilbur,473,385,39,49,461,368,36,57,460,368,36,56,463,368,36,59,466,368,36,62,466,367,36,63,469,365,36,68,470,366,36,68,469,368,36,65,472,368,36,68,484,368,46,70,480,388,25,67,483,388,25,70,482,385,25,72,482,385,25,72,480,383,25,72,480,383,25,72,481,383,25,73,482,383,25,74,483,384,25,74,483,383,25,75,468,376,28,64,469,376,28,65,469,376,28,65,467,374,28,65,467,374,28,65,469,376,28,65,470,376,28,66,473,378,28,67,473,378,28,67,473,378,28,67,456,362,27,67,455,363,28,64,456,364,28,64,457,364,28,65,459,364,29,66,461,366,29,66,461,364,29,68
231,.,.,.,.,.,.,.,.,.,.,.,.,.,.,.,.,.,.,.,.,.,.,.,.,.,.,.,.,.,.,.,.,.,.,.,.,.,.,.,.,.,.,.,.,.,.,.,.,.,.,.,.,.,.,.,.,.,.,.,.,.,.,.,.,.,.,.,.,.,.,.,.,.,.,.,.,.,.,.,.,.,.,.,.,.,.,.,.,.,.,.,.,.,.,.,.,.,.,.,.,.,.,.,.,.,.,.,.,.,.,.,.,.,.,.,.,.,.,.,.,.,.,.,.,.,.,.,.,.,.,.,.,.,.,.,.,.,.,.,.,.,.,.,.,.,.,.,.,.,.,.,.,.,.,.
232,1,Mason,Mason County,"17,532","13,431","1,322","2,779","22,292","15,696","1,035","5,561","23,060","16,170","1,052","5,838","23,743","16,588","1,076","6,079","24,542","17,064","1,091","6,387","25,391","17,566","1,093","6,732","26,205","18,006","1,121","7,078","26,910","18,393","1,139","7,378","27,546","18,732","1,170","7,644","28,150","19,018","1,187","7,945","28,645","19,250","1,187","8,208","25,515","18,101","1,151","6,263","25,875","18,259","1,154","6,462","26,281","18,484","1,163","6,634","26,765","18,759","1,180","6,826","27,332","19,118","1,203","7,011","27,975","19,523","1,271","7,181","28,798","20,125","1,307","7,366","29,640","20,773","1,337","7,530","30,306","21,293","1,342","7,671","30,618","21,538","1,344","7,736","32,518","22,817","1,407","8,294","32,697","22,941","1,416","8,340","32,810","23,017","1,417","8,376","32,905","23,095","1,417","8,393","33,072","23,221","1,417","8,434","33,210","23,332","1,419","8,459","33,386","23,446","1,436","8,504","33,744","23,765","1,439","8,540","33,990","23,947","1,441","8,602","34,267","24,168","1,452","8,647","33,269","23,496","1,400","8,373","33,581","23,802","1,408","8,371","33,749","23,833","1,421","8,495","34,159","24,091","1,508","8,560","34,603","24,272","1,643","8,688","34,683","24,301","1,654","8,728","35,007","24,478","1,735","8,794"
233,2,Mason,Unincorporated Mason County,"14,464","11,075",719,"2,670","19,246","13,524",398,"5,324","19,995","13,983",415,"5,597","20,638","14,389",423,"5,826","21,393","14,838",438,"6,117","22,217","15,330",440,"6,447","23,000","15,764",455,"6,781","23,670","16,122",469,"7,079","24,274","16,449",481,"7,344","24,856","16,724",493,"7,639","25,322","16,950",484,"7,888","22,112","15,694",453,"5,965","22,457","15,844",456,"6,157","22,850","16,062",465,"6,323","23,311","16,329",474,"6,508","23,839","16,658",491,"6,690","24,456","17,063",533,"6,860","25,237","17,624",564,"7,049","26,014","18,229",572,"7,213","26,663","18,738",574,"7,351","26,994","18,982",573,"7,439","28,671","20,168",605,"7,898","28,846","20,291",614,"7,941","28,956","20,364",615,"7,977","29,057","20,449",615,"7,993","29,228","20,579",615,"8,034","29,370","20,691",617,"8,062","29,534","20,807",619,"8,108","29,875","21,112",619,"8,144","30,122","21,296",621,"8,205","30,374","21,498",628,"8,248","29,382","20,819",591,"7,972","29,675","21,112",595,"7,968","29,838","21,140",608,"8,090","30,251","21,401",695,"8,155","30,695","21,580",830,"8,285","30,742","21,579",839,"8,324","31,045","21,738",918,"8,389"
234,3,Mason,Incorporated Mason County,"3,068","2,356",603,109,"3,046","2,172",637,237,"3,065","2,187",637,241,"3,105","2,199",653,253,"3,149","2,226",653,270,"3,174","2,236",653,285,"3,205","2,242",666,297,"3,240","2,271",670,299,"3,272","2,283",689,300,"3,294","2,294",694,306,"3,323","2,300",703,320,"3,403","2,407",698,298,"3,418","2,415",698,305,"3,431","2,422",698,311,"3,454","2,430",706,318,"3,493","2,460",712,321,"3,519","2,460",738,321,"3,561","2,501",743,317,"3,626","2,544",765,317,"3,643","2,555",768,320,"3,624","2,556",771,297,"3,847","2,649",802,396,"3,851","2,650",802,399,"3,854","2,653",802,399,"3,848","2,646",802,400,"3,844","2,642",802,400,"3,840","2,641",802,397,"3,852","2,639",817,396,"3,869","2,653",820,396,"3,868","2,651",820,397,"3,893","2,670",824,399,"3,887","2,677",809,401,"3,906","2,690",813,403,"3,911","2,693",813,405,"3,908","2,690",813,405,"3,908","2,692",813,403,"3,941","2,722",815,404,"3,962","2,740",817,405
235,4,Mason,Shelton,"3,068","2,356",603,109,"3,046","2,172",637,237,"3,065","2,187",637,241,"3,105","2,199",653,253,"3,149","2,226",653,270,"3,174","2,236",653,285,"3,205","2,242",666,297,"3,240","2,271",670,299,"3,272","2,283",689,300,"3,294","2,294",694,306,"3,323","2,300",703,320,"3,403","2,407",698,298,"3,418","2,415",698,305,"3,431","2,422",698,311,"3,454","2,430",706,318,"3,493","2,460",712,321,"3,519","2,460",738,321,"3,561","2,501",743,317,"3,626","2,544",765,317,"3,643","2,555",768,320,"3,624","2,556",771,297,"3,847","2,649",802,396,"3,851","2,650",802,399,"3,854","2,653",802,399,"3,848","2,646",802,400,"3,844","2,642",802,400,"3,840","2,641",802,397,"3,852","2,639",817,396,"3,869","2,653",820,396,"3,868","2,651",820,397,"3,893","2,670",824,399,"3,887","2,677",809,401,"3,906","2,690",813,403,"3,911","2,693",813,405,"3,908","2,690",813,405,"3,908","2,692",813,403,"3,941","2,722",815,404,"3,962","2,740",817,405
236,.,.,.,.,.,.,.,.,.,.,.,.,.,.,.,.,.,.,.,.,.,.,.,.,.,.,.,.,.,.,.,.,.,.,.,.,.,.,.,.,.,.,.,.,.,.,.,.,.,.,.,.,.,.,.,.,.,.,.,.,.,.,.,.,.,.,.,.,.,.,.,.,.,.,.,.,.,.,.,.,.,.,.,.,.,.,.,.,.,.,.,.,.,.,.,.,.,.,.,.,.,.,.,.,.,.,.,.,.,.,.,.,.,.,.,.,.,.,.,.,.,.,.,.,.,.,.,.,.,.,.,.,.,.,.,.,.,.,.,.,.,.,.,.,.,.,.,.,.,.,.,.,.,.,.
237,1,Okanogan,Okanogan County,"13,599","9,621","1,877","2,101","16,629","11,428","1,448","3,753","16,779","11,506","1,498","3,775","17,118","11,655","1,501","3,962","17,422","11,780","1,511","4,131","17,775","11,889","1,533","4,353","18,291","12,051","1,670","4,570","18,700","12,221","1,684","4,795","19,079","12,380","1,690","5,009","19,236","12,462","1,690","5,084","19,419","12,554","1,738","5,127","19,085","13,127","1,564","4,394","19,300","13,257","1,579","4,464","19,477","13,388","1,589","4,500","19,685","13,533","1,589","4,563","19,893","13,677","1,586","4,630","20,133","13,843","1,587","4,703","20,474","14,086","1,609","4,779","20,571","14,161","1,627","4,783","20,797","14,301","1,636","4,860","21,112","14,500","1,660","4,952","22,245","15,285","1,667","5,293","22,405","15,394","1,693","5,318","22,551","15,501","1,706","5,344","22,656","15,580","1,705","5,371","22,800","15,689","1,709","5,402","22,936","15,770","1,741","5,425","23,075","15,867","1,744","5,464","23,221","15,969","1,742","5,510","23,361","16,072","1,746","5,543","23,500","16,166","1,752","5,582","21,720","14,945","1,709","5,066","21,887","15,073","1,721","5,093","22,098","15,224","1,768","5,106","22,309","15,391","1,788","5,130","22,448","15,501","1,794","5,153","22,573","15,595","1,812","5,166","22,680","15,692","1,822","5,166"
238,2,Okanogan,Unincorporated Okanogan County,"7,386","5,048",894,"1,444","10,340","6,942",483,"2,915","10,494","7,012",486,"2,996","10,733","7,151",485,"3,097","11,010","7,277",485,"3,248","11,303","7,381",484,"3,438","11,651","7,550",483,"3,618","11,959","7,691",489,"3,779","12,243","7,834",488,"3,921","12,345","7,910",487,"3,948","12,470","7,991",477,"4,002","12,008","8,434",256,"3,318","12,201","8,557",256,"3,388","12,407","8,699",255,"3,453","12,621","8,840",258,"3,523","12,835","8,981",262,"3,592","13,055","9,138",263,"3,654","13,339","9,349",266,"3,724","13,364","9,383",266,"3,715","13,546","9,501",265,"3,780","13,799","9,674",266,"3,859","14,916","10,459",285,"4,172","15,034","10,550",287,"4,197","15,174","10,653",288,"4,233","15,252","10,723",288,"4,241","15,329","10,775",290,"4,264","15,460","10,871",291,"4,298","15,569","10,945",294,"4,330","15,689","11,026",294,"4,369","15,811","11,113",296,"4,402","15,921","11,197",298,"4,426","14,315","10,043",300,"3,972","14,426","10,132",303,"3,991","14,566","10,251",303,"4,012","14,720","10,379",306,"4,035","14,838","10,471",309,"4,058","14,924","10,542",312,"4,070","14,999","10,608",313,"4,078"
239,3,Okanogan,Incorporated Okanogan County,"6,213","4,573",983,657,"6,289","4,486",965,838,"6,285","4,494","1,012",779,"6,385","4,504","1,016",865,"6,412","4,503","1,026",883,"6,472","4,508","1,049",915,"6,640","4,501","1,187",952,"6,741","4,530","1,195","1,016","6,836","4,546","1,202","1,088","6,891","4,552","1,203","1,136","6,949","4,563","1,261","1,125","7,077","4,693","1,308","1,076","7,099","4,700","1,323","1,076","7,070","4,689","1,334","1,047","7,064","4,693","1,331","1,040","7,058","4,696","1,324","1,038","7,078","4,705","1,324","1,049","7,135","4,737","1,343","1,055","7,207","4,778","1,361","1,068","7,251","4,800","1,371","1,080","7,313","4,826","1,394","1,093","7,329","4,826","1,382","1,121","7,371","4,844","1,406","1,121","7,377","4,848","1,418","1,111","7,404","4,857","1,417","1,130","7,471","4,914","1,419","1,138","7,476","4,899","1,450","1,127","7,506","4,922","1,450","1,134","7,532","4,943","1,448","1,141","7,550","4,959","1,450","1,141","7,579","4,969","1,454","1,156","7,405","4,902","1,409","1,094","7,461","4,941","1,418","1,102","7,532","4,973","1,465","1,094","7,589","5,012","1,482","1,095","7,610","5,030","1,485","1,095","7,649","5,053","1,500","1,096","7,681","5,084","1,509","1,088"
240,4,Okanogan,Brewster,604,397,101,106,621,378,129,114,624,378,129,117,625,378,129,118,626,378,129,119,623,378,125,120,665,365,176,124,669,365,176,128,673,364,176,133,681,364,176,141,683,363,176,144,739,360,210,169,739,361,210,168,753,367,210,176,745,367,210,168,746,367,210,169,747,367,210,170,750,369,210,171,749,368,210,171,750,370,210,170,750,370,210,170,730,375,209,146,730,375,209,146,727,375,209,143,731,377,211,143,735,380,211,144,739,383,211,145,739,383,211,145,739,383,211,145,741,383,213,145,741,383,213,145,715,370,219,126,720,373,221,126,719,381,221,117,719,381,221,117,719,381,221,117,724,386,221,117,724,388,221,115
241,4,Okanogan,Conconully,119,82,6,31,137,95,0,42,137,93,0,44,138,95,0,43,133,87,0,46,137,88,0,49,124,80,0,44,124,80,0,44,159,79,4,76,145,79,4,62,143,79,4,60,192,120,11,61,194,120,11,63,126,94,4,28,126,94,4,28,126,94,4,28,129,94,4,31,130,95,4,31,132,97,4,31,146,100,4,42,148,102,4,42,189,143,4,42,195,147,4,44,194,147,4,43,196,149,4,43,199,149,6,44,199,149,6,44,202,151,6,45,202,151,6,45,203,152,6,45,204,153,6,45,179,129,5,45,179,129,5,45,179,129,5,45,179,129,5,45,179,129,5,45,179,129,5,45,179,129,5,45
242,4,Okanogan,Coulee Dam (part),471,388,37,46,443,386,57,0,443,386,57,0,443,386,57,0,444,384,60,0,444,384,60,0,447,387,60,0,446,386,60,0,448,386,60,2,451,385,60,6,450,384,60,6,439,382,57,0,439,382,57,0,441,390,51,0,440,389,51,0,440,389,51,0,440,389,51,0,441,389,51,1,441,389,51,1,441,389,51,1,441,389,51,1,440,388,51,1,440,388,51,1,441,389,51,1,442,389,51,2,444,388,51,5,443,387,51,5,444,388,51,5,444,388,51,5,443,387,51,5,444,388,51,5,433,380,48,5,432,379,48,5,432,379,48,5,432,379,48,5,432,379,48,5,433,379,48,6,433,379,48,6
243,4,Okanogan,Elmer City,139,125,4,10,134,90,13,31,134,90,13,31,134,90,13,31,134,90,13,31,134,90,13,31,134,90,13,31,134,90,13,31,134,90,13,31,134,90,13,31,134,90,13,31,127,86,6,35,128,86,6,36,129,86,6,37,129,86,6,37,129,86,6,37,129,86,6,37,140,97,19,24,140,97,19,24,139,97,19,23,139,97,19,23,112,77,12,23,112,78,12,22,111,77,12,22,110,77,12,21,112,76,12,24,131,83,15,33,132,83,15,34,131,82,15,34,131,82,15,34,131,82,15,34,122,74,15,33,125,76,16,33,125,76,16,33,125,76,16,33,125,76,16,33,125,76,16,33,125,76,16,33
244,4,Okanogan,Nespelem,106,83,7,16,80,56,0,24,96,67,0,29,95,67,0,28,98,70,0,28,101,70,0,31,94,67,0,27,100,67,0,33,101,67,0,34,100,64,0,36,101,64,0,37,84,53,0,31,83,53,0,30,83,53,0,30,83,53,0,30,83,53,0,30,81,51,0,30,83,50,2,31,83,50,2,31,83,50,2,31,83,50,2,31,77,38,2,37,77,38,2,37,77,38,2,37,77,38,2,37,77,38,2,37,81,38,2,41,81,38,2,41,81,38,2,41,81,38,2,41,81,38,2,41,76,33,2,41,76,33,2,41,76,33,2,41,77,33,2,42,77,33,2,42,77,33,2,42,77,33,2,42
245,4,Okanogan,Okanogan,970,681,215,74,978,688,167,123,981,689,167,125,989,693,167,129,983,694,167,122,"1,000",698,167,135,"1,005",700,167,138,"1,018",703,167,148,"1,019",701,167,151,"1,014",698,164,152,"1,006",696,165,145,997,699,170,128,"1,003",693,170,140,"1,002",691,170,141,"1,002",690,170,142,986,689,163,134,990,691,165,134,998,692,165,141,"1,002",695,165,142,"1,009",702,167,140,"1,022",704,167,151,"1,051",728,173,150,"1,048",728,171,149,"1,050",730,171,149,"1,070",732,168,170,"1,082",740,168,174,"1,073",740,168,165,"1,075",742,168,165,"1,082",743,168,171,"1,085",746,168,171,"1,100",747,169,184,"1,063",744,165,154,"1,072",748,165,159,"1,074",750,165,159,"1,074",750,165,159,"1,077",753,165,159,"1,077",751,167,159,"1,081",752,176,153
246,4,Okanogan,Omak,"1,714","1,319",310,85,"1,769","1,313",304,152,"1,703","1,312",304,87,"1,777","1,315",304,158,"1,784","1,318",304,162,"1,816","1,319",326,171,"1,881","1,325",359,197,"1,917","1,343",365,209,"1,937","1,354",365,218,"1,943","1,356",365,222,"2,011","1,362",418,231,"2,016","1,402",399,215,"2,012","1,404",399,209,"2,037","1,404",423,210,"2,031","1,403",420,208,"2,034","1,403",420,211,"2,039","1,408",418,213,"2,045","1,410",422,213,"2,066","1,426",424,216,"2,071","1,431",424,216,"2,082","1,437",428,217,"2,168","1,491",442,235,"2,190","1,491",464,235,"2,187","1,491",466,230,"2,184","1,488",466,230,"2,187","1,491",466,230,"2,224","1,496",498,230,"2,224","1,496",498,230,"2,227","1,499",498,230,"2,230","1,502",498,230,"2,231","1,503",498,230,"2,222","1,496",498,228,"2,225","1,497",500,228,"2,272","1,498",546,228,"2,292","1,502",562,228,"2,292","1,501",562,229,"2,294","1,502",562,230,"2,303","1,509",562,232
247,4,Okanogan,Oroville,692,505,144,43,697,519,110,68,703,519,110,74,698,519,110,69,704,521,110,73,705,519,113,73,741,520,144,77,751,524,146,81,767,533,146,88,770,535,146,89,766,533,146,87,794,578,144,72,807,579,159,69,806,580,159,67,812,584,159,69,812,583,159,70,810,584,159,67,812,586,159,67,836,601,161,74,837,602,161,74,856,605,178,73,797,537,167,93,799,540,167,92,808,539,177,92,807,539,177,91,806,539,177,90,804,537,177,90,804,537,177,90,802,535,177,90,800,533,177,90,798,531,177,90,820,548,183,89,823,549,183,91,825,549,183,93,826,550,183,93,829,551,184,94,832,553,184,95,834,554,184,96
248,4,Okanogan,Pateros,256,194,33,29,257,188,23,46,258,189,23,46,258,189,23,46,261,189,23,49,263,189,23,51,263,187,23,53,266,188,23,55,266,188,23,55,268,190,23,55,278,192,23,63,279,193,23,63,278,193,23,62,278,193,23,62,269,193,23,53,268,192,23,53,269,193,23,53,274,195,23,56,273,194,23,56,274,195,23,56,277,198,23,56,276,190,20,66,276,190,20,66,276,190,20,66,276,190,20,66,276,190,20,66,220,160,16,44,237,177,16,44,241,181,16,44,242,182,16,44,242,182,16,44,250,190,16,44,250,190,16,44,250,190,16,44,252,192,16,44,252,192,16,44,262,194,24,44,267,199,24,44
249,4,Okanogan,Riverside,102,70,6,26,104,74,2,28,105,74,2,29,108,74,2,32,110,74,2,34,111,74,2,35,119,74,2,43,126,74,2,50,136,73,2,61,163,73,2,88,138,73,2,63,153,90,0,63,146,90,0,56,145,89,0,56,143,89,0,54,142,89,0,53,142,89,0,53,142,89,0,53,143,90,0,53,146,90,0,56,146,90,0,56,154,94,0,60,155,94,0,61,157,94,0,63,159,94,0,65,159,94,0,65,158,94,0,64,158,94,0,64,158,94,0,64,158,94,0,64,159,94,0,65,152,87,0,65,151,86,0,65,151,86,0,65,151,86,0,65,151,86,0,65,150,85,0,65,149,84,0,65
250,4,Okanogan,Tonasket,403,296,63,44,442,299,92,51,474,299,122,53,482,298,122,62,487,297,129,61,485,294,129,62,485,294,129,62,479,292,125,62,477,287,128,62,479,286,132,61,485,288,132,65,510,275,167,68,513,275,167,71,512,275,167,70,513,275,167,71,513,275,167,71,514,275,167,72,514,275,167,72,514,275,167,72,514,275,167,72,514,275,167,72,511,274,167,70,511,274,167,70,510,274,167,69,508,274,167,67,545,315,167,63,550,314,167,69,549,311,167,71,549,311,167,71,549,311,167,71,549,311,167,71,520,317,130,73,520,317,130,73,517,316,130,71,517,316,130,71,513,314,130,69,515,314,134,67,514,313,134,67
251,4,Okanogan,Twisp,421,272,47,102,421,262,58,101,426,262,58,106,433,262,62,109,437,263,62,112,440,266,64,110,466,271,87,108,490,272,91,127,493,275,91,127,514,280,91,143,513,283,91,139,505,297,90,118,512,305,90,117,512,305,90,117,522,306,90,126,527,309,90,128,534,311,90,133,545,316,90,139,546,317,90,139,546,316,90,140,546,317,90,139,524,304,84,136,528,308,84,136,531,311,84,136,534,314,84,136,535,314,84,137,538,316,84,138,541,319,84,138,550,328,84,138,553,331,84,138,557,332,86,139,511,307,76,128,524,320,76,128,534,330,76,128,552,347,77,128,564,359,77,128,569,364,77,128,564,364,77,123
252,4,Okanogan,Winthrop,216,161,10,45,206,138,10,58,201,136,27,38,205,138,27,40,211,138,27,46,213,139,27,47,216,141,27,48,221,146,27,48,226,149,27,50,229,152,27,50,241,156,31,54,242,158,31,53,245,159,31,55,246,162,31,53,249,164,31,54,252,167,31,54,254,167,31,56,261,174,31,56,282,179,45,58,295,183,53,59,309,192,55,62,300,187,51,62,310,193,55,62,308,193,55,60,310,196,55,59,314,200,55,59,316,202,55,59,320,203,55,62,326,210,53,63,334,218,53,63,342,225,54,63,342,227,52,63,364,244,56,64,378,256,57,65,393,271,57,65,400,276,59,65,412,287,60,65,431,304,60,67
253,.,.,.,.,.,.,.,.,.,.,.,.,.,.,.,.,.,.,.,.,.,.,.,.,.,.,.,.,.,.,.,.,.,.,.,.,.,.,.,.,.,.,.,.,.,.,.,.,.,.,.,.,.,.,.,.,.,.,.,.,.,.,.,.,.,.,.,.,.,.,.,.,.,.,.,.,.,.,.,.,.,.,.,.,.,.,.,.,.,.,.,.,.,.,.,.,.,.,.,.,.,.,.,.,.,.,.,.,.,.,.,.,.,.,.,.,.,.,.,.,.,.,.,.,.,.,.,.,.,.,.,.,.,.,.,.,.,.,.,.,.,.,.,.,.,.,.,.,.,.,.,.,.,.,.
254,1,Pacific,Pacific County,"10,949","8,218","1,035","1,696","12,404","8,480",906,"3,018","12,587","8,562",901,"3,124","12,852","8,660",924,"3,268","13,150","8,768",942,"3,440","13,482","8,878",979,"3,625","13,856","9,005",984,"3,867","14,184","9,123","1,018","4,043","14,429","9,214","1,018","4,197","14,741","9,341","1,028","4,372","14,974","9,400","1,058","4,516","13,991","9,517","1,044","3,430","14,114","9,549","1,048","3,517","14,200","9,583","1,063","3,554","14,284","9,642","1,066","3,576","14,430","9,712","1,066","3,652","14,602","9,807","1,086","3,709","14,882","9,961","1,099","3,822","14,933","10,023","1,104","3,806","15,101","10,158","1,118","3,825","15,276","10,293","1,125","3,858","15,547","10,415","1,161","3,971","15,604","10,461","1,162","3,981","15,660","10,518","1,162","3,980","15,707","10,560","1,165","3,982","15,776","10,621","1,166","3,989","15,818","10,659","1,165","3,994","15,883","10,709","1,165","4,009","15,973","10,779","1,164","4,030","16,053","10,840","1,165","4,048","16,131","10,896","1,171","4,064","16,034","10,826","1,135","4,073","16,130","10,884","1,147","4,099","16,284","10,999","1,158","4,127","16,428","11,116","1,162","4,150","16,575","11,202","1,197","4,176","16,682","11,280","1,202","4,200","16,777","11,333","1,223","4,221"
255,2,Pacific,Unincorporated Pacific County,"7,733","5,845",440,"1,448","9,030","6,097",284,"2,649","9,202","6,175",284,"2,743","9,429","6,263",283,"2,883","9,684","6,363",285,"3,036","9,957","6,465",285,"3,207","10,296","6,583",288,"3,425","10,541","6,682",288,"3,571","10,788","6,769",288,"3,731","11,076","6,892",287,"3,897","11,301","6,976",279,"4,046","10,159","6,911",274,"2,974","10,188","6,901",274,"3,013","10,258","6,935",273,"3,050","10,338","6,986",273,"3,079","10,473","7,053",273,"3,147","10,614","7,138",274,"3,202","10,869","7,272",281,"3,316","10,909","7,308",287,"3,314","11,050","7,411",287,"3,352","11,204","7,530",288,"3,386","11,357","7,649",290,"3,418","11,410","7,692",291,"3,427","11,465","7,741",291,"3,433","11,501","7,774",291,"3,436","11,563","7,829",291,"3,443","11,604","7,862",291,"3,451","11,665","7,909",291,"3,465","11,748","7,968",294,"3,486","11,812","8,016",294,"3,502","11,876","8,066",294,"3,516","11,930","8,094",293,"3,543","12,011","8,149",293,"3,569","12,130","8,241",293,"3,596","12,245","8,335",294,"3,616","12,346","8,412",295,"3,639","12,438","8,480",296,"3,662","12,497","8,516",298,"3,683"
256,3,Pacific,Incorporated Pacific County,"3,216","2,373",595,248,"3,374","2,383",622,369,"3,385","2,387",617,381,"3,423","2,397",641,385,"3,466","2,405",657,404,"3,525","2,413",694,418,"3,560","2,422",696,442,"3,643","2,441",730,472,"3,641","2,445",730,466,"3,665","2,449",741,475,"3,673","2,424",779,470,"3,832","2,606",770,456,"3,926","2,648",774,504,"3,942","2,648",790,504,"3,946","2,656",793,497,"3,957","2,659",793,505,"3,988","2,669",812,507,"4,013","2,689",818,506,"4,024","2,715",817,492,"4,051","2,747",831,473,"4,072","2,763",837,472,"4,190","2,766",871,553,"4,194","2,769",871,554,"4,195","2,777",871,547,"4,206","2,786",874,546,"4,213","2,792",875,546,"4,214","2,797",874,543,"4,218","2,800",874,544,"4,225","2,811",870,544,"4,241","2,824",871,546,"4,255","2,830",877,548,"4,104","2,732",842,530,"4,119","2,735",854,530,"4,154","2,758",865,531,"4,183","2,781",868,534,"4,229","2,790",902,537,"4,244","2,800",906,538,"4,280","2,817",925,538
257,4,Pacific,Ilwaco,320,244,53,23,420,299,66,55,425,303,61,61,460,308,85,67,462,311,85,66,464,313,85,66,467,313,85,69,466,313,85,68,468,314,85,69,466,314,85,67,471,317,85,69,524,392,84,48,525,393,84,48,525,393,84,48,526,392,84,50,526,392,84,50,534,400,84,50,534,400,84,50,550,409,84,57,566,421,88,57,572,426,89,57,567,386,81,100,568,387,81,100,568,387,81,100,569,388,81,100,572,391,81,100,573,392,81,100,573,392,81,100,575,394,81,100,583,402,81,100,583,402,81,100,615,452,92,71,616,453,92,71,623,460,92,71,628,465,92,71,631,467,92,72,632,468,92,72,630,467,92,71
258,4,Pacific,Long Beach,869,622,136,111,970,650,178,142,976,652,178,146,995,657,192,146,"1,021",660,206,155,"1,065",665,242,158,"1,079",669,242,168,"1,118",688,242,188,"1,104",688,242,174,"1,118",688,249,181,"1,149",688,287,174,"1,155",723,265,167,"1,223",764,269,190,"1,223",764,269,190,"1,230",768,272,190,"1,234",772,272,190,"1,269",774,305,190,"1,293",792,311,190,"1,313",804,319,190,"1,342",823,329,190,"1,357",832,334,191,"1,564",986,392,186,"1,568",989,392,187,"1,574",995,392,187,"1,582","1,003",392,187,"1,584","1,004",393,187,"1,586","1,008",391,187,"1,590","1,011",391,188,"1,601","1,020",393,188,"1,608","1,025",394,189,"1,622","1,031",400,191,"1,386",850,345,191,"1,399",851,357,191,"1,418",861,366,191,"1,431",870,369,192,"1,437",872,373,192,"1,442",872,377,193,"1,457",885,379,193
259,4,Pacific,Raymond,"1,285",938,303,44,"1,258",910,260,88,"1,256",908,260,88,"1,239",908,246,85,"1,243",908,246,89,"1,248",908,243,97,"1,254",910,245,99,"1,290",910,279,101,"1,297",913,279,105,"1,307",917,281,109,"1,279",889,281,109,"1,338",916,284,138,"1,358",917,284,157,"1,376",918,300,158,"1,380",922,300,158,"1,380",921,300,159,"1,382",923,300,159,"1,385",926,300,159,"1,360",930,291,139,"1,362",932,291,139,"1,366",936,291,139,"1,279",823,275,181,"1,280",824,275,181,"1,282",825,275,182,"1,285",824,278,183,"1,286",825,278,183,"1,288",824,281,183,"1,289",825,281,183,"1,283",825,275,183,"1,282",824,275,183,"1,282",824,275,183,"1,359",883,292,184,"1,358",882,292,184,"1,364",886,294,184,"1,374",895,294,185,"1,411",901,324,186,"1,411",901,324,186,"1,414",903,324,187
260,4,Pacific,South Bend,742,569,103,70,726,524,118,84,728,524,118,86,729,524,118,87,740,526,120,94,748,527,124,97,760,530,124,106,769,530,124,115,772,530,124,118,774,530,126,118,774,530,126,118,815,575,137,103,820,574,137,109,818,573,137,108,810,574,137,99,817,574,137,106,803,572,123,108,801,571,123,107,801,572,123,106,781,571,123,87,777,569,123,85,780,571,123,86,778,569,123,86,771,570,123,78,770,571,123,76,771,572,123,76,767,573,121,73,766,572,121,73,766,572,121,73,768,573,121,74,768,573,121,74,744,547,113,84,746,549,113,84,749,551,113,85,750,551,113,86,750,550,113,87,759,559,113,87,779,562,130,87
261,.,.,.,.,.,.,.,.,.,.,.,.,.,.,.,.,.,.,.,.,.,.,.,.,.,.,.,.,.,.,.,.,.,.,.,.,.,.,.,.,.,.,.,.,.,.,.,.,.,.,.,.,.,.,.,.,.,.,.,.,.,.,.,.,.,.,.,.,.,.,.,.,.,.,.,.,.,.,.,.,.,.,.,.,.,.,.,.,.,.,.,.,.,.,.,.,.,.,.,.,.,.,.,.,.,.,.,.,.,.,.,.,.,.,.,.,.,.,.,.,.,.,.,.,.,.,.,.,.,.,.,.,.,.,.,.,.,.,.,.,.,.,.,.,.,.,.,.,.,.,.,.,.,.,.
262,1,Pend Oreille,Pend Oreille County,"4,688","3,567",437,684,"5,404","3,944",227,"1,233","5,523","3,984",260,"1,279","5,604","4,028",256,"1,320","5,741","4,077",264,"1,400","5,887","4,132",266,"1,489","6,070","4,184",296,"1,590","6,227","4,240",296,"1,691","6,359","4,303",298,"1,758","6,499","4,348",332,"1,819","6,631","4,412",327,"1,892","6,608","4,739",342,"1,527","6,718","4,766",387,"1,565","6,809","4,801",387,"1,621","6,914","4,859",391,"1,664","7,003","4,903",391,"1,709","7,126","4,954",399,"1,773","7,233","5,025",400,"1,808","7,386","5,080",426,"1,880","7,516","5,148",431,"1,937","7,615","5,218",432,"1,965","7,936","5,418",422,"2,096","7,994","5,462",422,"2,110","8,050","5,506",426,"2,118","8,083","5,536",427,"2,120","8,119","5,567",428,"2,124","8,171","5,608",428,"2,135","8,218","5,649",428,"2,141","8,254","5,681",428,"2,145","8,308","5,737",419,"2,152","8,368","5,778",424,"2,166","7,938","5,490",405,"2,043","7,999","5,536",407,"2,056","8,086","5,606",407,"2,073","8,171","5,673",411,"2,087","8,256","5,736",412,"2,108","8,322","5,776",417,"2,129","8,389","5,823",419,"2,147"
263,2,Pend Oreille,Unincorporated Pend Oreille County,"3,355","2,592",196,567,"4,127","3,031",23,"1,073","4,201","3,067",23,"1,111","4,294","3,108",23,"1,163","4,417","3,154",29,"1,234","4,550","3,206",29,"1,315","4,684","3,252",29,"1,403","4,826","3,301",29,"1,496","4,940","3,350",29,"1,561","5,042","3,391",29,"1,622","5,155","3,446",24,"1,685","5,160","3,729",31,"1,400","5,225","3,754",31,"1,440","5,313","3,789",31,"1,493","5,399","3,835",31,"1,533","5,488","3,881",31,"1,576","5,596","3,932",31,"1,633","5,700","3,999",31,"1,670","5,818","4,062",31,"1,725","5,948","4,129",32,"1,787","6,049","4,196",33,"1,820","6,335","4,403",34,"1,898","6,388","4,444",34,"1,910","6,442","4,485",38,"1,919","6,476","4,513",39,"1,924","6,509","4,542",40,"1,927","6,553","4,580",40,"1,933","6,603","4,618",40,"1,945","6,646","4,654",40,"1,952","6,705","4,707",40,"1,958","6,759","4,749",40,"1,970","6,394","4,496",40,"1,858","6,452","4,544",40,"1,868","6,535","4,610",40,"1,885","6,613","4,670",41,"1,902","6,683","4,720",41,"1,922","6,735","4,752",42,"1,941","6,791","4,791",44,"1,956"
264,3,Pend Oreille,Incorporated Pend Oreille County,"1,333",975,241,117,"1,277",913,204,160,"1,322",917,237,168,"1,310",920,233,157,"1,324",923,235,166,"1,337",926,237,174,"1,386",932,267,187,"1,401",939,267,195,"1,419",953,269,197,"1,457",957,303,197,"1,476",966,303,207,"1,448","1,010",311,127,"1,493","1,012",356,125,"1,496","1,012",356,128,"1,515","1,024",360,131,"1,515","1,022",360,133,"1,530","1,022",368,140,"1,533","1,026",369,138,"1,568","1,018",395,155,"1,568","1,019",399,150,"1,566","1,022",399,145,"1,601","1,015",388,198,"1,606","1,018",388,200,"1,608","1,021",388,199,"1,607","1,023",388,196,"1,610","1,025",388,197,"1,618","1,028",388,202,"1,615","1,031",388,196,"1,608","1,027",388,193,"1,603","1,030",379,194,"1,609","1,029",384,196,"1,544",994,365,185,"1,547",992,367,188,"1,551",996,367,188,"1,558","1,003",370,185,"1,573","1,016",371,186,"1,587","1,024",375,188,"1,598","1,032",375,191
265,4,Pend Oreille,Cusick,103,86,9,8,92,73,2,17,92,73,2,17,93,73,2,18,93,73,2,18,93,70,2,21,92,69,2,21,91,68,2,21,94,69,2,23,91,68,2,21,95,68,2,25,106,79,3,24,105,78,3,24,106,77,3,26,106,77,3,26,106,77,3,26,107,77,3,27,104,77,3,24,109,77,3,29,103,77,3,23,98,77,3,18,101,81,2,18,102,82,2,18,102,82,2,18,101,81,2,18,101,81,2,18,101,81,2,18,101,81,2,18,100,80,2,18,100,80,2,18,100,80,2,18,92,75,2,15,92,75,2,15,93,76,2,15,102,81,2,19,103,82,2,19,111,86,6,19,111,86,6,19
266,4,Pend Oreille,Ione,237,168,23,46,219,160,16,43,219,160,16,43,201,160,11,30,205,160,11,34,210,159,11,40,215,158,17,40,218,158,17,43,220,158,17,45,215,158,17,40,217,158,17,42,239,172,22,45,235,170,22,43,233,170,22,41,236,170,22,44,236,168,22,46,239,168,22,49,240,168,22,50,240,167,22,51,240,167,22,51,242,167,22,53,237,158,19,60,236,158,19,59,237,159,19,59,237,159,19,59,237,159,19,59,237,159,19,59,237,159,19,59,237,159,19,59,237,159,19,59,238,159,19,60,226,147,19,60,226,147,19,60,226,147,19,60,226,147,19,60,226,147,19,60,226,147,19,60,225,146,19,60
267,4,Pend Oreille,Metaline,95,87,0,8,92,70,1,21,89,69,1,19,91,70,1,20,95,69,1,25,91,69,1,21,93,69,1,23,93,70,1,22,92,70,1,21,93,70,1,22,93,70,1,22,91,71,8,12,91,71,8,12,91,71,8,12,91,71,8,12,90,70,8,12,93,70,8,15,93,70,8,15,93,70,8,15,95,70,8,17,92,69,8,15,103,77,6,20,104,78,6,20,104,78,6,20,104,78,6,20,104,78,6,20,104,78,6,20,106,80,6,20,101,78,6,17,101,78,6,17,101,78,6,17,91,68,2,21,90,67,2,21,90,67,2,21,90,67,2,21,90,67,2,21,90,67,2,21,89,66,2,21
268,4,Pend Oreille,Metaline Falls,191,100,83,8,127,81,32,14,127,81,32,14,127,81,32,14,126,80,32,14,126,80,32,14,146,80,52,14,146,80,52,14,146,80,52,14,181,80,86,15,182,80,86,16,192,95,95,2,192,95,95,2,192,95,95,2,192,95,95,2,192,95,95,2,192,95,95,2,192,95,95,2,213,85,116,12,213,85,116,12,213,85,116,12,206,83,114,9,206,83,114,9,206,83,114,9,206,83,114,9,206,83,114,9,206,83,114,9,206,83,114,9,206,83,114,9,206,83,114,9,206,83,114,9,203,84,110,9,204,84,110,10,204,84,110,10,204,84,110,10,204,84,110,10,205,84,110,11,205,84,110,11
269,4,Pend Oreille,Newport,707,534,126,47,747,529,153,65,795,534,186,75,798,536,187,75,805,541,189,75,817,548,191,78,840,556,195,89,853,563,195,95,867,576,197,94,877,581,197,99,889,590,197,102,820,593,183,44,870,598,228,44,874,599,228,47,890,611,232,47,891,612,232,47,899,612,240,47,904,616,241,47,913,619,246,48,917,620,250,47,921,624,250,47,954,616,247,91,958,617,247,94,959,619,247,93,959,622,247,90,962,624,247,91,970,627,247,96,965,628,247,90,964,627,247,90,959,630,238,91,964,629,243,92,932,620,232,80,935,619,234,82,938,622,234,82,936,624,237,75,950,636,238,76,955,640,238,77,968,650,238,80
270,.,.,.,.,.,.,.,.,.,.,.,.,.,.,.,.,.,.,.,.,.,.,.,.,.,.,.,.,.,.,.,.,.,.,.,.,.,.,.,.,.,.,.,.,.,.,.,.,.,.,.,.,.,.,.,.,.,.,.,.,.,.,.,.,.,.,.,.,.,.,.,.,.,.,.,.,.,.,.,.,.,.,.,.,.,.,.,.,.,.,.,.,.,.,.,.,.,.,.,.,.,.,.,.,.,.,.,.,.,.,.,.,.,.,.,.,.,.,.,.,.,.,.,.,.,.,.,.,.,.,.,.,.,.,.,.,.,.,.,.,.,.,.,.,.,.,.,.,.,.,.,.,.,.,.
271,1,Pierce,Pierce County,"187,443","129,289","47,718","10,436","228,867","147,993","58,786","22,088","235,609","151,972","60,270","23,367","241,167","154,671","61,831","24,665","247,761","158,154","63,611","25,996","254,370","162,201","64,953","27,216","260,690","166,167","66,016","28,507","265,076","167,282","68,487","29,307","270,667","170,839","69,347","30,481","276,497","174,423","70,366","31,708","283,192","178,496","71,727","32,969","277,060","186,108","68,059","22,893","281,803","189,111","68,955","23,737","287,828","193,073","70,341","24,414","293,055","197,414","71,184","24,457","299,106","201,655","72,419","25,032","305,071","205,702","73,757","25,612","312,487","210,722","75,719","26,046","319,373","215,161","77,955","26,257","323,884","218,132","79,377","26,375","326,768","219,891","80,326","26,551","325,375","218,828","80,645","25,902","327,375","220,302","81,078","25,995","329,157","221,566","81,551","26,040","331,860","223,235","82,485","26,140","335,161","225,620","83,285","26,256","338,304","227,804","84,126","26,374","341,404","229,849","85,068","26,487","345,681","232,137","86,934","26,610","349,424","234,665","88,023","26,736","353,085","236,840","89,366","26,879","359,489","240,316","92,200","26,973","364,124","242,770","94,279","27,075","368,380","245,213","95,866","27,301","372,007","247,143","97,418","27,446","376,909","248,931","100,492","27,486","381,090","250,498","103,054","27,538","384,868","251,928","105,330","27,610"
272,2,Pierce,Unincorporated Pierce County,"98,536","66,635","22,228","9,673","125,448","80,478","24,962","20,008","130,856","83,788","25,985","21,083","134,949","85,826","26,814","22,309","140,151","88,561","27,982","23,608","145,454","91,714","28,930","24,810","150,553","94,631","29,844","26,078","110,649","71,511","14,279","24,859","114,415","73,843","14,561","26,011","117,657","76,011","14,711","26,935","122,385","78,881","15,324","28,180","115,227","82,905","13,172","19,150","118,074","84,741","13,434","19,899","121,048","86,796","13,885","20,367","124,226","89,690","14,198","20,338","128,070","92,694","14,457","20,919","131,723","95,452","14,768","21,503","135,681","98,795","14,945","21,941","139,067","101,441","15,317","22,309","141,721","103,449","15,689","22,583","142,780","104,031","15,949","22,800","140,160","102,070","15,722","22,368","141,270","103,031","15,767","22,472","142,347","103,870","15,908","22,569","143,421","104,835","15,979","22,607","145,159","106,296","16,145","22,718","146,664","107,651","16,214","22,799","148,105","108,984","16,206","22,915","150,249","110,396","16,828","23,025","152,455","112,029","17,272","23,154","154,691","113,384","18,029","23,278","156,453","114,729","18,292","23,432","159,118","116,496","19,087","23,535","161,713","118,205","19,854","23,654","163,481","119,613","20,112","23,756","165,121","121,077","20,240","23,804","166,528","122,351","20,322","23,855","168,206","123,545","20,762","23,899"
273,3,Pierce,Incorporated Pierce County,"88,907","62,654","25,490",763,"103,419","67,515","33,824","2,080","104,753","68,184","34,285","2,284","106,218","68,845","35,017","2,356","107,610","69,593","35,629","2,388","108,916","70,487","36,023","2,406","110,137","71,536","36,172","2,429","154,427","95,771","54,208","4,448","156,252","96,996","54,786","4,470","158,840","98,412","55,655","4,773","160,807","99,615","56,403","4,789","161,833","103,203","54,887","3,743","163,729","104,370","55,521","3,838","166,780","106,277","56,456","4,047","168,829","107,724","56,986","4,119","171,036","108,961","57,962","4,113","173,348","110,250","58,989","4,109","176,806","111,927","60,774","4,105","180,306","113,720","62,638","3,948","182,163","114,683","63,688","3,792","183,988","115,860","64,377","3,751","185,215","116,758","64,923","3,534","186,105","117,271","65,311","3,523","186,810","117,696","65,643","3,471","188,439","118,400","66,506","3,533","190,002","119,324","67,140","3,538","191,640","120,153","67,912","3,575","193,299","120,865","68,862","3,572","195,432","121,741","70,106","3,585","196,969","122,636","70,751","3,582","198,394","123,456","71,337","3,601","203,036","125,587","73,908","3,541","205,006","126,274","75,192","3,540","206,667","127,008","76,012","3,647","208,526","127,530","77,306","3,690","211,788","127,854","80,252","3,682","214,562","128,147","82,732","3,683","216,662","128,383","84,568","3,711"
274,4,Pierce,Auburn (part),.,.,.,.,0,0,0,0,0,0,0,0,.,.,.,.,.,.,.,.,.,.,.,.,.,.,.,.,.,.,.,.,.,.,.,.,.,.,.,.,.,.,.,.,70,70,0,0,248,201,47,0,501,353,148,0,612,464,148,0,"1,091",666,425,0,"1,745",754,991,0,"2,250","1,005","1,245",0,"3,002","1,138","1,864",0,"3,244","1,207","2,037",0,"3,268","1,231","2,037",0,"3,146","1,196","1,950",0,"3,201","1,239","1,962",0,"3,319","1,333","1,986",0,"3,730","1,534","2,196",0,"3,859","1,663","2,196",0,"3,950","1,754","2,196",0,"3,951","1,755","2,196",0,"3,952","1,756","2,196",0,"3,952","1,756","2,196",0,"3,954","1,758","2,196",0,"3,898","1,733","2,165",0,"3,912","1,747","2,165",0,"3,912","1,747","2,165",0,"3,912","1,747","2,165",0,"3,912","1,747","2,165",0,"3,912","1,747","2,165",0,"3,912","1,747","2,165",0
275,4,Pierce,Bonney Lake,"1,875","1,418",65,392,"2,570","1,930",84,556,"2,697","2,041",90,566,"2,780","2,118",90,572,"2,909","2,222",102,585,"3,005","2,313",104,588,"3,100","2,405",110,585,"3,189","2,469",137,583,"3,257","2,534",147,576,"3,332","2,611",152,569,"3,414","2,679",177,558,"3,404","2,793",138,473,"3,529","2,903",152,474,"4,387","3,545",186,656,"4,584","3,741",186,657,"4,851","3,995",194,662,"5,073","4,209",214,650,"5,408","4,432",347,629,"5,612","4,751",358,503,"5,828","4,942",490,396,"5,966","5,068",507,391,"6,394","5,377",534,483,"6,444","5,422",547,475,"6,518","5,495",547,476,"6,595","5,577",547,471,"6,759","5,718",570,471,"7,132","5,902",761,469,"7,234","6,004",763,467,"7,311","6,081",763,467,"7,436","6,206",763,467,"7,476","6,248",763,465,"7,605","6,376",766,463,"8,131","6,477","1,193",461,"8,178","6,500","1,219",459,"8,260","6,524","1,277",459,"8,297","6,534","1,306",457,"8,363","6,551","1,357",455,"8,383","6,573","1,360",450
276,4,Pierce,Buckley,886,736,138,12,"1,136",865,176,95,"1,174",870,190,114,"1,210",880,216,114,"1,267",925,228,114,"1,302",960,228,114,"1,326",984,228,114,"1,340",992,234,114,"1,348",998,234,116,"1,355","1,007",232,116,"1,371","1,020",236,115,"1,472","1,195",207,70,"1,593","1,274",249,70,"1,629","1,310",249,70,"1,653","1,326",257,70,"1,659","1,332",257,70,"1,666","1,337",259,70,"1,675","1,345",260,70,"1,684","1,352",262,70,"1,690","1,358",262,70,"1,725","1,369",287,69,"1,669","1,314",273,82,"1,673","1,320",273,80,"1,682","1,329",277,76,"1,689","1,335",281,73,"1,699","1,345",281,73,"1,713","1,359",281,73,"1,745","1,378",281,86,"1,785","1,415",281,89,"1,828","1,457",282,89,"1,888","1,518",282,88,"1,956","1,589",280,87,"2,054","1,686",281,87,"2,071","1,703",281,87,"2,159","1,791",281,87,"2,257","1,849",322,86,"2,276","1,868",322,86,"2,364","1,937",341,86
277,4,Pierce,Carbonado,154,137,5,12,164,142,1,21,165,141,1,23,167,141,1,25,170,144,1,25,179,153,1,25,201,175,1,25,201,175,1,25,201,175,1,25,201,175,1,25,201,175,1,25,210,190,0,20,214,185,0,29,211,186,0,25,213,186,0,27,215,188,0,27,216,189,0,27,217,190,0,27,218,191,0,27,218,191,0,27,217,190,0,27,218,191,0,27,218,191,0,27,218,191,0,27,218,191,0,27,219,192,0,27,219,193,0,26,226,200,1,25,237,211,1,25,238,212,1,25,237,212,1,24,244,220,0,24,246,222,0,24,246,222,0,24,248,224,0,24,252,228,0,24,251,227,0,24,252,228,0,24
278,4,Pierce,DuPont,226,157,69,0,231,175,54,2,231,175,54,2,229,173,54,2,229,173,54,2,228,173,54,1,232,177,54,1,241,186,54,1,382,287,93,2,598,353,244,1,764,457,306,1,977,769,208,0,"1,164",863,301,0,"1,361","1,028",333,0,"1,549","1,204",345,0,"1,762","1,416",345,1,"2,201","1,676",524,1,"2,702","1,948",753,1,"2,999","2,122",876,1,"3,191","2,289",901,1,"3,332","2,426",905,1,"3,241","2,390",850,1,"3,352","2,492",859,1,"3,418","2,512",905,1,"3,536","2,527","1,008",1,"3,735","2,527","1,207",1,"3,735","2,527","1,207",1,"3,744","2,527","1,216",1,"3,750","2,527","1,222",1,"3,750","2,527","1,222",1,"3,762","2,527","1,234",1,"3,791","2,559","1,231",1,"3,803","2,571","1,231",1,"3,803","2,571","1,231",1,"3,801","2,569","1,231",1,"3,801","2,569","1,231",1,"3,803","2,571","1,231",1,"3,805","2,573","1,231",1
279,4,Pierce,Eatonville,412,325,47,40,573,371,96,106,603,392,96,115,612,402,96,114,640,423,98,119,647,431,98,118,660,437,105,118,690,451,110,129,738,486,123,129,795,522,131,142,814,538,131,145,805,604,108,93,816,611,112,93,827,619,112,96,851,642,112,97,875,665,112,98,937,727,112,98,954,747,110,97,944,756,110,78,943,755,110,78,956,772,106,78,"1,059",875,119,65,"1,067",877,123,67,"1,074",885,123,66,"1,076",886,123,67,"1,088",894,127,67,"1,102",908,127,67,"1,114",919,127,68,"1,121",924,128,69,"1,124",925,130,69,"1,128",928,130,70,"1,127",928,130,69,"1,143",939,134,70,"1,151",946,134,71,"1,151",946,134,71,"1,155",948,135,72,"1,171",950,149,72,"1,177",952,153,72
280,4,Pierce,Edgewood,.,.,.,.,.,.,.,.,.,.,.,.,.,.,.,.,.,.,.,.,.,.,.,.,.,.,.,.,"3,874","3,267",420,187,"3,899","3,297",420,182,"3,935","3,312",420,203,"3,936","3,320",420,196,"3,562","3,068",344,150,"3,617","3,122",344,151,"3,668","3,171",344,153,"3,696","3,200",344,152,"3,728","3,228",344,156,"3,741","3,242",344,155,"3,759","3,263",344,152,"3,783","3,288",341,154,"3,803","3,310",341,152,"3,811","3,319",341,151,"3,801","3,271",336,194,"3,805","3,275",336,194,"3,812","3,283",336,193,"3,824","3,295",336,193,"3,853","3,324",336,193,"3,878","3,350",336,192,"3,892","3,364",336,192,"4,184","3,389",603,192,"4,458","3,546",720,192,"4,576","3,648",736,192,"5,125","3,977",956,192,"5,574","4,081","1,301",192,"5,754","4,220","1,342",192,"5,767","4,230","1,345",192,"6,046","4,276","1,579",191,"6,064","4,291","1,582",191,"6,088","4,311","1,586",191
281,4,Pierce,Enumclaw (part),.,.,.,.,.,.,.,.,.,.,.,.,.,.,.,.,.,.,.,.,.,.,.,.,.,.,.,.,.,.,.,.,.,.,.,.,.,.,.,.,.,.,.,.,0,0,0,0,0,0,0,0,0,0,0,0,0,0,0,0,0,0,0,0,0,0,0,0,0,0,0,0,0,0,0,0,0,0,0,0,0,0,0,0,0,0,0,0,0,0,0,0,0,0,0,0,0,0,0,0,0,0,0,0,0,0,0,0,0,0,0,0,0,0,0,0,0,0,0,0,0,0,0,0,0,0,0,0,0,0,0,0,0,0,0,0,0,0,0,0,0,0,0,0,0,0,0,0,0,0,0,0
282,4,Pierce,Fife,844,458,379,7,"2,152",488,"1,636",28,"2,152",489,"1,636",27,"2,177",504,"1,636",37,"2,179",506,"1,636",37,"2,180",507,"1,636",37,"2,180",507,"1,636",37,"2,186",511,"1,638",37,"2,204",527,"1,638",39,"2,415",626,"1,682",107,"2,497",651,"1,682",164,"2,232",674,"1,412",146,"2,257",699,"1,428",130,"2,252",693,"1,428",131,"2,288",693,"1,435",160,"2,278",701,"1,453",124,"2,274",717,"1,458",99,"2,879",949,"1,833",97,"3,572","1,387","2,081",104,"3,767","1,499","2,163",105,"3,810","1,535","2,167",108,"3,895","1,623","2,175",97,"3,921","1,642","2,183",96,"3,916","1,637","2,183",96,"3,926","1,652","2,183",91,"3,957","1,683","2,183",91,"4,001","1,695","2,211",95,"4,127","1,696","2,333",98,"4,128","1,697","2,333",98,"4,124","1,697","2,335",92,"4,126","1,699","2,335",92,"4,326","1,793","2,439",94,"4,402","1,819","2,489",94,"4,393","1,812","2,489",92,"4,399","1,818","2,489",92,"4,495","1,814","2,589",92,"4,488","1,811","2,585",92,"4,567","1,809","2,666",92
283,4,Pierce,Fircrest,"2,057","1,693",364,0,"2,224","1,753",466,5,"2,231","1,760",466,5,"2,242","1,771",466,5,"2,245","1,774",466,5,"2,252","1,781",466,5,"2,273","1,786",482,5,"2,302","1,795",502,5,"2,526","1,820",701,5,"2,540","1,822",713,5,"2,548","1,828",715,5,"2,573","1,966",601,6,"2,582","1,969",607,6,"2,607","1,972",629,6,"2,616","1,973",637,6,"2,662","2,007",649,6,"2,700","2,045",649,6,"2,774","2,115",653,6,"2,788","2,129",653,6,"2,811","2,151",654,6,"2,816","2,155",655,6,"2,847","2,179",668,0,"2,853","2,179",674,0,"2,858","2,184",674,0,"2,862","2,188",674,0,"2,865","2,190",675,0,"2,869","2,194",675,0,"2,871","2,196",675,0,"2,878","2,201",677,0,"2,881","2,203",678,0,"2,898","2,215",683,0,"2,926","2,233",693,0,"2,951","2,235",716,0,"2,962","2,237",725,0,"2,965","2,237",728,0,"2,964","2,235",729,0,"2,966","2,237",729,0,"2,970","2,239",731,0
284,4,Pierce,Gig Harbor,"1,187",624,556,7,"1,527",801,664,62,"1,562",836,668,58,"1,681",939,689,53,"1,704",958,695,51,"1,744","1,001",697,46,"1,830","1,068",709,53,"1,888","1,131",709,48,"1,900","1,141",709,50,"2,921","1,624","1,092",205,"2,906","1,631","1,096",179,"3,085","1,750","1,138",197,"3,091","1,761","1,134",196,"3,108","1,769","1,144",195,"3,143","1,800","1,153",190,"3,161","1,824","1,153",184,"3,212","1,870","1,159",183,"3,218","1,877","1,159",182,"3,224","1,884","1,159",181,"3,301","1,904","1,217",180,"3,491","1,950","1,359",182,"3,560","2,059","1,371",130,"3,614","2,092","1,395",127,"3,669","2,143","1,399",127,"3,853","2,227","1,499",127,"4,028","2,328","1,568",132,"4,303","2,409","1,759",135,"4,488","2,522","1,833",133,"4,665","2,683","1,849",133,"5,025","2,855","2,037",133,"5,182","3,011","2,037",134,"5,642","3,330","2,178",134,"5,733","3,420","2,180",133,"5,916","3,595","2,188",133,"6,132","3,811","2,189",132,"6,152","3,830","2,190",132,"6,168","3,847","2,190",131,"6,186","3,863","2,192",131
285,4,Pierce,Lakewood,.,.,.,.,.,.,.,.,.,.,.,.,.,.,.,.,.,.,.,.,.,.,.,.,.,.,.,.,"26,522","13,088","11,887","1,547","26,576","13,119","11,889","1,568","26,646","13,123","11,903","1,620","27,001","13,250","12,119","1,632","25,449","13,018","10,924","1,507","25,446","13,017","10,924","1,505","25,698","13,076","11,110","1,512","25,911","13,210","11,166","1,535","25,916","13,234","11,143","1,539","25,950","13,246","11,143","1,561","26,001","13,249","11,172","1,580","25,958","13,239","11,162","1,557","25,904","13,212","11,164","1,528","25,873","13,206","11,177","1,490","26,548","13,488","11,600","1,460","26,617","13,508","11,648","1,461","26,607","13,520","11,674","1,413","26,620","13,531","11,674","1,415","26,627","13,533","11,679","1,415","26,676","13,530","11,696","1,450","26,757","13,549","11,760","1,448","26,784","13,560","11,774","1,450","26,776","13,562","11,764","1,450","26,835","13,613","11,772","1,450","26,999","13,577","11,971","1,451","27,031","13,577","12,003","1,451","27,147","13,645","12,051","1,451","27,320","13,675","12,111","1,534","27,541","13,737","12,276","1,528","27,570","13,748","12,298","1,524","27,813","13,778","12,510","1,525"
286,4,Pierce,Milton (part),"1,091",959,130,2,"1,820","1,173",620,27,"1,823","1,176",620,27,"1,866","1,215",624,27,"1,911","1,221",658,32,"1,924","1,237",658,29,"1,928","1,247",658,23,"1,940","1,257",660,23,"1,981","1,295",662,24,"2,009","1,311",674,24,"2,088","1,347",716,25,"2,173","1,428",743,2,"2,186","1,441",743,2,"2,271","1,472",796,3,"2,288","1,475",810,3,"2,302","1,489",810,3,"2,326","1,497",826,3,"2,519","1,504","1,012",3,"2,534","1,519","1,012",3,"2,539","1,524","1,012",3,"2,537","1,522","1,012",3,"2,724","1,630","1,082",12,"2,727","1,632","1,082",13,"2,727","1,632","1,082",13,"2,819","1,641","1,096",82,"2,821","1,643","1,096",82,"2,822","1,643","1,096",83,"2,903","1,664","1,156",83,"2,912","1,664","1,156",92,"2,913","1,665","1,156",92,"2,925","1,677","1,156",92,"2,963","1,722","1,184",57,"2,968","1,725","1,186",57,"2,969","1,726","1,186",57,"2,972","1,726","1,189",57,"2,992","1,743","1,192",57,"3,012","1,745","1,210",57,"3,030","1,760","1,214",56
287,4,Pierce,Orting,624,540,76,8,746,576,68,102,762,577,70,115,796,597,80,119,787,597,72,118,797,601,76,120,888,687,82,119,"1,062",860,82,120,"1,205","1,001",82,122,"1,274","1,072",78,124,"1,367","1,164",78,125,"1,382","1,168",88,126,"1,405","1,191",88,126,"1,443","1,225",88,130,"1,545","1,321",88,136,"1,601","1,343",103,155,"1,732","1,456",103,173,"1,999","1,694",129,176,"2,175","1,866",133,176,"2,241","1,931",137,173,"2,267","1,952",139,176,"2,361","2,049",143,169,"2,373","2,061",143,169,"2,387","2,076",143,168,"2,429","2,118",143,168,"2,486","2,174",143,169,"2,550","2,238",143,169,"2,586","2,275",143,168,"2,682","2,371",143,168,"2,780","2,467",143,170,"2,842","2,529",143,170,"2,999","2,679",151,169,"2,997","2,677",151,169,"3,016","2,696",151,169,"3,034","2,712",153,169,"3,035","2,711",155,169,"3,037","2,711",157,169,"3,048","2,718",161,169
288,4,Pierce,Pacific (part),.,.,.,.,0,0,0,0,0,0,0,0,0,0,0,0,0,0,0,0,0,0,0,0,0,0,0,0,107,87,6,14,107,87,6,14,107,87,6,14,107,87,6,14,65,52,0,13,62,49,0,13,62,49,0,13,59,46,0,13,58,45,0,13,56,43,0,13,54,42,0,12,48,37,0,11,45,35,0,10,37,30,-2,9,45,35,0,10,42,32,0,10,41,31,0,10,41,31,0,10,39,29,0,10,35,26,0,9,27,19,0,8,27,19,0,8,22,14,0,8,17,10,0,7,19,12,0,7,19,12,0,7,19,12,0,7,19,12,0,7,19,12,0,7,19,12,0,7,19,12,0,7
289,4,Pierce,Puyallup,"7,018","5,686","1,277",55,"9,379","6,394","2,846",139,"9,703","6,558","3,006",139,"10,111","6,693","3,279",139,"10,373","6,899","3,328",146,"10,680","7,018","3,516",146,"10,912","7,218","3,548",146,"11,544","7,475","3,810",259,"11,892","7,608","4,024",260,"12,033","7,730","4,042",261,"12,493","7,915","4,312",266,"13,468","8,410","4,949",109,"13,981","8,504","5,328",149,"14,342","8,579","5,617",146,"14,849","8,726","5,965",158,"14,948","8,836","5,953",159,"14,977","8,858","5,960",159,"15,266","8,927","6,180",159,"15,590","9,018","6,409",163,"15,631","9,055","6,425",151,"16,295","9,625","6,515",155,"16,171","9,577","6,429",165,"16,310","9,639","6,508",163,"16,490","9,669","6,657",164,"16,649","9,759","6,727",163,"16,929","9,964","6,805",160,"17,014","10,053","6,800",161,"17,142","10,191","6,801",150,"17,295","10,302","6,843",150,"17,371","10,377","6,844",150,"17,531","10,504","6,880",147,"18,106","10,642","7,316",148,"18,193","10,716","7,329",148,"18,270","10,788","7,335",147,"18,314","10,864","7,342",108,"18,317","10,870","7,339",108,"18,519","10,946","7,463",110,"18,680","10,947","7,623",110
290,4,Pierce,Roy,161,114,8,39,105,75,5,25,139,93,6,40,145,91,6,48,141,91,6,44,136,81,10,45,148,81,12,55,141,79,14,48,140,77,14,49,146,77,14,55,146,77,14,55,114,90,6,18,146,79,14,53,299,226,14,59,299,226,14,59,302,228,14,60,302,228,14,60,305,228,14,63,304,228,14,62,307,231,14,62,307,233,14,60,326,264,16,46,327,265,16,46,329,267,16,46,329,267,16,46,329,267,16,46,329,267,16,46,331,270,16,45,331,270,16,45,331,270,16,45,331,270,16,45,315,254,16,45,315,254,16,45,314,254,16,44,314,254,16,44,315,254,16,45,317,255,16,46,317,255,16,46
291,4,Pierce,Ruston,300,240,60,0,317,248,63,6,317,248,63,6,320,251,63,6,321,252,63,6,321,252,63,6,327,258,63,6,335,266,63,6,337,268,63,6,339,270,63,6,338,269,63,6,355,286,69,0,356,287,69,0,356,287,69,0,359,290,69,0,360,291,69,0,361,292,69,0,359,290,69,0,363,294,69,0,365,296,69,0,370,301,69,0,430,349,81,0,430,349,81,0,432,351,81,0,435,352,83,0,439,356,83,0,447,364,83,0,452,369,83,0,456,375,81,0,458,376,82,0,459,377,82,0,517,417,100,0,521,421,100,0,521,421,100,0,521,421,100,0,521,421,100,0,525,424,101,0,529,428,101,0
292,4,Pierce,South Prairie,74,70,0,4,92,81,0,11,92,81,0,11,146,74,2,70,147,74,2,71,210,97,0,113,224,110,0,114,224,110,0,114,226,111,0,115,220,111,0,109,219,111,0,108,138,119,0,19,157,106,0,51,160,109,0,51,160,109,0,51,160,109,0,51,161,110,0,51,161,110,0,51,161,110,0,51,161,110,0,51,161,110,0,51,174,155,0,19,174,155,0,19,174,155,0,19,174,155,0,19,174,155,0,19,173,155,0,18,174,156,0,18,174,156,0,18,174,156,0,18,198,156,0,42,149,131,0,18,149,131,0,18,261,131,0,130,261,131,0,130,263,133,0,130,263,133,0,130,263,133,0,130
293,4,Pierce,Steilacoom,"1,949","1,325",624,0,"2,371","1,526",830,15,"2,410","1,556",839,15,"2,444","1,578",851,15,"2,471","1,605",851,15,"2,504","1,632",857,15,"2,526","1,650",861,15,"2,532","1,654",863,15,"2,553","1,671",867,15,"2,566","1,684",867,15,"2,572","1,690",867,15,"2,674","1,880",794,0,"2,693","1,895",798,0,"2,699","1,899",800,0,"2,712","1,908",804,0,"2,737","1,925",812,0,"2,751","1,939",812,0,"2,764","1,952",812,0,"2,777","1,963",814,0,"2,795","1,981",814,0,"2,810","1,996",814,0,"2,793","1,986",807,0,"2,801","1,994",807,0,"2,805","1,998",807,0,"2,816","2,005",811,0,"2,826","2,015",811,0,"2,834","2,023",811,0,"2,849","2,038",811,0,"2,872","2,061",811,0,"2,880","2,069",811,0,"2,898","2,087",811,0,"2,919","2,108",811,0,"2,928","2,117",811,0,"2,950","2,138",812,0,"2,963","2,151",812,0,"2,975","2,163",812,0,"2,984","2,170",814,0,"3,000","2,182",818,0
294,4,Pierce,Sumner,"2,149","1,362",764,23,"2,728","1,521","1,060",147,"3,119","1,604","1,227",288,"3,134","1,629","1,229",276,"3,188","1,676","1,229",283,"3,221","1,721","1,229",271,"3,254","1,739","1,229",286,"3,324","1,789","1,246",289,"3,409","1,820","1,304",285,"3,451","1,862","1,304",285,"3,577","1,967","1,342",268,"3,689","2,097","1,297",295,"3,724","2,130","1,299",295,"3,789","2,183","1,301",305,"3,804","2,193","1,301",310,"3,843","2,198","1,335",310,"3,894","2,247","1,342",305,"3,952","2,250","1,397",305,"3,957","2,254","1,397",306,"3,973","2,271","1,397",305,"3,979","2,278","1,398",303,"4,279","2,493","1,533",253,"4,280","2,492","1,533",255,"4,284","2,497","1,533",254,"4,294","2,505","1,533",256,"4,305","2,514","1,533",258,"4,307","2,516","1,533",258,"4,315","2,523","1,533",259,"4,386","2,541","1,587",258,"4,433","2,562","1,612",259,"4,450","2,577","1,614",259,"4,492","2,532","1,701",259,"4,528","2,553","1,716",259,"4,575","2,595","1,721",259,"4,567","2,580","1,727",260,"4,705","2,580","1,865",260,"4,731","2,580","1,891",260,"4,732","2,579","1,892",261
295,4,Pierce,Tacoma,"67,759","46,694","20,922",143,"75,147","49,278","25,154",715,"75,435","49,468","25,252",715,"76,019","49,670","25,634",715,"76,788","49,934","26,139",715,"77,437","50,392","26,330",715,"77,974","50,865","26,394",715,"78,472","51,188","26,569",715,"78,907","51,592","26,600",715,"79,324","51,913","26,696",715,"79,723","52,225","26,783",715,"81,102","53,663","27,064",375,"81,496","54,057","27,064",375,"82,025","54,398","27,252",375,"82,440","54,761","27,304",375,"83,279","54,983","27,921",375,"83,685","55,254","28,056",375,"84,129","55,430","28,324",375,"85,057","55,727","28,955",375,"85,780","55,901","29,504",375,"86,289","56,038","29,876",375,"85,786","55,639","29,930",217,"86,096","55,764","30,115",217,"86,255","55,844","30,194",217,"86,699","55,933","30,548",218,"87,107","56,088","30,801",218,"87,573","56,294","31,062",217,"88,268","56,471","31,579",218,"89,293","56,725","32,350",218,"89,705","56,822","32,665",218,"90,301","56,917","33,165",219,"92,309","57,630","34,460",219,"92,639","57,720","34,700",219,"93,294","57,864","35,211",219,"94,451","57,912","36,320",219,"96,540","58,001","38,320",219,"98,677","58,110","40,343",224,"99,900","58,140","41,504",256
296,4,Pierce,University Place,.,.,.,.,.,.,.,.,.,.,.,.,.,.,.,.,.,.,.,.,.,.,.,.,.,.,.,.,"12,159","6,800","5,203",156,"12,303","6,937","5,209",157,"12,472","6,975","5,341",156,"12,564","7,069","5,339",156,"12,684","7,778","4,794",112,"12,807","7,877","4,818",112,"12,923","7,977","4,834",112,"13,037","8,079","4,846",112,"13,087","8,107","4,868",112,"13,220","8,156","4,952",112,"13,290","8,219","4,959",112,"13,382","8,303","4,967",112,"13,448","8,361","4,975",112,"13,495","8,384","4,999",112,"13,573","8,456","5,026",91,"13,605","8,489","5,026",90,"13,618","8,500","5,026",92,"13,648","8,527","5,028",93,"13,681","8,558","5,030",93,"13,800","8,588","5,119",93,"13,924","8,613","5,219",92,"14,030","8,647","5,292",91,"14,131","8,746","5,294",91,"14,201","8,809","5,301",91,"14,427","8,976","5,360",91,"14,588","9,006","5,490",92,"14,764","9,017","5,655",92,"14,815","9,027","5,697",91,"15,052","9,030","5,931",91,"15,265","9,045","6,129",91,"15,443","9,048","6,304",91
297,4,Pierce,Wilkeson,141,116,6,19,137,118,1,18,138,119,1,18,139,119,1,19,140,119,1,20,149,137,0,12,154,142,0,12,154,141,0,13,161,145,0,16,161,145,0,16,161,145,0,16,150,135,3,12,159,149,2,8,162,151,2,9,161,151,2,8,161,151,2,8,168,158,2,8,171,161,2,8,174,164,2,8,178,169,2,7,176,170,2,4,175,162,0,13,175,162,0,13,177,164,0,13,177,164,0,13,177,164,0,13,178,165,0,13,179,166,0,13,179,166,0,13,179,166,0,13,179,166,0,13,182,169,0,13,181,168,0,13,181,168,0,13,181,168,0,13,182,169,0,13,181,168,0,13,184,171,0,13
298,.,.,.,.,.,.,.,.,.,.,.,.,.,.,.,.,.,.,.,.,.,.,.,.,.,.,.,.,.,.,.,.,.,.,.,.,.,.,.,.,.,.,.,.,.,.,.,.,.,.,.,.,.,.,.,.,.,.,.,.,.,.,.,.,.,.,.,.,.,.,.,.,.,.,.,.,.,.,.,.,.,.,.,.,.,.,.,.,.,.,.,.,.,.,.,.,.,.,.,.,.,.,.,.,.,.,.,.,.,.,.,.,.,.,.,.,.,.,.,.,.,.,.,.,.,.,.,.,.,.,.,.,.,.,.,.,.,.,.,.,.,.,.,.,.,.,.,.,.,.,.,.,.,.,.
299,1,San Juan,San Juan County,"5,310","4,231",646,433,"6,075","4,841",386,848,"6,588","5,184",495,909,"6,877","5,422",518,937,"7,291","5,752",552,987,"7,556","5,955",586,"1,015","7,815","6,165",604,"1,046","7,948","6,279",604,"1,065","8,099","6,391",630,"1,078","8,241","6,507",629,"1,105","8,592","6,817",632,"1,143","9,752","8,067",733,952,"10,050","8,302",748,"1,000","10,302","8,496",760,"1,046","10,493","8,647",764,"1,082","10,692","8,807",771,"1,114","10,915","8,988",779,"1,148","11,136","9,180",786,"1,170","11,323","9,350",794,"1,179","11,514","9,502",815,"1,197","11,679","9,626",836,"1,217","13,313","11,006",896,"1,411","13,408","11,080",910,"1,418","13,482","11,147",910,"1,425","13,576","11,230",917,"1,429","13,683","11,324",923,"1,436","13,753","11,397",930,"1,426","13,856","11,493",931,"1,432","13,943","11,568",933,"1,442","14,060","11,664",946,"1,450","14,205","11,793",949,"1,463","13,772","11,341",965,"1,466","13,859","11,369","1,013","1,477","14,070","11,559","1,031","1,480","14,254","11,692","1,074","1,488","14,343","11,766","1,080","1,497","14,403","11,816","1,087","1,500","14,463","11,852","1,095","1,516"
300,2,San Juan,Unincorporated San Juan County,"4,692","3,821",497,374,"5,256","4,437",125,694,"5,698","4,773",185,740,"5,967","4,997",202,768,"6,327","5,323",202,802,"6,548","5,514",201,833,"6,781","5,714",201,866,"6,902","5,822",201,879,"7,017","5,926",201,890,"7,136","6,033",200,903,"7,484","6,340",203,941,"8,700","7,588",266,846,"8,982","7,813",275,894,"9,228","8,002",287,939,"9,413","8,145",291,977,"9,591","8,292",291,"1,008","9,791","8,460",291,"1,040","9,986","8,631",293,"1,062","10,157","8,792",294,"1,071","10,339","8,941",309,"1,089","10,489","9,057",323,"1,109","12,040","10,409",366,"1,265","12,120","10,483",366,"1,271","12,196","10,552",366,"1,278","12,267","10,612",373,"1,282","12,371","10,704",378,"1,289","12,427","10,763",385,"1,279","12,515","10,848",386,"1,281","12,599","10,920",388,"1,291","12,690","10,998",393,"1,299","12,816","11,110",396,"1,310","12,318","10,646",412,"1,260","12,384","10,658",456,"1,270","12,576","10,834",470,"1,272","12,735","10,957",498,"1,280","12,817","11,025",503,"1,289","12,875","11,073",510,"1,292","12,928","11,108",515,"1,305"
301,3,San Juan,Incorporated San Juan County,618,410,149,59,819,404,261,154,890,411,310,169,910,425,316,169,964,429,350,185,"1,008",441,385,182,"1,034",451,403,180,"1,046",457,403,186,"1,082",465,429,188,"1,105",474,429,202,"1,108",477,429,202,"1,052",479,467,106,"1,068",489,473,106,"1,074",494,473,107,"1,080",502,473,105,"1,101",515,480,106,"1,124",528,488,108,"1,150",549,493,108,"1,166",558,500,108,"1,175",561,506,108,"1,190",569,513,108,"1,273",597,530,146,"1,288",597,544,147,"1,286",595,544,147,"1,309",618,544,147,"1,312",620,545,147,"1,326",634,545,147,"1,341",645,545,151,"1,344",648,545,151,"1,370",666,553,151,"1,389",683,553,153,"1,454",695,553,206,"1,475",711,557,207,"1,494",725,561,208,"1,519",735,576,208,"1,526",741,577,208,"1,528",743,577,208,"1,535",744,580,211
302,4,San Juan,Friday Harbor,618,410,149,59,819,404,261,154,890,411,310,169,910,425,316,169,964,429,350,185,"1,008",441,385,182,"1,034",451,403,180,"1,046",457,403,186,"1,082",465,429,188,"1,105",474,429,202,"1,108",477,429,202,"1,052",479,467,106,"1,068",489,473,106,"1,074",494,473,107,"1,080",502,473,105,"1,101",515,480,106,"1,124",528,488,108,"1,150",549,493,108,"1,166",558,500,108,"1,175",561,506,108,"1,190",569,513,108,"1,273",597,530,146,"1,288",597,544,147,"1,286",595,544,147,"1,309",618,544,147,"1,312",620,545,147,"1,326",634,545,147,"1,341",645,545,151,"1,344",648,545,151,"1,370",666,553,151,"1,389",683,553,153,"1,454",695,553,206,"1,475",711,557,207,"1,494",725,561,208,"1,519",735,576,208,"1,526",741,577,208,"1,528",743,577,208,"1,535",744,580,211
303,.,.,.,.,.,.,.,.,.,.,.,.,.,.,.,.,.,.,.,.,.,.,.,.,.,.,.,.,.,.,.,.,.,.,.,.,.,.,.,.,.,.,.,.,.,.,.,.,.,.,.,.,.,.,.,.,.,.,.,.,.,.,.,.,.,.,.,.,.,.,.,.,.,.,.,.,.,.,.,.,.,.,.,.,.,.,.,.,.,.,.,.,.,.,.,.,.,.,.,.,.,.,.,.,.,.,.,.,.,.,.,.,.,.,.,.,.,.,.,.,.,.,.,.,.,.,.,.,.,.,.,.,.,.,.,.,.,.,.,.,.,.,.,.,.,.,.,.,.,.,.,.,.,.,.
304,1,Skagit,Skagit County,"27,775","21,454","4,167","2,154","33,580","24,507","4,600","4,473","35,024","25,214","4,947","4,863","36,066","25,799","5,138","5,129","37,267","26,476","5,387","5,404","38,445","27,145","5,562","5,738","39,587","27,769","5,705","6,113","40,572","28,388","5,822","6,362","41,539","28,886","6,064","6,589","42,319","29,304","6,168","6,847","43,033","29,685","6,281","7,067","42,681","30,731","6,655","5,295","43,363","31,155","6,692","5,516","44,239","31,610","6,959","5,670","45,186","32,118","7,199","5,869","45,955","32,750","7,214","5,991","46,709","33,330","7,276","6,103","47,703","34,150","7,288","6,265","48,618","34,829","7,421","6,368","49,454","35,525","7,524","6,405","49,996","35,938","7,594","6,464","51,473","37,094","7,913","6,466","51,731","37,302","7,934","6,495","51,901","37,452","7,950","6,499","52,218","37,755","7,951","6,512","52,501","37,995","7,979","6,527","52,710","38,202","7,992","6,516","53,059","38,452","8,079","6,528","53,510","38,855","8,109","6,546","53,974","39,123","8,291","6,560","54,473","39,518","8,375","6,580","55,744","40,583","8,556","6,605","56,101","40,780","8,682","6,639","56,628","40,985","8,969","6,674","57,047","41,135","9,232","6,680","57,797","41,293","9,804","6,700","58,362","41,442","10,194","6,726","58,724","41,523","10,457","6,744"
305,2,Skagit,Unincorporated Skagit County,"13,488","10,711","1,154","1,623","16,197","12,512",470,"3,215","16,768","12,855",467,"3,446","17,281","13,153",467,"3,661","17,845","13,495",470,"3,880","18,390","13,797",478,"4,115","18,944","14,084",465,"4,395","19,507","14,446",464,"4,597","19,967","14,711",464,"4,792","20,335","14,909",463,"4,963","20,582","14,975",431,"5,176","19,502","15,252",468,"3,782","19,838","15,415",468,"3,955","20,191","15,594",474,"4,123","20,526","15,782",478,"4,266","20,832","15,972",478,"4,382","21,091","16,167",475,"4,449","21,487","16,460",473,"4,554","21,810","16,729",472,"4,609","22,113","16,955",504,"4,654","22,220","17,057",524,"4,639","22,798","17,482",533,"4,783","22,884","17,547",533,"4,804","22,906","17,565",533,"4,808","22,958","17,612",533,"4,813","23,054","17,691",533,"4,830","23,106","17,739",533,"4,834","23,184","17,809",533,"4,842","23,287","17,896",533,"4,858","23,396","18,001",536,"4,859","23,532","18,127",537,"4,868","24,252","18,814",551,"4,887","24,336","18,867",570,"4,899","24,425","18,913",582,"4,930","24,491","18,967",592,"4,932","24,596","19,034",612,"4,950","24,702","19,105",636,"4,961","24,781","19,148",661,"4,972"
306,3,Skagit,Incorporated Skagit County,"14,287","10,743","3,013",531,"17,383","11,995","4,130","1,258","18,256","12,359","4,480","1,417","18,785","12,646","4,671","1,468","19,422","12,981","4,917","1,524","20,055","13,348","5,084","1,623","20,643","13,685","5,240","1,718","21,065","13,942","5,358","1,765","21,572","14,175","5,600","1,797","21,984","14,395","5,705","1,884","22,451","14,710","5,850","1,891","23,179","15,479","6,187","1,513","23,525","15,740","6,224","1,561","24,048","16,016","6,485","1,547","24,660","16,336","6,721","1,603","25,123","16,778","6,736","1,609","25,618","17,163","6,801","1,654","26,216","17,690","6,815","1,711","26,808","18,100","6,949","1,759","27,341","18,570","7,020","1,751","27,776","18,881","7,070","1,825","28,675","19,612","7,380","1,683","28,847","19,755","7,401","1,691","28,995","19,887","7,417","1,691","29,260","20,143","7,418","1,699","29,447","20,304","7,446","1,697","29,604","20,463","7,459","1,682","29,875","20,643","7,546","1,686","30,223","20,959","7,576","1,688","30,578","21,122","7,755","1,701","30,941","21,391","7,838","1,712","31,492","21,769","8,005","1,718","31,765","21,913","8,112","1,740","32,203","22,072","8,387","1,744","32,556","22,168","8,640","1,748","33,201","22,259","9,192","1,750","33,660","22,337","9,558","1,765","33,943","22,375","9,796","1,772"
307,4,Skagit,Anacortes,"3,917","3,205",653,59,"4,992","3,845",867,280,"5,150","3,925",913,312,"5,294","4,003",993,298,"5,378","4,081",999,298,"5,513","4,169","1,042",302,"5,618","4,234","1,052",332,"5,757","4,355","1,081",321,"5,938","4,494","1,121",323,"6,128","4,662","1,140",326,"6,332","4,847","1,176",309,"6,551","5,144","1,205",202,"6,672","5,250","1,221",201,"6,765","5,349","1,241",175,"6,876","5,445","1,253",178,"6,947","5,513","1,256",178,"7,028","5,583","1,267",178,"7,272","5,790","1,304",178,"7,418","5,901","1,338",179,"7,521","5,994","1,348",179,"7,585","6,053","1,354",178,"7,680","6,135","1,369",176,"7,728","6,178","1,374",176,"7,767","6,214","1,377",176,"7,829","6,273","1,378",178,"7,861","6,302","1,381",178,"7,875","6,314","1,382",179,"7,989","6,396","1,413",180,"8,072","6,459","1,433",180,"8,125","6,492","1,450",183,"8,258","6,621","1,454",183,"8,395","6,728","1,484",183,"8,455","6,765","1,491",199,"8,517","6,811","1,506",200,"8,611","6,844","1,568",199,"8,799","6,881","1,719",199,"8,846","6,912","1,731",203,"8,881","6,924","1,752",205
308,4,Skagit,Burlington,"1,668","1,248",393,27,"1,816","1,193",533,90,"1,975","1,209",687,79,"1,990","1,212",695,83,"1,988","1,213",695,80,"2,197","1,333",735,129,"2,301","1,391",753,157,"2,330","1,420",758,152,"2,342","1,420",758,164,"2,373","1,425",758,190,"2,422","1,447",775,200,"2,531","1,554",894,83,"2,620","1,633",894,93,"2,822","1,714","1,013",95,"2,967","1,745","1,121",101,"3,044","1,819","1,121",104,"3,138","1,895","1,151",92,"3,263","2,006","1,161",96,"3,303","2,024","1,181",98,"3,344","2,052","1,191",101,"3,367","2,062","1,201",104,"3,419","2,057","1,279",83,"3,437","2,059","1,295",83,"3,438","2,060","1,295",83,"3,440","2,062","1,295",83,"3,440","2,062","1,295",83,"3,453","2,067","1,303",83,"3,493","2,073","1,337",83,"3,502","2,078","1,341",83,"3,613","2,093","1,437",83,"3,643","2,113","1,447",83,"3,645","2,120","1,440",85,"3,727","2,118","1,524",85,"3,965","2,117","1,764",84,"4,010","2,126","1,800",84,"4,271","2,131","2,056",84,"4,523","2,128","2,309",86,"4,643","2,128","2,427",88
309,4,Skagit,Concrete,257,231,20,6,313,241,47,25,304,241,47,16,303,240,47,16,303,240,47,16,310,239,53,18,310,239,53,18,344,240,73,31,344,242,73,29,349,241,73,35,344,242,73,29,335,243,70,22,336,244,70,22,336,243,70,23,341,243,70,28,344,243,70,31,349,247,70,32,362,255,74,33,367,257,76,34,367,257,76,34,364,254,76,34,376,263,73,40,375,262,73,40,375,262,73,40,378,262,73,43,384,266,73,45,364,261,73,30,366,263,73,30,367,264,73,30,367,263,73,31,370,266,73,31,375,272,73,30,377,273,73,31,379,276,73,30,379,276,73,30,380,277,73,30,381,278,73,30,382,279,73,30
310,4,Skagit,Hamilton,116,86,14,16,107,80,4,23,107,80,4,23,107,80,4,23,109,82,4,23,114,82,4,28,121,81,4,36,122,80,4,38,147,80,4,63,148,80,4,64,149,80,4,65,135,77,3,55,152,77,3,72,150,77,3,70,157,77,3,77,154,75,3,76,158,73,3,82,149,72,3,74,157,72,3,82,148,72,3,73,144,70,3,71,141,99,0,42,141,99,0,42,141,99,0,42,141,99,0,42,142,99,0,43,142,99,0,43,142,99,0,43,140,98,0,42,139,97,0,42,139,97,0,42,131,89,0,42,130,88,0,42,130,88,0,42,129,88,0,41,129,88,0,41,129,88,0,41,126,85,0,41
311,4,Skagit,La Conner,314,230,53,31,332,219,70,43,347,220,82,45,345,224,83,38,365,219,98,48,368,222,98,48,378,227,102,49,396,234,109,53,398,239,109,50,396,239,109,48,462,241,176,45,434,249,167,18,436,251,167,18,436,251,167,18,440,256,167,17,445,261,167,17,449,266,167,16,427,279,98,50,462,287,98,77,458,291,98,69,445,296,98,51,526,385,121,20,523,383,121,19,525,385,121,19,525,385,121,19,528,386,123,19,530,386,125,19,533,389,125,19,544,400,125,19,550,403,128,19,551,404,128,19,556,408,128,20,560,409,131,20,565,409,136,20,570,414,136,20,577,419,138,20,577,419,138,20,576,418,138,20
312,4,Skagit,Lyman,124,116,2,6,126,106,1,19,132,106,1,25,132,106,1,25,132,106,1,25,133,106,1,26,140,106,1,33,148,108,1,39,147,108,1,38,147,108,1,38,147,108,1,38,173,125,5,43,174,125,5,44,178,125,5,48,182,128,5,49,186,132,5,49,190,136,5,49,191,137,5,49,190,137,5,48,189,136,5,48,191,136,5,50,172,124,3,45,173,125,3,45,173,125,3,45,173,125,3,45,175,127,3,45,175,127,3,45,176,128,3,45,178,129,3,46,179,129,3,47,176,125,3,48,174,125,3,46,174,125,3,46,174,125,3,46,174,125,3,46,176,126,3,47,181,129,4,48,184,131,4,49
313,4,Skagit,Mount Vernon,"5,494","3,705","1,491",298,"7,167","4,292","2,224",651,"7,641","4,529","2,322",790,"7,975","4,697","2,420",858,"8,352","4,919","2,536",897,"8,561","5,034","2,600",927,"8,798","5,195","2,666",937,"8,903","5,277","2,689",937,"9,142","5,350","2,867",925,"9,243","5,374","2,949",920,"9,297","5,451","2,964",882,"9,686","5,786","3,170",730,"9,776","5,847","3,189",740,"9,940","5,933","3,267",740,"10,136","6,084","3,290",762,"10,341","6,287","3,297",757,"10,476","6,411","3,303",762,"10,709","6,617","3,331",761,"11,003","6,860","3,382",761,"11,356","7,201","3,394",761,"11,701","7,437","3,416",848,"12,058","7,712","3,510",836,"12,137","7,790","3,510",837,"12,243","7,883","3,523",837,"12,436","8,077","3,523",836,"12,580","8,203","3,542",835,"12,711","8,335","3,542",834,"12,762","8,379","3,548",835,"12,981","8,592","3,554",835,"13,078","8,684","3,558",836,"13,229","8,787","3,603",839,"13,457","8,953","3,665",839,"13,528","9,019","3,668",841,"13,576","9,060","3,675",841,"13,631","9,075","3,715",841,"13,744","9,086","3,817",841,"13,824","9,096","3,887",841,"13,840","9,111","3,888",841
314,4,Skagit,Sedro-Woolley,"2,397","1,922",387,88,"2,530","2,019",384,127,"2,600","2,049",424,127,"2,639","2,084",428,127,"2,795","2,121",537,137,"2,859","2,163",551,145,"2,977","2,212",609,156,"3,065","2,228",643,194,"3,114","2,242",667,205,"3,200","2,266",671,263,"3,298","2,294",681,323,"3,334","2,301",673,360,"3,359","2,313",675,371,"3,421","2,324",719,378,"3,561","2,358",812,391,"3,662","2,448",817,397,"3,830","2,552",835,443,"3,843","2,534",839,470,"3,908","2,562",866,480,"3,958","2,567",905,486,"3,979","2,573",917,489,"4,303","2,837","1,025",441,"4,333","2,859","1,025",449,"4,333","2,859","1,025",449,"4,338","2,860","1,025",453,"4,337","2,859","1,029",449,"4,354","2,874","1,031",449,"4,414","2,916","1,047",451,"4,439","2,939","1,047",453,"4,527","2,961","1,106",460,"4,575","2,978","1,130",467,"4,759","3,074","1,212",473,"4,814","3,116","1,222",476,"4,897","3,186","1,230",481,"5,052","3,220","1,345",487,"5,125","3,251","1,386",488,"5,199","3,287","1,416",496,"5,311","3,299","1,514",498
315,.,.,.,.,.,.,.,.,.,.,.,.,.,.,.,.,.,.,.,.,.,.,.,.,.,.,.,.,.,.,.,.,.,.,.,.,.,.,.,.,.,.,.,.,.,.,.,.,.,.,.,.,.,.,.,.,.,.,.,.,.,.,.,.,.,.,.,.,.,.,.,.,.,.,.,.,.,.,.,.,.,.,.,.,.,.,.,.,.,.,.,.,.,.,.,.,.,.,.,.,.,.,.,.,.,.,.,.,.,.,.,.,.,.,.,.,.,.,.,.,.,.,.,.,.,.,.,.,.,.,.,.,.,.,.,.,.,.,.,.,.,.,.,.,.,.,.,.,.,.,.,.,.,.,.
316,1,Skamania,Skamania County,"3,435","2,461",322,652,"3,922","2,682",203,"1,037","4,128","2,820",205,"1,103","4,200","2,849",211,"1,140","4,286","2,885",213,"1,188","4,428","2,950",216,"1,262","4,548","3,008",217,"1,323","4,696","3,074",219,"1,403","4,832","3,118",223,"1,491","4,959","3,168",227,"1,564","5,112","3,213",262,"1,637","4,576","3,117",271,"1,188","4,645","3,141",269,"1,235","4,723","3,173",269,"1,281","4,809","3,209",269,"1,331","4,934","3,267",283,"1,384","5,062","3,372",299,"1,391","5,239","3,473",341,"1,425","5,326","3,535",340,"1,451","5,409","3,598",342,"1,469","5,460","3,644",340,"1,476","5,628","3,775",368,"1,485","5,663","3,797",376,"1,490","5,719","3,828",378,"1,513","5,746","3,852",378,"1,516","5,788","3,886",379,"1,523","5,824","3,904",387,"1,533","5,880","3,948",390,"1,542","5,939","3,991",391,"1,557","6,000","4,043",388,"1,569","6,076","4,107",396,"1,573","5,794","3,928",374,"1,492","5,886","3,993",384,"1,509","6,014","4,099",388,"1,527","6,111","4,183",394,"1,534","6,153","4,225",395,"1,533","6,204","4,266",397,"1,541","6,248","4,297",400,"1,551"
317,2,Skamania,Unincorporated Skamania County,"2,774","2,044",161,569,"3,298","2,255",80,963,"3,497","2,391",80,"1,026","3,564","2,416",86,"1,062","3,646","2,449",88,"1,109","3,771","2,506",88,"1,177","3,887","2,556",87,"1,244","4,015","2,611",87,"1,317","4,138","2,640",87,"1,411","4,251","2,680",87,"1,484","4,354","2,721",84,"1,549","3,816","2,590",127,"1,099","3,880","2,608",127,"1,145","3,942","2,635",127,"1,180","4,006","2,657",127,"1,222","4,090","2,709",126,"1,255","4,182","2,775",126,"1,281","4,272","2,850",114,"1,308","4,310","2,867",114,"1,329","4,338","2,885",114,"1,339","4,391","2,926",114,"1,351","4,466","2,985",115,"1,366","4,485","2,999",115,"1,371","4,520","3,029",116,"1,375","4,544","3,051",116,"1,377","4,584","3,083",117,"1,384","4,612","3,102",117,"1,393","4,661","3,142",117,"1,402","4,714","3,178",117,"1,419","4,775","3,228",117,"1,430","4,832","3,277",120,"1,435","4,595","3,130",110,"1,355","4,670","3,185",112,"1,373","4,774","3,266",117,"1,391","4,851","3,331",122,"1,398","4,882","3,361",122,"1,399","4,926","3,395",124,"1,407","4,962","3,419",126,"1,417"
318,3,Skamania,Incorporated Skamania County,661,417,161,83,624,427,123,74,631,429,125,77,636,433,125,78,640,436,125,79,657,444,128,85,661,452,130,79,681,463,132,86,694,478,136,80,708,488,140,80,758,492,178,88,760,527,144,89,765,533,142,90,781,538,142,101,803,552,142,109,844,558,157,129,880,597,173,110,967,623,227,117,"1,016",668,226,122,"1,071",713,228,130,"1,069",718,226,125,"1,162",790,253,119,"1,178",798,261,119,"1,199",799,262,138,"1,202",801,262,139,"1,204",803,262,139,"1,212",802,270,140,"1,219",806,273,140,"1,225",813,274,138,"1,225",815,271,139,"1,244",830,276,138,"1,199",798,264,137,"1,216",808,272,136,"1,240",833,271,136,"1,260",852,272,136,"1,271",864,273,134,"1,278",871,273,134,"1,286",878,274,134
319,4,Skamania,North Bonneville,183,102,22,59,167,115,18,34,172,116,20,36,178,119,20,39,180,122,20,38,192,131,20,41,197,138,20,39,199,138,22,39,206,147,22,37,211,150,26,35,229,154,37,38,237,175,24,38,240,178,24,38,250,181,24,45,257,186,24,47,294,186,39,69,316,216,53,47,376,231,91,54,402,250,92,60,426,267,94,65,423,271,92,60,459,298,101,60,461,300,101,60,480,300,101,79,482,302,101,79,482,302,101,79,482,302,101,79,482,302,101,79,483,303,101,79,484,304,101,79,489,306,105,78,452,276,98,78,454,278,98,78,456,280,98,78,457,280,98,79,463,286,98,79,463,286,98,79,464,287,98,79
320,4,Skamania,Stevenson,478,315,139,24,457,312,105,40,459,313,105,41,458,314,105,39,460,314,105,41,465,313,108,44,464,314,110,40,482,325,110,47,488,331,114,43,497,338,114,45,529,338,141,50,523,352,120,51,525,355,118,52,531,357,118,56,546,366,118,62,550,372,118,60,564,381,120,63,591,392,136,63,614,418,134,62,645,446,134,65,646,447,134,65,703,492,152,59,717,498,160,59,719,499,161,59,720,499,161,60,722,501,161,60,730,500,169,61,737,504,172,61,742,510,173,59,741,511,170,60,755,524,171,60,747,522,166,59,762,530,174,58,784,553,173,58,803,572,174,57,808,578,175,55,815,585,175,55,822,591,176,55
321,.,.,.,.,.,.,.,.,.,.,.,.,.,.,.,.,.,.,.,.,.,.,.,.,.,.,.,.,.,.,.,.,.,.,.,.,.,.,.,.,.,.,.,.,.,.,.,.,.,.,.,.,.,.,.,.,.,.,.,.,.,.,.,.,.,.,.,.,.,.,.,.,.,.,.,.,.,.,.,.,.,.,.,.,.,.,.,.,.,.,.,.,.,.,.,.,.,.,.,.,.,.,.,.,.,.,.,.,.,.,.,.,.,.,.,.,.,.,.,.,.,.,.,.,.,.,.,.,.,.,.,.,.,.,.,.,.,.,.,.,.,.,.,.,.,.,.,.,.,.,.,.,.,.,.
322,1,Snohomish,Snohomish County,"131,206","94,818","26,215","10,173","183,935","117,189","46,056","20,690","193,296","120,485","51,369","21,442","196,704","122,582","52,215","21,907","201,051","125,320","53,350","22,381","206,180","128,716","54,424","23,040","211,177","131,984","55,646","23,547","215,622","135,038","56,550","24,034","220,425","138,601","57,460","24,364","227,181","142,920","59,582","24,679","234,834","146,957","62,861","25,016","236,205","155,178","62,662","18,365","241,467","158,201","64,232","19,034","246,812","161,354","66,266","19,192","251,964","164,745","67,898","19,321","256,654","168,201","69,006","19,447","261,762","171,817","70,268","19,677","267,697","176,669","71,530","19,498","273,241","181,311","72,396","19,534","277,565","184,868","73,244","19,453","280,718","187,150","74,043","19,525","286,659","191,686","75,546","19,427","288,520","193,321","75,785","19,414","290,714","195,011","76,248","19,455","293,600","196,672","77,444","19,484","297,426","198,785","79,128","19,513","300,707","200,624","80,538","19,545","304,394","202,878","81,949","19,567","307,950","205,198","83,222","19,530","312,718","207,399","85,753","19,566","316,948","209,279","88,064","19,605","321,523","211,788","90,174","19,561","326,723","213,607","93,511","19,605","331,191","215,941","95,672","19,578","336,688","217,427","99,668","19,593","341,276","219,271","102,389","19,616","345,122","220,875","104,491","19,756","348,444","221,775","106,912","19,757"
323,2,Snohomish,Unincorporated Snohomish County,"68,994","54,732","5,890","8,372","97,573","67,715","12,927","16,931","100,602","68,520","14,374","17,708","101,683","69,157","14,546","17,980","99,476","67,381","14,492","17,603","101,955","68,823","15,021","18,111","104,755","70,586","15,570","18,599","104,878","70,741","15,140","18,997","107,252","72,631","15,326","19,295","109,128","74,134","15,413","19,581","114,118","76,585","17,546","19,987","108,986","79,739","15,799","13,448","109,969","80,496","16,051","13,422","113,103","82,621","16,895","13,587","115,918","84,850","17,354","13,714","118,812","87,200","17,795","13,817","121,849","89,765","18,162","13,922","122,087","90,559","17,793","13,735","122,815","91,360","17,782","13,673","125,242","93,345","18,193","13,704","126,821","94,542","18,549","13,730","118,025","86,980","17,613","13,432","119,174","87,926","17,797","13,451","120,563","88,977","18,112","13,474","122,476","90,022","18,966","13,488","125,281","91,458","20,311","13,512","127,345","92,785","21,033","13,527","129,335","94,252","21,540","13,543","131,451","95,721","22,145","13,585","133,581","97,190","22,772","13,619","135,620","98,144","23,823","13,653","136,975","98,750","24,585","13,640","138,681","99,639","25,368","13,674","139,057","99,411","25,934","13,712","139,997","99,768","26,521","13,708","141,572","100,475","27,357","13,740","142,962","101,080","28,105","13,777","144,112","101,410","28,872","13,830"
324,3,Snohomish,Incorporated Snohomish County,"62,212","40,086","20,325","1,801","86,362","49,474","33,129","3,759","92,694","51,965","36,995","3,734","95,021","53,425","37,669","3,927","101,575","57,939","38,858","4,778","104,225","59,893","39,403","4,929","106,422","61,398","40,076","4,948","110,744","64,297","41,410","5,037","113,173","65,970","42,134","5,069","118,053","68,786","44,169","5,098","120,716","70,372","45,315","5,029","127,219","75,439","46,863","4,917","131,498","77,705","48,181","5,612","133,709","78,733","49,371","5,605","136,046","79,895","50,544","5,607","137,842","81,001","51,211","5,630","139,913","82,052","52,106","5,755","145,610","86,110","53,737","5,763","150,426","89,951","54,614","5,861","152,323","91,523","55,051","5,749","153,897","92,608","55,494","5,795","168,634","104,706","57,933","5,995","169,346","105,395","57,988","5,963","170,151","106,034","58,136","5,981","171,124","106,650","58,478","5,996","172,145","107,327","58,817","6,001","173,362","107,839","59,505","6,018","175,059","108,626","60,409","6,024","176,499","109,477","61,077","5,945","179,137","110,209","62,981","5,947","181,328","111,135","64,241","5,952","184,548","113,038","65,589","5,921","188,042","113,968","68,143","5,931","192,134","116,530","69,738","5,866","196,691","117,659","73,147","5,885","199,704","118,796","75,032","5,876","202,160","119,795","76,386","5,979","204,332","120,365","78,040","5,927"
325,4,Snohomish,Arlington,"1,299",822,378,99,"1,600",959,470,171,"1,720","1,029",522,169,"1,788","1,072",550,166,"1,867","1,130",552,185,"1,964","1,198",566,200,"2,135","1,298",615,222,"2,237","1,392",615,230,"2,395","1,528",621,246,"2,611","1,742",631,238,"2,888","1,965",676,247,"4,588","3,060","1,237",291,"4,982","3,343","1,259",380,"5,200","3,552","1,271",377,"5,487","3,748","1,358",381,"5,655","3,900","1,374",381,"5,762","3,977","1,404",381,"5,953","4,118","1,454",381,"6,476","4,436","1,659",381,"6,624","4,506","1,735",383,"6,655","4,530","1,742",383,"6,929","4,564","1,771",594,"6,931","4,566","1,771",594,"6,956","4,587","1,773",596,"7,068","4,695","1,773",600,"7,093","4,706","1,785",602,"7,093","4,706","1,785",602,"7,096","4,705","1,789",602,"7,115","4,716","1,796",603,"7,325","4,799","1,923",603,"7,524","4,815","2,107",602,"7,751","4,741","2,417",593,"8,208","4,741","2,869",598,"8,464","4,759","3,107",598,"8,706","4,767","3,333",606,"9,329","4,769","3,958",602,"9,385","4,777","4,006",602,"9,660","4,782","4,276",602
326,4,Snohomish,Bothell (part),0,0,0,0,112,112,0,0,113,113,0,0,113,113,0,0,"4,137","3,169",360,608,"4,429","3,341",445,643,"4,458","3,370",445,643,"4,483","3,394",445,644,"4,515","3,425",445,645,"4,769","3,442",694,633,"5,059","3,447",975,637,"5,321","3,742",895,684,"5,603","3,750","1,169",684,"5,779","3,760","1,335",684,"5,773","3,756","1,333",684,"5,811","3,794","1,333",684,"5,863","3,838","1,341",684,"5,973","3,925","1,358",690,"6,114","4,007","1,417",690,"6,228","4,078","1,442",708,"6,334","4,132","1,442",760,"6,702","4,396","1,510",796,"6,780","4,474","1,510",796,"6,817","4,511","1,510",796,"6,901","4,595","1,510",796,"6,907","4,601","1,510",796,"6,925","4,619","1,510",796,"6,936","4,630","1,510",796,"6,972","4,666","1,510",796,"7,065","4,755","1,514",796,"7,198","4,872","1,530",796,"7,456","5,048","1,612",796,"7,544","5,087","1,662",795,"7,722","5,133","1,797",792,"7,923","5,260","1,872",791,"7,996","5,332","1,873",791,"8,008","5,344","1,873",791,"8,064","5,394","1,879",791
327,4,Snohomish,Brier,946,924,17,5,"1,822","1,793",2,27,"1,839","1,811",2,26,"1,856","1,828",2,26,"1,899","1,871",2,26,"1,943","1,915",2,26,"1,956","1,928",2,26,"1,981","1,952",2,27,"2,006","1,977",2,27,"2,049","2,020",2,27,"2,064","2,034",2,28,"2,115","2,067",29,19,"2,135","2,087",29,19,"2,140","2,092",29,19,"2,145","2,096",29,20,"2,153","2,103",29,21,"2,161","2,111",29,21,"2,165","2,114",29,22,"2,165","2,114",29,22,"2,163","2,110",32,21,"2,166","2,115",32,19,"2,220","2,162",31,27,"2,226","2,168",31,27,"2,249","2,191",31,27,"2,306","2,246",31,29,"2,316","2,255",32,29,"2,342","2,281",32,29,"2,361","2,300",32,29,"2,364","2,303",32,29,"2,362","2,301",32,29,"2,386","2,325",32,29,"2,413","2,378",6,29,"2,418","2,383",6,29,"2,427","2,392",6,29,"2,435","2,399",7,29,"2,432","2,399",7,26,"2,458","2,423",7,28,"2,461","2,426",7,28
328,4,Snohomish,Darrington,436,345,48,43,450,317,29,104,457,319,29,109,467,322,29,116,473,326,29,118,479,329,29,121,490,340,29,121,501,349,29,123,517,355,29,133,538,363,29,146,538,366,29,143,505,386,32,87,569,404,34,131,590,416,34,140,600,423,34,143,610,430,34,146,621,440,34,147,638,453,34,151,643,458,34,151,648,465,34,149,653,468,34,151,644,485,35,124,644,486,35,123,644,486,35,123,645,487,35,123,645,487,35,123,645,487,35,123,645,487,35,123,645,487,35,123,645,487,35,123,650,492,35,123,648,490,35,123,652,493,35,124,663,502,37,124,666,505,37,124,671,509,38,124,674,512,38,124,676,514,38,124
329,4,Snohomish,Edmonds,"10,706","7,533","3,072",101,"12,942","8,547","4,165",230,"12,958","8,587","4,176",195,"12,914","8,579","4,190",145,"13,018","8,653","4,222",143,"13,045","8,675","4,229",141,"13,167","8,709","4,318",140,"15,096","10,033","4,924",139,"15,126","10,045","4,931",150,"16,600","10,742","5,703",155,"16,657","10,775","5,722",160,"17,519","11,392","6,035",92,"17,521","11,394","6,036",91,"17,506","11,375","6,038",93,"17,614","11,428","6,093",93,"17,727","11,480","6,154",93,"17,873","11,502","6,276",95,"18,152","11,582","6,475",95,"18,231","11,620","6,515",96,"18,326","11,643","6,586",97,"18,419","11,675","6,647",97,"18,378","11,685","6,664",29,"18,396","11,701","6,665",30,"18,414","11,704","6,683",27,"18,505","11,707","6,772",26,"18,520","11,720","6,772",28,"18,548","11,744","6,773",31,"18,584","11,773","6,780",31,"18,663","11,807","6,825",31,"18,729","11,828","6,871",30,"18,925","11,890","7,003",32,"19,305","12,051","7,222",32,"19,332","12,075","7,225",32,"19,374","12,104","7,238",32,"19,599","12,114","7,453",32,"19,624","12,120","7,472",32,"19,695","12,125","7,538",32,"19,849","12,136","7,681",32
330,4,Snohomish,Everett,"23,912","14,493","8,768",651,"30,799","15,682","13,794","1,323","33,165","15,962","15,879","1,324","33,788","16,301","16,157","1,330","34,290","16,466","16,472","1,352","34,789","16,754","16,598","1,437","35,041","16,920","16,715","1,406","35,885","17,216","17,168","1,501","36,356","17,434","17,463","1,459","36,815","17,571","17,792","1,452","37,383","17,691","18,317","1,375","38,512","18,571","18,720","1,221","40,391","19,420","19,537","1,434","40,923","19,499","20,027","1,397","41,228","19,647","20,180","1,401","41,560","19,762","20,336","1,462","41,981","19,868","20,651","1,462","43,304","20,572","21,260","1,472","43,580","20,747","21,377","1,456","43,895","20,967","21,519","1,409","44,384","21,142","21,833","1,409","44,609","21,299","22,076","1,234","44,656","21,349","22,088","1,219","44,873","21,436","22,209","1,228","45,089","21,474","22,390","1,225","45,284","21,652","22,404","1,228","45,394","21,734","22,429","1,231","46,141","21,903","23,027","1,211","46,311","21,944","23,207","1,160","46,497","21,990","23,346","1,161","46,884","22,036","23,686","1,162","47,193","22,100","23,931","1,162","48,219","22,169","24,887","1,163","48,649","22,228","25,258","1,163","49,053","22,246","25,646","1,161","49,671","22,421","26,084","1,166","49,604","22,502","25,871","1,231","49,710","22,530","25,949","1,231"
331,4,Snohomish,Gold Bar,423,261,31,131,431,212,34,185,442,221,34,187,456,226,34,196,491,231,34,226,491,231,34,226,522,238,34,250,535,269,32,234,578,309,32,237,614,328,31,255,662,373,31,258,769,517,31,221,778,529,31,218,789,533,33,223,798,537,35,226,807,541,35,231,813,546,35,232,821,552,35,234,841,569,35,237,855,583,35,237,828,588,35,205,837,525,28,284,831,525,28,278,832,525,28,279,839,525,28,286,841,527,28,286,854,528,28,298,856,530,28,298,854,533,28,293,872,551,28,293,863,551,28,284,892,576,28,288,899,580,28,291,849,586,28,235,853,592,28,233,861,592,30,239,880,605,32,243,914,626,44,244
332,4,Snohomish,Granite Falls,377,285,65,27,445,275,116,54,478,308,116,54,522,342,126,54,573,390,126,57,589,407,126,56,599,414,126,59,670,477,128,65,732,546,128,58,801,569,164,68,822,586,168,68,873,634,185,54,944,699,191,54,"1,028",730,244,54,"1,090",786,250,54,"1,132",824,254,54,"1,150",842,254,54,"1,157",849,254,54,"1,198",890,254,54,"1,233",924,254,55,"1,257",934,260,63,"1,344",990,274,80,"1,348",994,274,80,"1,351",997,274,80,"1,352",996,274,82,"1,356",994,280,82,"1,358",996,280,82,"1,358",996,280,82,"1,365","1,000",282,83,"1,413","1,041",289,83,"1,516","1,138",295,83,"1,594","1,188",323,83,"1,612","1,206",323,83,"1,694","1,288",323,83,"1,713","1,294",336,83,"1,715","1,295",337,83,"1,715","1,293",339,83,"1,713","1,291",340,82
333,4,Snohomish,Index,106,95,3,8,102,95,2,5,102,95,2,5,102,95,2,5,102,95,2,5,102,95,2,5,102,95,2,5,102,95,2,5,102,95,2,5,99,95,2,2,99,95,2,2,100,90,6,4,101,91,6,4,101,91,6,4,100,90,6,4,100,90,6,4,100,90,6,4,101,90,6,5,102,90,6,6,100,90,6,4,100,90,6,4,116,113,0,3,117,114,0,3,117,114,0,3,117,114,0,3,117,114,0,3,117,114,0,3,117,114,0,3,117,114,0,3,117,114,0,3,117,114,0,3,100,97,0,3,100,97,0,3,100,97,0,3,100,97,0,3,103,100,0,3,107,101,0,6,107,101,0,6
334,4,Snohomish,Lake Stevens,643,512,131,0,"1,231",942,272,17,"1,352","1,056",280,16,"1,515","1,214",280,21,"1,604","1,289",292,23,"1,707","1,383",300,24,"1,750","1,415",312,23,"1,820","1,457",340,23,"1,868","1,505",340,23,"2,017","1,652",342,23,"2,129","1,754",352,23,"2,234","1,778",456,0,"2,335","1,874",460,1,"2,371","1,910",460,1,"2,420","1,955",464,1,"2,483","2,017",464,2,"2,502","2,032",468,2,"3,536","2,849",655,32,"5,009","3,938",955,116,"5,486","4,415",955,116,"5,611","4,544",951,116,"10,414","8,223","1,801",390,"10,470","8,276","1,804",390,"10,583","8,381","1,812",390,"10,712","8,504","1,818",390,"10,784","8,576","1,818",390,"10,908","8,698","1,818",392,"11,205","8,976","1,838",391,"11,492","9,262","1,838",392,"11,641","9,408","1,841",392,"11,823","9,590","1,841",392,"12,367","10,106","1,869",392,"12,928","10,462","2,074",392,"14,415","11,696","2,328",391,"14,517","11,783","2,339",395,"14,705","11,967","2,343",395,"15,118","12,039","2,685",394,"15,336","12,096","2,842",398
335,4,Snohomish,Lynnwood,"9,220","4,816","4,032",372,"11,850","5,681","5,525",644,"11,974","5,761","5,566",647,"12,015","5,834","5,566",615,"12,236","5,939","5,670",627,"12,652","6,164","5,864",624,"12,775","6,233","5,919",623,"12,946","6,353","5,957",636,"13,556","6,697","6,191",668,"13,620","6,720","6,228",672,"13,686","6,757","6,264",665,"13,808","6,992","6,236",580,"13,877","7,037","6,264",576,"13,896","7,049","6,264",583,"14,149","7,110","6,471",568,"14,278","7,191","6,523",564,"14,482","7,260","6,558",664,"14,533","7,378","6,593",562,"14,629","7,443","6,627",559,"14,680","7,497","6,643",540,"14,713","7,523","6,652",538,"14,939","7,640","6,748",551,"14,947","7,648","6,748",551,"14,961","7,661","6,749",551,"14,967","7,662","6,749",556,"14,997","7,680","6,761",556,"15,012","7,695","6,761",556,"15,032","7,711","6,761",560,"15,042","7,719","6,763",560,"16,031","7,706","7,765",560,"16,352","7,719","8,073",560,"16,212","7,527","8,125",560,"16,228","7,540","8,128",560,"16,246","7,541","8,145",560,"17,403","7,611","9,232",560,"17,777","7,630","9,615",532,"18,399","7,715","10,153",531,"18,727","7,724","10,473",530
336,4,Snohomish,Marysville,"2,607","1,429","1,036",142,"4,565","2,325","1,899",341,"4,844","2,482","2,020",342,"5,639","2,943","2,098",598,"6,264","3,390","2,163",711,"6,708","3,803","2,195",710,"7,211","4,260","2,245",706,"7,692","4,733","2,263",696,"7,928","4,937","2,291",700,"8,329","5,310","2,315",704,"8,703","5,644","2,359",700,"9,730","5,977","2,718","1,035","10,392","6,258","2,731","1,403","10,712","6,568","2,735","1,409","11,004","6,822","2,770","1,412","11,215","7,046","2,798","1,371","11,464","7,235","2,847","1,382","12,517","7,874","3,207","1,436","14,228","9,526","3,239","1,463","14,548","9,826","3,256","1,466","14,824","10,081","3,272","1,471","22,363","17,197","3,935","1,231","22,649","17,488","3,940","1,221","22,868","17,701","3,940","1,227","23,064","17,830","4,004","1,230","23,264","17,948","4,091","1,225","23,610","18,046","4,336","1,228","23,829","18,139","4,465","1,225","24,300","18,302","4,777","1,221","24,762","18,361","5,176","1,225","25,057","18,513","5,309","1,235","25,723","19,065","5,446","1,212","25,940","19,228","5,498","1,214","26,439","19,684","5,544","1,211","26,923","19,867","5,829","1,227","27,375","20,217","5,919","1,239","28,099","20,550","6,287","1,262","28,619","20,786","6,625","1,208"
337,4,Snohomish,Mill Creek,.,.,.,.,"3,136","1,883","1,184",69,"3,395","1,986","1,343",66,"3,654","2,101","1,487",66,"3,795","2,222","1,503",70,"3,846","2,259","1,512",75,"4,022","2,413","1,532",77,"4,109","2,476","1,558",75,"4,252","2,577","1,600",75,"4,681","2,769","1,840",72,"4,825","2,913","1,845",67,"4,769","3,185","1,541",43,"4,981","3,353","1,598",30,"5,400","3,406","1,966",28,"5,727","3,448","2,252",27,"6,038","3,498","2,517",23,"6,265","3,520","2,722",23,"7,371","4,615","2,732",24,"7,442","4,684","2,732",26,"7,493","4,762","2,732",-1,"7,729","4,996","2,732",1,"7,923","5,060","2,854",9,"7,991","5,129","2,854",8,"8,005","5,143","2,854",8,"8,051","5,189","2,854",8,"8,132","5,230","2,894",8,"8,474","5,272","3,194",8,"8,554","5,268","3,278",8,"8,579","5,293","3,279",7,"8,781","5,331","3,443",7,"8,840","5,334","3,499",7,"9,068","5,471","3,590",7,"9,068","5,471","3,590",7,"9,450","5,499","3,944",7,"9,449","5,497","3,945",7,"9,461","5,502","3,952",7,"9,462","5,502","3,952",8,"9,464","5,502","3,954",8
338,4,Snohomish,Monroe,"1,193",829,351,13,"1,712","1,048",589,75,"1,973","1,073",819,81,"2,040","1,108",849,83,"2,119","1,172",859,88,"2,292","1,343",861,88,"2,493","1,501",901,91,"2,635","1,641",903,91,"2,841","1,832",917,92,"3,477","2,387",995,95,"3,744","2,645",999,100,"4,427","3,043","1,271",113,"4,543","3,140","1,291",112,"4,648","3,205","1,329",114,"4,753","3,303","1,337",113,"4,899","3,441","1,346",112,"5,067","3,577","1,379",111,"5,160","3,619","1,429",112,"5,239","3,690","1,433",116,"5,311","3,730","1,469",112,"5,339","3,743","1,483",113,"5,306","3,740","1,477",89,"5,326","3,760","1,477",89,"5,359","3,793","1,477",89,"5,357","3,791","1,477",89,"5,392","3,820","1,483",89,"5,404","3,835","1,483",86,"5,491","3,871","1,533",87,"5,593","3,957","1,549",87,"5,717","4,078","1,553",86,"5,840","4,201","1,553",86,"6,228","4,487","1,658",83,"6,500","4,557","1,862",81,"6,634","4,651","1,903",80,"6,997","4,938","1,979",80,"7,088","5,029","1,979",80,"7,160","5,101","1,979",80,"7,190","5,131","1,979",80
339,4,Snohomish,Mountlake Terrace,"6,150","4,627","1,424",99,"7,854","4,779","2,909",166,"8,081","4,771","3,144",166,"8,119","4,797","3,156",166,"8,140","4,818","3,156",166,"8,156","4,832","3,158",166,"8,215","4,836","3,213",166,"8,218","4,839","3,213",166,"8,266","4,863","3,237",166,"8,313","4,883","3,262",168,"8,351","4,915","3,270",166,"8,217","5,061","3,037",119,"8,226","5,063","3,044",119,"8,291","5,095","3,074",122,"8,343","5,130","3,091",122,"8,375","5,150","3,103",122,"8,456","5,187","3,147",122,"8,480","5,214","3,144",122,"8,487","5,221","3,144",122,"8,540","5,243","3,174",123,"8,555","5,251","3,180",124,"8,602","5,293","3,207",102,"8,643","5,322","3,220",101,"8,684","5,364","3,218",102,"8,689","5,368","3,220",101,"8,883","5,420","3,362",101,"8,992","5,443","3,448",101,"8,990","5,438","3,450",102,"9,103","5,455","3,547",101,"9,121","5,472","3,548",101,"9,144","5,466","3,576",102,"9,202","5,488","3,612",102,"9,672","5,501","4,068",103,"9,672","5,501","4,068",103,"10,797","5,643","5,054",100,"11,035","5,653","5,281",101,"11,245","5,693","5,449",103,"11,273","5,696","5,474",103
340,4,Snohomish,Mukilteo,574,497,77,0,"2,810","1,895",887,28,"5,180","3,407","1,741",32,"5,290","3,490","1,770",30,"5,637","3,572","2,035",30,"5,794","3,727","2,035",32,"5,986","3,859","2,095",32,"6,169","3,969","2,168",32,"6,310","4,061","2,217",32,"6,700","4,234","2,434",32,"6,863","4,335","2,496",32,"7,146","4,589","2,538",19,"7,289","4,701","2,569",19,"7,377","4,789","2,569",19,"7,680","4,857","2,804",19,"7,731","4,908","2,804",19,"7,781","4,958","2,804",19,"7,876","5,034","2,823",19,"8,019","5,108","2,892",19,"8,040","5,129","2,892",19,"8,076","5,159","2,897",20,"8,547","5,469","3,070",8,"8,574","5,496","3,070",8,"8,590","5,512","3,070",8,"8,603","5,525","3,070",8,"8,641","5,563","3,070",8,"8,664","5,586","3,070",8,"8,679","5,601","3,070",8,"8,695","5,613","3,074",8,"8,699","5,618","3,074",7,"8,696","5,615","3,074",7,"8,711","5,622","3,082",7,"8,719","5,624","3,088",7,"8,739","5,627","3,105",7,"8,739","5,627","3,105",7,"8,739","5,627","3,105",7,"8,744","5,631","3,106",7,"8,755","5,634","3,114",7
341,4,Snohomish,Snohomish,"2,075","1,413",633,29,"2,556","1,615",884,57,"2,597","1,631",913,53,"2,637","1,644",936,57,"2,750","1,715",942,93,"2,891","1,776","1,008",107,"2,993","1,832","1,045",116,"3,124","1,881","1,138",105,"3,156","1,907","1,146",103,"3,279","1,988","1,186",105,"3,304","2,001","1,198",105,"3,444","2,078","1,269",97,"3,478","2,100","1,281",97,"3,486","2,101","1,287",98,"3,549","2,142","1,308",99,"3,559","2,144","1,316",99,"3,641","2,173","1,364",104,"3,730","2,226","1,400",104,"3,747","2,238","1,406",103,"3,756","2,269","1,419",68,"3,807","2,305","1,426",76,"3,959","2,380","1,524",55,"4,013","2,411","1,545",57,"4,017","2,415","1,545",57,"4,019","2,420","1,545",54,"4,054","2,435","1,564",55,"4,085","2,445","1,589",51,"4,176","2,501","1,599",76,"4,211","2,556","1,599",56,"4,249","2,589","1,604",56,"4,271","2,603","1,612",56,"4,347","2,646","1,645",56,"4,458","2,655","1,747",56,"4,461","2,659","1,747",55,"4,521","2,707","1,759",55,"4,536","2,713","1,767",56,"4,637","2,786","1,795",56,"4,793","2,824","1,916",53
342,4,Snohomish,Stanwood,617,475,142,0,765,521,236,8,815,538,267,10,853,569,276,8,890,606,276,8,998,714,276,8,"1,149",785,361,3,"1,158",795,362,1,"1,214",838,375,1,"1,237",882,352,3,"1,407",969,437,1,"1,508","1,028",480,0,"1,538","1,038",500,0,"1,581","1,064",517,0,"1,635","1,091",544,0,"1,718","1,128",588,2,"1,885","1,289",588,8,"1,993","1,343",642,8,"2,098","1,452",642,4,"2,214","1,565",646,3,"2,256","1,605",646,5,"2,584","1,851",727,6,"2,586","1,854",727,5,"2,608","1,877",727,4,"2,620","1,889",727,4,"2,695","1,964",727,4,"2,704","1,967",733,4,"2,716","1,979",733,4,"2,764","2,027",733,4,"2,785","2,047",734,4,"2,863","2,077",782,4,"2,979","2,175",800,4,"3,107","2,250",853,4,"3,318","2,362",952,4,"3,367","2,378",985,4,"3,516","2,448","1,064",4,"3,568","2,496","1,068",4,"3,781","2,536","1,241",4
343,4,Snohomish,Sultan,654,460,113,81,859,475,132,252,884,493,142,249,928,525,161,242,960,559,163,238,"1,015",615,163,237,"1,019",616,167,236,"1,041",637,163,241,"1,108",695,167,246,"1,157",745,167,245,"1,184",762,173,249,"1,291",908,147,236,"1,469","1,080",151,238,"1,526","1,135",153,238,"1,564","1,141",185,238,"1,590","1,155",197,238,"1,621","1,184",199,238,"1,713","1,268",207,238,"1,739","1,283",218,238,"1,743","1,283",222,238,"1,746","1,284",224,238,"1,752","1,168",201,383,"1,752","1,168",201,383,"1,756","1,169",201,386,"1,756","1,169",201,386,"1,758","1,169",201,388,"1,764","1,174",201,389,"1,823","1,234",201,388,"1,843","1,252",203,388,"1,856","1,263",205,388,"1,905","1,310",206,389,"1,883","1,306",188,389,"1,960","1,371",200,389,"2,337","1,740",208,389,"2,445","1,849",208,388,"2,583","1,986",208,389,"2,714","2,113",208,393,"2,753","2,150",208,395
344,4,Snohomish,Woodway,274,270,4,0,321,318,0,3,325,322,0,3,325,322,0,3,330,326,0,4,335,332,0,3,339,336,0,3,342,339,0,3,347,344,0,3,347,344,0,3,348,345,0,3,343,341,0,2,346,344,0,2,365,363,0,2,387,385,0,2,401,399,0,2,425,423,0,2,437,435,0,2,439,437,0,2,440,438,0,2,445,443,0,2,466,466,0,0,466,466,0,0,467,467,0,0,464,464,0,0,466,466,0,0,469,469,0,0,470,470,0,0,471,471,0,0,470,470,0,0,474,474,0,0,476,476,0,0,478,478,0,0,481,481,0,0,485,485,0,0,487,487,0,0,488,487,0,1,487,486,0,1
345,.,.,.,.,.,.,.,.,.,.,.,.,.,.,.,.,.,.,.,.,.,.,.,.,.,.,.,.,.,.,.,.,.,.,.,.,.,.,.,.,.,.,.,.,.,.,.,.,.,.,.,.,.,.,.,.,.,.,.,.,.,.,.,.,.,.,.,.,.,.,.,.,.,.,.,.,.,.,.,.,.,.,.,.,.,.,.,.,.,.,.,.,.,.,.,.,.,.,.,.,.,.,.,.,.,.,.,.,.,.,.,.,.,.,.,.,.,.,.,.,.,.,.,.,.,.,.,.,.,.,.,.,.,.,.,.,.,.,.,.,.,.,.,.,.,.,.,.,.,.,.,.,.,.,.
346,1,Spokane,Spokane County,"137,673","97,953","32,431","7,289","150,105","104,268","33,917","11,920","152,492","105,464","34,496","12,532","155,413","106,876","35,362","13,175","158,636","108,754","35,974","13,908","162,466","110,775","37,035","14,656","166,434","112,668","38,339","15,427","169,857","114,146","39,685","16,026","173,418","115,430","41,300","16,688","176,073","116,697","42,126","17,250","178,831","118,145","42,722","17,964","175,005","120,520","42,199","12,286","176,623","121,363","42,440","12,820","178,813","122,137","43,394","13,282","181,040","123,474","43,963","13,603","183,390","124,936","44,928","13,526","186,451","126,664","45,791","13,996","190,393","129,076","47,131","14,186","193,512","131,379","47,986","14,147","196,219","132,918","48,893","14,408","198,672","133,917","50,155","14,600","201,434","136,291","51,526","13,617","202,492","136,954","51,868","13,670","203,900","137,535","52,614","13,751","205,475","138,312","53,369","13,794","207,367","139,419","54,143","13,805","209,317","140,372","55,110","13,835","211,367","141,486","56,074","13,807","214,328","142,939","57,497","13,892","217,805","144,483","59,348","13,974","220,737","145,995","60,749","13,993","224,019","147,985","62,002","14,032","226,818","149,393","63,292","14,133","230,091","150,831","65,055","14,205","232,843","151,704","66,931","14,208","235,498","152,887","68,236","14,375","239,359","154,415","70,507","14,437","242,568","156,262","71,783","14,523"
347,2,Spokane,Unincorporated Spokane County,"55,128","41,434","8,140","5,554","63,288","45,559","8,444","9,285","64,814","46,291","8,626","9,897","66,867","47,338","8,992","10,537","69,252","48,660","9,329","11,263","72,118","50,101","10,034","11,983","74,359","51,412","10,565","12,382","76,838","52,456","11,382","13,000","79,367","53,461","12,315","13,591","81,030","54,252","12,602","14,176","83,166","55,388","12,993","14,785","78,875","55,974","13,202","9,699","80,288","56,605","13,436","10,247","80,203","55,804","13,694","10,705","46,323","33,595","4,298","8,430","46,825","33,860","4,516","8,449","47,956","34,621","4,646","8,689","48,628","35,723","4,211","8,694","49,744","36,794","4,401","8,549","51,149","37,630","4,747","8,772","52,241","38,178","5,125","8,938","54,157","39,423","5,460","9,274","54,619","39,769","5,499","9,351","54,256","39,893","4,991","9,372","54,721","40,265","5,021","9,435","55,538","40,925","5,175","9,438","56,194","41,372","5,390","9,432","57,170","41,959","5,779","9,432","58,131","42,737","5,875","9,519","59,196","43,572","6,032","9,592","60,217","44,479","6,146","9,592","61,193","45,289","6,309","9,595","61,938","45,973","6,376","9,589","63,122","46,796","6,731","9,595","63,405","46,915","6,901","9,589","64,441","47,515","7,220","9,706","66,197","48,383","8,063","9,751","67,411","49,435","8,131","9,845"
348,3,Spokane,Incorporated Spokane County,"82,545","56,519","24,291","1,735","86,817","58,709","25,473","2,635","87,678","59,173","25,870","2,635","88,546","59,538","26,370","2,638","89,384","60,094","26,645","2,645","90,348","60,674","27,001","2,673","92,075","61,256","27,774","3,045","93,019","61,690","28,303","3,026","94,051","61,969","28,985","3,097","95,043","62,445","29,524","3,074","95,665","62,757","29,729","3,179","96,130","64,546","28,997","2,587","96,335","64,758","29,004","2,573","98,610","66,333","29,700","2,577","134,717","89,879","39,665","5,173","136,565","91,076","40,412","5,077","138,495","92,043","41,145","5,307","141,765","93,353","42,920","5,492","143,768","94,585","43,585","5,598","145,070","95,288","44,146","5,636","146,431","95,739","45,030","5,662","147,277","96,868","46,066","4,343","147,873","97,185","46,369","4,319","149,644","97,642","47,623","4,379","150,754","98,047","48,348","4,359","151,829","98,494","48,968","4,367","153,123","99,000","49,720","4,403","154,197","99,527","50,295","4,375","156,197","100,202","51,622","4,373","158,609","100,911","53,316","4,382","160,520","101,516","54,603","4,401","162,826","102,696","55,693","4,437","164,880","103,420","56,916","4,544","166,969","104,035","58,324","4,610","169,438","104,789","60,030","4,619","171,057","105,372","61,016","4,669","173,162","106,032","62,444","4,686","175,157","106,827","63,652","4,678"
349,4,Spokane,Airway Heights,762,300,184,278,896,274,194,428,905,274,202,429,946,313,202,431,945,314,204,427,955,318,204,433,973,342,204,427,"1,046",388,212,446,"1,053",345,231,477,"1,086",377,231,478,"1,091",389,224,478,"1,095",455,179,461,"1,112",462,179,471,"1,121",472,179,470,"1,128",478,179,471,"1,126",477,179,470,"1,172",523,179,470,"1,260",544,191,525,"1,372",584,272,516,"1,468",664,282,522,"1,540",733,282,525,"1,727",881,318,528,"1,782",920,330,532,"2,687","1,050","1,103",534,"2,745","1,083","1,123",539,"2,724","1,110","1,077",537,"2,945","1,148","1,261",536,"2,961","1,166","1,265",530,"2,992","1,187","1,275",530,"3,389","1,228","1,630",531,"3,657","1,251","1,874",532,"3,626","1,210","1,881",535,"3,778","1,273","1,968",537,"3,870","1,325","2,008",537,"3,993","1,391","2,062",540,"4,341","1,428","2,376",537,"4,445","1,487","2,432",526,"4,483","1,525","2,432",526
350,4,Spokane,Cheney,"2,601","1,326","1,145",130,"2,733","1,274","1,301",158,"2,758","1,282","1,304",172,"2,842","1,297","1,364",181,"2,850","1,304","1,384",162,"2,966","1,315","1,495",156,"3,022","1,324","1,554",144,"3,120","1,340","1,610",170,"3,124","1,351","1,584",189,"3,201","1,376","1,625",200,"3,204","1,400","1,625",179,"3,293","1,515","1,626",152,"3,344","1,546","1,642",156,"3,387","1,582","1,663",142,"3,439","1,588","1,713",138,"3,684","1,629","1,920",135,"3,859","1,675","2,055",129,"3,931","1,703","2,093",135,"3,962","1,731","2,093",138,"3,987","1,736","2,114",137,"4,172","1,747","2,304",121,"4,183","1,729","2,323",131,"4,320","1,735","2,455",130,"4,339","1,739","2,468",132,"4,442","1,744","2,566",132,"4,493","1,750","2,612",131,"4,517","1,757","2,632",128,"4,538","1,772","2,638",128,"4,791","1,805","2,856",130,"5,026","1,838","3,060",128,"5,136","1,842","3,165",129,"5,354","1,908","3,314",132,"5,472","1,927","3,415",130,"5,504","1,934","3,437",133,"5,542","1,940","3,471",131,"5,603","1,943","3,524",136,"5,615","1,949","3,534",132,"5,631","1,965","3,536",130
351,4,Spokane,Deer Park,871,604,160,107,949,629,165,155,957,636,173,148,997,645,193,159,"1,025",661,193,171,"1,072",706,193,173,"1,159",752,234,173,"1,193",782,239,172,"1,223",796,255,172,"1,249",817,261,171,"1,268",829,263,176,"1,210",810,233,167,"1,218",819,233,166,"1,225",828,233,164,"1,221",835,233,153,"1,221",843,233,145,"1,250",868,237,145,"1,280",899,237,144,"1,354",936,264,154,"1,393",971,268,154,"1,433","1,006",272,155,"1,532","1,069",291,172,"1,545","1,079",293,173,"1,557","1,094",293,170,"1,586","1,118",299,169,"1,618","1,146",303,169,"1,647","1,165",313,169,"1,672","1,180",321,171,"1,696","1,198",329,169,"1,741","1,220",349,172,"1,803","1,249",381,173,"1,901","1,319",410,172,"1,965","1,372",418,175,"2,031","1,418",438,175,"2,161","1,490",494,177,"2,248","1,537",532,179,"2,267","1,551",532,184,"2,489","1,737",568,184
352,4,Spokane,Fairfield,225,171,33,21,204,157,13,34,203,156,13,34,229,162,32,35,229,162,32,35,234,162,32,40,240,166,32,42,242,169,32,41,244,170,32,42,246,170,32,44,244,171,29,44,194,134,27,33,240,174,27,39,240,174,27,39,239,174,27,38,237,173,27,37,237,173,27,37,236,173,27,36,238,173,27,38,236,173,27,36,239,173,27,39,240,186,11,43,241,187,11,43,241,187,11,43,241,187,11,43,241,187,11,43,241,187,11,43,240,188,9,43,239,187,9,43,238,186,9,43,236,185,9,42,228,175,9,44,235,178,9,48,235,178,9,48,236,178,9,49,236,178,9,49,237,179,9,49,240,182,9,49
353,4,Spokane,Latah,83,80,0,3,82,78,0,4,83,77,2,4,82,76,2,4,83,76,2,5,84,77,2,5,87,80,0,7,87,79,0,8,87,79,0,8,89,80,0,9,89,79,0,10,89,79,0,10,90,79,0,11,88,78,0,10,88,78,0,10,88,78,0,10,88,78,0,10,87,78,0,9,89,79,0,10,89,80,0,9,89,79,0,10,91,81,0,10,91,81,0,10,91,81,0,10,91,81,0,10,91,81,0,10,91,81,0,10,91,81,0,10,91,81,0,10,90,81,0,9,90,81,0,9,88,79,0,9,88,79,0,9,88,79,0,9,88,79,0,9,88,79,0,9,88,79,0,9,90,81,0,9
354,4,Spokane,Liberty Lake,.,.,.,.,.,.,.,.,.,.,.,.,.,.,.,.,.,.,.,.,.,.,.,.,.,.,.,.,.,.,.,.,.,.,.,.,.,.,.,.,.,.,.,.,.,.,.,.,.,.,.,.,"1,741","1,249",492,0,"1,854","1,362",492,0,"1,973","1,465",508,0,"2,059","1,551",508,0,"2,360","1,660",700,0,"2,729","1,886",709,134,"2,864","1,982",748,134,"3,037","2,006",897,134,"3,344","2,121","1,090",133,"3,408","2,185","1,090",133,"3,475","2,252","1,090",133,"3,573","2,346","1,094",133,"3,837","2,448","1,256",133,"3,938","2,549","1,256",133,"4,067","2,678","1,256",133,"4,239","2,833","1,274",132,"4,511","2,997","1,382",132,"4,803","3,124","1,547",132,"4,916","3,202","1,582",132,"5,133","3,355","1,646",132,"5,280","3,478","1,670",132,"5,449","3,645","1,672",132,"5,766","3,867","1,766",133,"5,902","3,976","1,793",133,"6,257","4,163","1,961",133
355,4,Spokane,Medical Lake,904,573,237,94,"1,055",612,337,106,"1,101",647,359,95,"1,116",656,361,99,"1,132",660,370,102,"1,163",676,376,111,"1,196",700,386,110,"1,208",713,386,109,"1,254",756,390,108,"1,268",758,402,108,"1,277",764,402,111,"1,197",748,347,102,"1,232",786,347,99,"1,268",822,347,99,"1,317",871,347,99,"1,363",915,349,99,"1,431",983,349,99,"1,522","1,073",349,100,"1,597","1,146",351,100,"1,640","1,187",351,102,"1,667","1,210",351,106,"1,835","1,274",431,130,"1,841","1,280",431,130,"1,851","1,289",431,131,"1,860","1,297",431,132,"1,868","1,305",431,132,"1,870","1,307",431,132,"1,869","1,308",429,132,"1,871","1,310",429,132,"1,874","1,312",429,133,"1,877","1,313",431,133,"1,826","1,271",422,133,"1,824","1,271",420,133,"1,823","1,273",417,133,"1,849","1,275",441,133,"1,847","1,222",493,132,"1,886","1,259",495,132,"1,891","1,261",495,135
356,4,Spokane,Millwood,728,639,81,8,719,614,91,14,778,673,91,14,777,673,91,13,781,676,91,14,784,678,91,15,783,677,91,15,786,676,93,17,784,676,93,15,785,677,93,15,778,670,93,15,779,671,99,9,779,671,99,9,782,674,99,9,782,674,99,9,782,674,99,9,783,674,99,10,785,675,99,11,794,678,105,11,795,679,105,11,793,675,107,11,793,673,106,14,793,673,106,14,793,673,106,14,792,672,106,14,792,672,106,14,792,672,106,14,793,673,106,14,789,669,106,14,789,669,106,14,790,668,108,14,821,686,121,14,841,687,140,14,842,688,140,14,845,689,142,14,845,688,144,13,845,688,144,13,843,687,145,11
357,4,Spokane,Rockford,177,140,6,31,179,136,3,40,178,135,3,40,182,137,3,42,179,138,3,38,189,143,3,43,198,146,3,49,201,147,3,51,199,149,3,47,201,149,3,49,203,149,3,51,169,134,3,32,199,148,0,51,203,148,0,55,201,148,0,53,203,148,0,55,202,148,0,54,200,147,0,53,203,146,0,57,204,145,0,59,204,145,0,59,213,153,0,60,213,153,0,60,213,153,0,60,213,153,0,60,213,153,0,60,213,153,0,60,213,153,0,60,213,153,0,60,214,153,0,61,216,155,0,61,195,133,0,62,194,133,0,61,204,135,0,69,213,139,0,74,229,151,4,74,237,158,4,75,243,162,4,77
358,4,Spokane,Spangle,110,78,13,19,103,72,5,26,106,72,5,29,105,72,5,28,111,73,5,33,112,73,5,34,113,73,5,35,114,74,5,35,114,74,5,35,114,74,5,35,116,74,5,37,113,76,10,27,124,84,0,40,126,83,0,43,127,83,0,44,126,83,0,43,127,83,0,44,127,83,0,44,128,84,0,44,129,85,0,44,129,85,0,44,126,83,0,43,126,83,0,43,126,83,0,43,126,83,0,43,127,84,0,43,127,84,0,43,124,83,0,41,125,83,0,42,125,83,0,42,127,85,0,42,127,85,0,42,127,85,0,42,127,85,0,42,127,85,0,42,130,88,0,42,130,88,0,42,130,87,0,43
359,4,Spokane,Spokane,"76,041","52,581","22,430","1,030","79,851","54,835","23,364","1,652","80,561","55,195","23,718","1,648","81,222","55,481","24,117","1,624","82,002","56,005","24,361","1,636","82,741","56,501","24,600","1,640","84,254","56,971","25,265","2,018","84,972","57,297","25,723","1,952","85,918","57,548","26,392","1,978","86,755","57,943","26,872","1,940","87,345","58,207","27,085","2,053","87,941","59,900","26,473","1,568","87,947","59,965","26,477","1,505","88,378","60,199","26,660","1,519","88,941","60,454","26,956","1,531","89,551","60,766","27,382","1,403","90,567","61,265","27,783","1,519","92,360","62,041","28,778","1,541","93,091","62,568","28,960","1,563","93,753","62,810","29,377","1,566","94,241","62,958","29,696","1,587","94,291","63,001","29,755","1,535","94,377","63,086","29,779","1,512","94,887","63,237","30,081","1,569","95,337","63,417","30,381","1,539","95,743","63,613","30,591","1,539","96,070","63,865","30,663","1,542","96,565","64,079","30,939","1,547","97,691","64,379","31,768","1,544","98,614","64,688","32,372","1,554","99,294","65,038","32,699","1,557","99,938","65,430","32,955","1,553","100,535","65,646","33,302","1,587","101,222","65,876","33,713","1,633","102,102","66,118","34,351","1,633","102,198","66,166","34,376","1,656","103,219","66,422","35,130","1,667","104,208","66,614","35,949","1,645"
360,4,Spokane,Spokane Valley,.,.,.,.,.,.,.,.,.,.,.,.,.,.,.,.,.,.,.,.,.,.,.,.,.,.,.,.,.,.,.,.,.,.,.,.,.,.,.,.,.,.,.,.,.,.,.,.,.,.,.,.,0,0,0,0,"35,329","23,110","9,619","2,600","36,158","23,800","9,715","2,643","36,667","23,998","9,908","2,761","37,564","24,252","10,446","2,866","38,159","24,549","10,804","2,806","38,460","24,751","10,874","2,835","38,835","24,897","11,094","2,844","38,851","25,593","11,741","1,517","39,083","25,698","11,874","1,511","39,331","25,779","12,040","1,512","39,693","25,841","12,337","1,515","40,028","25,920","12,581","1,527","40,617","26,006","13,047","1,564","41,009","26,140","13,332","1,537","41,406","26,291","13,576","1,539","41,943","26,430","13,979","1,534","42,435","26,498","14,389","1,548","43,751","27,172","14,999","1,580","44,633","27,388","15,598","1,647","45,688","27,540","16,492","1,656","46,778","27,734","17,388","1,656","47,470","27,999","17,792","1,679","48,235","28,170","18,371","1,694","48,596","28,337","18,553","1,706"
361,4,Spokane,Waverly,43,27,2,14,46,28,0,18,48,26,0,22,48,26,0,22,47,25,0,22,48,25,0,23,50,25,0,25,50,25,0,25,51,25,0,26,49,24,0,25,50,25,0,25,50,24,0,26,50,24,0,26,51,24,0,27,51,24,0,27,53,25,0,28,53,24,0,29,53,25,0,28,52,25,0,27,52,25,0,27,52,25,0,27,51,24,0,27,53,25,0,28,53,25,0,28,55,25,0,30,54,25,0,29,55,26,0,29,55,26,0,29,54,26,0,28,55,26,0,29,56,27,0,29,55,26,0,29,55,26,0,29,55,26,0,29,55,26,0,29,56,26,0,30,56,26,0,30,56,26,0,30
362,.,.,.,.,.,.,.,.,.,.,.,.,.,.,.,.,.,.,.,.,.,.,.,.,.,.,.,.,.,.,.,.,.,.,.,.,.,.,.,.,.,.,.,.,.,.,.,.,.,.,.,.,.,.,.,.,.,.,.,.,.,.,.,.,.,.,.,.,.,.,.,.,.,.,.,.,.,.,.,.,.,.,.,.,.,.,.,.,.,.,.,.,.,.,.,.,.,.,.,.,.,.,.,.,.,.,.,.,.,.,.,.,.,.,.,.,.,.,.,.,.,.,.,.,.,.,.,.,.,.,.,.,.,.,.,.,.,.,.,.,.,.,.,.,.,.,.,.,.,.,.,.,.,.,.
363,1,Stevens,Stevens County,"12,550","9,450","1,159","1,941","14,601","10,497",721,"3,383","14,855","10,614",720,"3,521","15,154","10,751",735,"3,668","15,557","10,921",763,"3,873","16,011","11,128",783,"4,100","16,632","11,405",845,"4,382","17,063","11,589",888,"4,586","17,430","11,716",914,"4,800","17,773","11,810",937,"5,026","18,127","11,931",963,"5,233","17,599","12,515","1,018","4,066","17,829","12,594","1,020","4,215","18,040","12,723","1,018","4,299","18,308","12,839","1,038","4,431","18,591","12,969","1,044","4,578","18,862","13,109","1,059","4,694","19,234","13,305","1,066","4,863","19,521","13,482","1,068","4,971","19,876","13,706","1,079","5,091","20,096","13,839","1,084","5,173","21,156","14,535","1,125","5,496","21,242","14,595","1,129","5,518","21,302","14,654","1,131","5,517","21,348","14,701","1,135","5,512","21,486","14,791","1,153","5,542","21,564","14,883","1,159","5,522","21,604","14,944","1,155","5,505","21,695","15,049","1,166","5,480","21,855","15,145","1,172","5,538","22,070","15,275","1,172","5,623","22,242","15,365","1,190","5,687","22,425","15,493","1,195","5,737","22,539","15,536","1,203","5,800","22,758","15,696","1,208","5,854","22,910","15,772","1,212","5,926","23,007","15,799","1,227","5,981","23,253","15,902","1,307","6,044"
364,2,Stevens,Unincorporated Stevens County,"9,028","6,882",559,"1,587","10,929","7,927",58,"2,944","11,156","8,025",58,"3,073","11,424","8,155",60,"3,209","11,738","8,303",60,"3,375","12,111","8,473",60,"3,578","12,637","8,739",60,"3,838","12,996","8,891",60,"4,045","13,309","9,001",65,"4,243","13,613","9,089",68,"4,456","13,908","9,190",57,"4,661","13,334","9,648",125,"3,561","13,548","9,725",125,"3,698","13,778","9,836",125,"3,817","14,019","9,941",129,"3,949","14,279","10,053",133,"4,093","14,536","10,185",141,"4,210","14,866","10,358",142,"4,366","15,137","10,526",144,"4,467","15,426","10,708",149,"4,569","15,628","10,838",157,"4,633","16,557","11,485",172,"4,900","16,635","11,541",172,"4,922","16,689","11,596",172,"4,921","16,737","11,646",175,"4,916","16,856","11,732",176,"4,948","16,909","11,809",176,"4,924","16,951","11,868",176,"4,907","17,039","11,966",187,"4,886","17,187","12,060",189,"4,938","17,347","12,173",189,"4,985","17,624","12,328",189,"5,107","17,793","12,445",189,"5,159","17,872","12,471",189,"5,212","18,051","12,598",189,"5,264","18,172","12,651",189,"5,332","18,238","12,662",194,"5,382","18,385","12,759",197,"5,429"
365,3,Stevens,Incorporated Stevens County,"3,522","2,568",600,354,"3,672","2,570",663,439,"3,699","2,589",662,448,"3,730","2,596",675,459,"3,819","2,618",703,498,"3,900","2,655",723,522,"3,995","2,666",785,544,"4,067","2,698",828,541,"4,121","2,715",849,557,"4,160","2,721",869,570,"4,219","2,741",906,572,"4,265","2,867",893,505,"4,281","2,869",895,517,"4,262","2,887",893,482,"4,289","2,898",909,482,"4,312","2,916",911,485,"4,326","2,924",918,484,"4,368","2,947",924,497,"4,384","2,956",924,504,"4,450","2,998",930,522,"4,468","3,001",927,540,"4,599","3,050",953,596,"4,607","3,054",957,596,"4,613","3,058",959,596,"4,611","3,055",960,596,"4,630","3,059",977,594,"4,655","3,074",983,598,"4,653","3,076",979,598,"4,656","3,083",979,594,"4,668","3,085",983,600,"4,723","3,102",983,638,"4,618","3,037","1,001",580,"4,632","3,048","1,006",578,"4,667","3,065","1,014",588,"4,707","3,098","1,019",590,"4,738","3,121","1,023",594,"4,769","3,137","1,033",599,"4,868","3,143","1,110",615
366,4,Stevens,Chewelah,820,589,120,111,911,626,165,120,918,632,165,121,931,638,165,128,989,642,198,149,"1,020",650,210,160,"1,032",640,219,173,"1,059",669,225,165,"1,076",675,231,170,"1,088",681,231,176,"1,110",691,231,188,"1,004",654,216,134,"1,011",658,216,137,"1,024",668,216,140,"1,044",675,227,142,"1,063",690,227,146,"1,066",690,229,147,"1,082",702,229,151,"1,099",714,229,156,"1,130",738,229,163,"1,133",738,231,164,"1,284",809,252,223,"1,285",810,252,223,"1,287",812,252,223,"1,288",813,252,223,"1,287",815,252,220,"1,296",819,252,225,"1,300",823,252,225,"1,303",826,252,225,"1,305",827,252,226,"1,351",845,252,254,"1,220",788,235,197,"1,228",792,237,199,"1,252",806,243,203,"1,280",830,244,206,"1,307",850,248,209,"1,326",861,251,214,"1,329",863,251,215
367,4,Stevens,Colville,"1,897","1,359",380,158,"1,905","1,323",367,215,"1,913","1,327",367,219,"1,928","1,329",379,220,"1,934","1,334",379,221,"1,945","1,342",381,222,"2,006","1,348",431,227,"2,046","1,353",467,226,"2,062","1,359",475,228,"2,089","1,362",495,232,"2,122","1,365",520,237,"2,219","1,495",517,207,"2,221","1,496",517,208,"2,201","1,499",517,185,"2,205","1,498",522,185,"2,207","1,497",524,186,"2,211","1,499",529,183,"2,226","1,504",535,187,"2,224","1,503",535,186,"2,232","1,505",541,186,"2,236","1,507",536,193,"2,221","1,477",539,205,"2,229","1,479",543,207,"2,232","1,480",545,207,"2,230","1,478",546,206,"2,245","1,479",563,203,"2,254","1,486",569,199,"2,249","1,486",564,199,"2,247","1,487",564,196,"2,251","1,488",566,197,"2,257","1,487",566,204,"2,278","1,487",586,205,"2,277","1,488",588,201,"2,277","1,486",590,201,"2,288","1,492",594,202,"2,292","1,496",594,202,"2,293","1,496",598,199,"2,381","1,497",672,212
368,4,Stevens,Kettle Falls,443,316,94,33,529,362,125,42,541,372,125,44,545,375,125,45,568,388,121,59,598,412,121,65,617,424,128,65,626,427,127,72,637,429,132,76,640,428,132,80,643,431,144,68,686,463,151,72,701,465,151,85,690,468,151,71,691,471,151,69,694,474,151,69,701,480,151,70,713,487,151,75,715,488,151,76,730,493,151,86,736,495,151,90,726,504,154,68,727,505,154,68,728,506,154,68,725,504,154,67,727,505,154,68,734,509,154,71,733,509,153,71,737,511,155,71,742,511,157,74,746,512,157,77,770,519,172,79,775,523,173,79,777,522,173,82,774,522,173,79,773,521,173,79,775,523,173,79,774,522,173,79
369,4,Stevens,Marcus,62,55,3,4,59,51,0,8,61,48,0,13,64,48,0,16,66,49,0,17,66,49,0,17,66,49,0,17,67,49,0,18,68,49,0,19,66,48,0,18,66,48,0,18,68,49,0,19,71,51,0,20,71,51,0,20,73,52,0,21,72,53,0,19,72,53,0,19,72,53,0,19,74,54,0,20,76,59,0,17,78,59,0,19,82,57,0,25,82,57,0,25,82,57,0,25,82,57,0,25,83,57,0,26,83,57,0,26,83,57,0,26,83,57,0,26,84,57,0,27,84,57,0,27,87,60,0,27,87,60,0,27,87,60,0,27,87,60,0,27,87,60,0,27,87,60,0,27,92,63,0,29
370,4,Stevens,Northport,186,166,3,17,162,142,5,15,162,145,4,13,161,142,5,14,161,142,4,15,165,139,10,16,164,142,6,16,162,138,8,16,167,141,10,16,165,139,10,16,169,143,10,16,179,146,8,25,168,139,10,19,167,141,8,18,167,142,8,17,167,142,8,17,167,142,8,17,167,142,8,17,162,138,8,16,171,144,8,19,170,143,8,19,168,142,8,18,168,142,8,18,168,142,8,18,168,142,8,18,168,142,8,18,168,142,8,18,168,142,8,18,168,142,8,18,168,142,8,18,168,142,8,18,156,130,8,18,156,130,8,18,156,130,8,18,156,130,8,18,156,130,8,18,156,130,8,18,156,130,8,18
371,4,Stevens,Springdale,114,83,0,31,106,66,1,39,104,65,1,38,101,64,1,36,101,63,1,37,106,63,1,42,110,63,1,46,107,62,1,44,111,62,1,48,112,63,1,48,109,63,1,45,109,60,1,48,109,60,1,48,109,60,1,48,109,60,1,48,109,60,1,48,109,60,1,48,108,59,1,48,110,59,1,50,111,59,1,51,115,59,1,55,118,61,0,57,116,61,0,55,116,61,0,55,118,61,0,57,120,61,0,59,120,61,0,59,120,59,2,59,118,60,0,58,118,60,0,58,117,59,0,58,107,53,0,54,109,55,0,54,118,61,0,57,122,64,0,58,123,64,0,59,132,67,3,62,136,68,6,62
372,.,.,.,.,.,.,.,.,.,.,.,.,.,.,.,.,.,.,.,.,.,.,.,.,.,.,.,.,.,.,.,.,.,.,.,.,.,.,.,.,.,.,.,.,.,.,.,.,.,.,.,.,.,.,.,.,.,.,.,.,.,.,.,.,.,.,.,.,.,.,.,.,.,.,.,.,.,.,.,.,.,.,.,.,.,.,.,.,.,.,.,.,.,.,.,.,.,.,.,.,.,.,.,.,.,.,.,.,.,.,.,.,.,.,.,.,.,.,.,.,.,.,.,.,.,.,.,.,.,.,.,.,.,.,.,.,.,.,.,.,.,.,.,.,.,.,.,.,.,.,.,.,.,.,.
373,1,Thurston,Thurston County,"50,712","33,972","11,112","5,628","66,420","42,509","12,967","10,944","69,495","44,199","13,779","11,517","71,971","45,587","14,339","12,045","74,281","47,239","14,566","12,476","76,678","48,910","14,751","13,017","79,050","50,412","15,309","13,329","81,086","51,740","15,655","13,691","83,147","52,948","16,119","14,080","85,201","54,105","16,572","14,524","87,596","55,485","17,088","15,023","86,652","57,568","17,339","11,745","87,723","58,319","17,441","11,963","89,440","59,660","17,520","12,260","91,209","61,086","17,626","12,497","93,238","62,592","17,925","12,721","95,910","64,485","18,501","12,924","98,376","66,754","18,606","13,016","101,293","69,384","18,790","13,119","104,237","71,537","19,481","13,219","105,694","72,823","19,591","13,280","108,182","74,429","20,060","13,693","109,218","75,368","20,151","13,699","110,365","76,203","20,439","13,723","111,808","77,178","20,896","13,734","113,266","78,100","21,389","13,777","114,386","78,959","21,613","13,814","115,753","79,824","22,060","13,869","117,071","80,747","22,348","13,976","118,694","81,673","23,020","14,001","119,937","82,531","23,331","14,075","121,438","83,384","23,990","14,064","123,439","84,060","25,198","14,181","124,611","84,645","25,677","14,289","126,188","85,094","26,758","14,336","128,222","85,702","28,120","14,400","129,370","86,404","28,561","14,405","130,535","87,077","29,033","14,425"
374,2,Thurston,Unincorporated Thurston County,"27,899","19,674","3,550","4,675","36,390","24,898","2,814","8,678","37,999","26,114","2,758","9,127","39,401","27,070","2,759","9,572","40,801","28,048","2,771","9,982","41,935","28,918","2,717","10,300","42,955","29,663","2,710","10,582","43,892","30,184","2,734","10,974","44,947","30,862","2,759","11,326","45,991","31,475","2,793","11,723","47,175","32,218","2,798","12,159","45,076","33,017","2,936","9,123","45,919","33,550","2,970","9,399","47,161","34,471","3,015","9,675","48,556","35,602","3,023","9,931","50,087","36,760","3,215","10,112","51,887","38,165","3,434","10,288","53,169","39,355","3,459","10,355","54,153","40,233","3,513","10,407","54,854","40,956","3,409","10,489","54,586","40,705","3,395","10,486","55,316","41,302","3,452","10,562","55,712","41,671","3,454","10,587","56,058","41,995","3,455","10,608","56,335","42,253","3,456","10,626","56,746","42,609","3,459","10,678","56,850","42,719","3,427","10,704","55,790","41,945","3,171","10,674","56,314","42,251","3,351","10,712","56,855","42,720","3,373","10,762","57,381","43,188","3,375","10,818","57,584","43,384","3,377","10,823","57,985","43,671","3,388","10,926","57,494","43,253","3,222","11,019","57,354","43,299","3,283","10,772","58,040","43,607","3,613","10,820","58,546","43,914","3,747","10,885","58,768","44,122","3,747","10,899"
375,3,Thurston,Incorporated Thurston County,"22,813","14,298","7,562",953,"30,030","17,611","10,153","2,266","31,496","18,085","11,021","2,390","32,570","18,517","11,580","2,473","33,480","19,191","11,795","2,494","34,743","19,992","12,034","2,717","36,095","20,749","12,599","2,747","37,194","21,556","12,921","2,717","38,200","22,086","13,360","2,754","39,210","22,630","13,779","2,801","40,421","23,267","14,290","2,864","41,576","24,551","14,403","2,622","41,804","24,769","14,471","2,564","42,279","25,189","14,505","2,585","42,653","25,484","14,603","2,566","43,151","25,832","14,710","2,609","44,023","26,320","15,067","2,636","45,207","27,399","15,147","2,661","47,140","29,151","15,277","2,712","49,383","30,581","16,072","2,730","51,108","32,118","16,196","2,794","52,866","33,127","16,608","3,131","53,506","33,697","16,697","3,112","54,307","34,208","16,984","3,115","55,473","34,925","17,440","3,108","56,520","35,491","17,930","3,099","57,536","36,240","18,186","3,110","59,963","37,879","18,889","3,195","60,757","38,496","18,997","3,264","61,839","38,953","19,647","3,239","62,556","39,343","19,956","3,257","63,854","40,000","20,613","3,241","65,454","40,389","21,810","3,255","67,117","41,392","22,455","3,270","68,834","41,795","23,475","3,564","70,182","42,095","24,507","3,580","70,824","42,490","24,814","3,520","71,767","42,955","25,286","3,526"
376,4,Thurston,Bucoda,213,187,4,22,211,177,0,34,208,177,0,31,210,177,0,33,215,177,0,38,221,185,2,34,219,186,2,31,223,190,2,31,230,198,2,30,233,201,2,30,236,203,2,31,236,202,0,34,238,202,0,36,242,201,0,41,244,201,0,43,242,203,0,39,243,203,0,40,244,204,0,40,245,204,0,41,248,205,0,43,254,208,2,44,243,201,2,40,243,201,2,40,243,201,2,40,243,201,2,40,243,201,2,40,244,201,2,41,246,202,2,42,246,202,2,42,245,202,2,41,245,203,2,40,241,199,2,40,239,197,2,40,244,196,2,46,253,202,2,49,256,201,2,53,258,202,2,54,258,202,2,54
377,4,Thurston,Lacey,"5,838","3,461","2,174",203,"8,081","4,548","2,836",697,"8,676","4,705","3,250",721,"8,998","4,970","3,252",776,"9,459","5,389","3,281",789,"10,220","5,971","3,329",920,"10,707","6,410","3,397",900,"11,161","6,820","3,487",854,"11,673","7,128","3,697",848,"12,006","7,438","3,722",846,"12,557","7,717","3,983",857,"13,160","8,336","3,890",934,"13,291","8,412","3,941",938,"13,453","8,563","3,943",947,"13,575","8,679","3,951",945,"13,765","8,799","4,015",951,"14,256","9,059","4,233",964,"14,886","9,688","4,233",965,"16,024","10,751","4,300",973,"17,408","11,638","4,796",974,"17,770","12,045","4,815",910,"18,493","12,690","4,957",846,"18,742","12,934","4,962",846,"18,994","13,197","4,951",846,"19,280","13,482","4,952",846,"19,488","13,680","4,959",849,"19,767","13,948","4,964",855,"20,165","14,246","5,004",915,"20,598","14,593","5,079",926,"21,245","14,787","5,516",942,"21,711","15,038","5,735",938,"22,039","15,095","6,000",944,"22,860","15,260","6,654",946,"24,104","16,060","7,095",949,"25,113","16,161","7,738","1,214","25,462","16,214","8,179","1,069","25,614","16,325","8,220","1,069","25,912","16,539","8,304","1,069"
378,4,Thurston,Olympia,"12,565","7,815","4,299",451,"15,884","9,307","5,637",940,"16,486","9,539","5,951",996,"16,817","9,672","6,145","1,000","17,148","9,828","6,317","1,003","17,377","9,919","6,455","1,003","17,719","10,137","6,577","1,005","18,176","10,370","6,791","1,015","18,521","10,504","7,007","1,010","18,995","10,623","7,357","1,015","19,452","10,823","7,583","1,046","19,738","11,089","7,797",852,"19,746","11,148","7,796",802,"19,893","11,299","7,798",796,"19,987","11,374","7,822",791,"20,121","11,487","7,827",807,"20,257","11,604","7,862",791,"20,494","11,802","7,901",791,"20,896","12,142","7,954",800,"21,235","12,375","8,036",824,"21,340","12,428","8,082",830,"22,086","12,894","8,439",753,"22,277","13,015","8,523",739,"22,689","13,126","8,819",744,"23,237","13,314","9,186",737,"23,742","13,442","9,572",728,"24,283","13,733","9,813",737,"24,802","13,873","10,189",740,"25,037","14,033","10,202",802,"25,080","14,066","10,252",762,"25,143","14,090","10,268",785,"25,642","14,319","10,553",770,"25,959","14,336","10,842",781,"26,204","14,409","11,007",788,"26,466","14,439","11,212",815,"26,845","14,444","11,565",836,"27,105","14,504","11,754",847,"27,458","14,555","12,055",848
379,4,Thurston,Rainier,305,195,17,93,357,224,14,119,396,259,14,123,427,290,14,123,467,324,14,129,494,330,29,135,497,330,29,138,514,345,29,140,533,363,29,141,546,371,29,146,550,374,29,147,551,422,17,112,549,422,17,110,551,425,17,109,568,440,17,111,576,443,19,114,588,443,19,126,638,490,19,129,660,510,19,131,676,524,19,133,684,531,19,134,717,566,17,134,726,585,17,124,733,591,18,124,741,600,18,123,744,603,18,123,750,610,18,122,752,613,18,121,765,628,18,119,804,651,34,119,833,681,34,118,850,698,34,118,887,703,66,118,928,706,104,118,940,718,104,118,946,725,104,117,954,736,104,114,955,737,104,114
380,4,Thurston,Tenino,502,390,87,25,524,389,85,50,522,391,85,46,526,391,85,50,534,394,89,51,547,397,91,59,600,406,91,103,619,417,91,111,642,430,94,118,653,436,94,123,659,438,94,127,615,447,76,92,621,454,76,91,627,457,76,94,644,473,76,95,630,480,78,72,644,491,78,75,658,503,78,77,660,505,78,77,661,506,78,77,669,511,78,80,740,512,77,151,743,515,77,151,744,516,77,151,745,516,77,152,746,517,77,152,753,518,83,152,769,534,83,152,770,535,83,152,771,536,83,152,777,542,83,152,780,544,83,153,841,604,83,154,846,609,83,154,854,618,83,153,872,625,94,153,872,625,94,153,872,625,94,153
381,4,Thurston,Tumwater,"2,920","1,901",876,143,"4,463","2,563","1,504",396,"4,688","2,606","1,640",442,"5,028","2,635","1,960",433,"5,091","2,694","1,970",427,"5,151","2,720","1,974",457,"5,519","2,751","2,309",459,"5,595","2,824","2,311",460,"5,649","2,836","2,311",502,"5,730","2,869","2,325",536,"5,837","2,947","2,345",545,"5,953","3,155","2,328",470,"5,978","3,185","2,338",455,"6,024","3,210","2,352",462,"6,024","3,205","2,376",443,"6,105","3,218","2,402",485,"6,173","3,262","2,415",496,"6,311","3,338","2,456",517,"6,515","3,472","2,494",549,"6,849","3,600","2,711",538,"7,961","4,538","2,768",655,"8,064","4,354","2,638","1,072","8,184","4,472","2,638","1,074","8,291","4,579","2,639","1,073","8,464","4,704","2,687","1,073","8,597","4,830","2,694","1,073","8,713","4,942","2,698","1,073","10,074","6,059","2,910","1,105","10,127","6,094","2,930","1,103","10,394","6,229","3,061","1,104","10,537","6,297","3,135","1,105","10,847","6,527","3,223","1,097","11,208","6,668","3,443","1,097","11,310","6,776","3,438","1,096","11,590","6,964","3,530","1,096","11,830","7,045","3,552","1,233","11,908","7,148","3,598","1,162","12,075","7,280","3,627","1,168"
382,4,Thurston,Yelm,470,349,105,16,510,403,77,30,520,408,81,31,564,382,124,58,566,385,124,57,733,470,154,109,834,529,194,111,906,590,210,106,952,627,220,105,"1,047",692,250,105,"1,130",765,254,111,"1,323",900,295,128,"1,381",946,303,132,"1,489","1,034",319,136,"1,611","1,112",361,138,"1,712","1,202",369,141,"1,862","1,258",460,144,"1,976","1,374",460,142,"2,140","1,567",432,141,"2,306","1,733",432,141,"2,430","1,857",432,141,"2,523","1,910",478,135,"2,591","1,975",478,138,"2,613","1,998",478,137,"2,763","2,108",518,137,"2,960","2,218",608,134,"3,026","2,288",608,130,"3,155","2,352",683,120,"3,214","2,411",683,120,"3,300","2,482",699,119,"3,310","2,492",699,119,"3,455","2,618",718,119,"3,460","2,621",720,119,"3,481","2,636",726,119,"3,618","2,693",806,119,"3,971","2,841","1,011",119,"4,113","2,950","1,042",121,"4,237","3,017","1,100",120
383,.,.,.,.,.,.,.,.,.,.,.,.,.,.,.,.,.,.,.,.,.,.,.,.,.,.,.,.,.,.,.,.,.,.,.,.,.,.,.,.,.,.,.,.,.,.,.,.,.,.,.,.,.,.,.,.,.,.,.,.,.,.,.,.,.,.,.,.,.,.,.,.,.,.,.,.,.,.,.,.,.,.,.,.,.,.,.,.,.,.,.,.,.,.,.,.,.,.,.,.,.,.,.,.,.,.,.,.,.,.,.,.,.,.,.,.,.,.,.,.,.,.,.,.,.,.,.,.,.,.,.,.,.,.,.,.,.,.,.,.,.,.,.,.,.,.,.,.,.,.,.,.,.,.,.
384,1,Wahkiakum,Wahkiakum County,"1,504","1,262",85,157,"1,496","1,177",56,263,"1,515","1,184",56,275,"1,531","1,193",56,282,"1,579","1,207",56,316,"1,626","1,222",56,348,"1,675","1,238",56,381,"1,727","1,251",58,418,"1,762","1,265",58,439,"1,795","1,278",60,457,"1,846","1,287",94,465,"1,792","1,249",85,458,"1,818","1,257",85,476,"1,836","1,264",85,487,"1,864","1,277",85,502,"1,895","1,296",85,514,"1,925","1,318",85,522,"1,969","1,355",85,529,"2,027","1,398",85,544,"2,081","1,444",85,552,"2,106","1,463",85,558,"2,067","1,440",83,544,"2,080","1,450",83,547,"2,092","1,460",83,549,"2,099","1,464",83,552,"2,115","1,476",83,556,"2,127","1,482",83,562,"2,146","1,496",83,567,"2,165","1,511",83,571,"2,191","1,529",83,579,"2,207","1,540",83,584,"2,189","1,522",83,584,"2,218","1,539",88,591,"2,240","1,547",92,601,"2,280","1,581",94,605,"2,286","1,587",95,604,"2,299","1,594",99,606,"2,345","1,623",108,614
385,2,Wahkiakum,Unincorporated Wahkiakum County,"1,245","1,055",34,156,"1,268","1,012",6,250,"1,287","1,019",6,262,"1,303","1,028",6,269,"1,349","1,043",6,300,"1,395","1,058",6,331,"1,442","1,074",6,362,"1,492","1,087",6,399,"1,527","1,101",6,420,"1,561","1,115",8,438,"1,584","1,124",6,454,"1,514","1,066",3,445,"1,539","1,074",3,462,"1,558","1,082",3,473,"1,585","1,096",3,486,"1,615","1,115",3,497,"1,643","1,136",3,504,"1,683","1,168",3,512,"1,737","1,207",3,527,"1,780","1,242",3,535,"1,803","1,259",3,541,"1,771","1,236",3,532,"1,784","1,246",3,535,"1,796","1,256",3,537,"1,803","1,260",3,540,"1,818","1,271",3,544,"1,830","1,277",3,550,"1,849","1,291",3,555,"1,867","1,305",3,559,"1,893","1,323",3,567,"1,908","1,333",3,572,"1,881","1,308",2,571,"1,910","1,325",7,578,"1,931","1,332",11,588,"1,962","1,357",13,592,"1,962","1,358",13,591,"1,972","1,364",15,593,"2,015","1,393",21,601
386,3,Wahkiakum,Incorporated Wahkiakum County,259,207,51,1,228,165,50,13,228,165,50,13,228,165,50,13,230,164,50,16,231,164,50,17,233,164,50,19,235,164,52,19,235,164,52,19,234,163,52,19,262,163,88,11,278,183,82,13,279,183,82,14,278,182,82,14,279,181,82,16,280,181,82,17,282,182,82,18,286,187,82,17,290,191,82,17,301,202,82,17,303,204,82,17,296,204,80,12,296,204,80,12,296,204,80,12,296,204,80,12,297,205,80,12,297,205,80,12,297,205,80,12,298,206,80,12,298,206,80,12,299,207,80,12,308,214,81,13,308,214,81,13,309,215,81,13,318,224,81,13,324,229,82,13,327,230,84,13,330,230,87,13
387,4,Wahkiakum,Cathlamet,259,207,51,1,228,165,50,13,228,165,50,13,228,165,50,13,230,164,50,16,231,164,50,17,233,164,50,19,235,164,52,19,235,164,52,19,234,163,52,19,262,163,88,11,278,183,82,13,279,183,82,14,278,182,82,14,279,181,82,16,280,181,82,17,282,182,82,18,286,187,82,17,290,191,82,17,301,202,82,17,303,204,82,17,296,204,80,12,296,204,80,12,296,204,80,12,296,204,80,12,297,205,80,12,297,205,80,12,297,205,80,12,298,206,80,12,298,206,80,12,299,207,80,12,308,214,81,13,308,214,81,13,309,215,81,13,318,224,81,13,324,229,82,13,327,230,84,13,330,230,87,13
388,.,.,.,.,.,.,.,.,.,.,.,.,.,.,.,.,.,.,.,.,.,.,.,.,.,.,.,.,.,.,.,.,.,.,.,.,.,.,.,.,.,.,.,.,.,.,.,.,.,.,.,.,.,.,.,.,.,.,.,.,.,.,.,.,.,.,.,.,.,.,.,.,.,.,.,.,.,.,.,.,.,.,.,.,.,.,.,.,.,.,.,.,.,.,.,.,.,.,.,.,.,.,.,.,.,.,.,.,.,.,.,.,.,.,.,.,.,.,.,.,.,.,.,.,.,.,.,.,.,.,.,.,.,.,.,.,.,.,.,.,.,.,.,.,.,.,.,.,.,.,.,.,.,.,.
389,1,Walla Walla,Walla Walla County,"18,138","12,792","4,000","1,346","19,032","13,074","3,837","2,121","18,971","13,114","3,843","2,014","19,231","13,215","3,847","2,169","19,484","13,357","3,887","2,240","19,787","13,490","3,934","2,363","20,173","13,618","3,962","2,593","20,450","13,749","3,977","2,724","20,913","13,851","4,236","2,826","21,212","13,951","4,334","2,927","21,394","14,051","4,368","2,975","21,147","14,597","4,221","2,329","21,267","14,661","4,235","2,371","21,434","14,781","4,233","2,420","21,664","14,961","4,254","2,449","21,999","15,166","4,313","2,520","22,541","15,356","4,626","2,559","22,799","15,548","4,668","2,583","23,032","15,735","4,682","2,615","23,256","15,926","4,701","2,629","23,442","16,064","4,709","2,669","23,451","16,146","4,732","2,573","23,537","16,211","4,744","2,582","23,854","16,278","4,981","2,595","24,000","16,370","5,018","2,612","24,229","16,497","5,101","2,631","24,386","16,656","5,081","2,649","24,557","16,840","5,058","2,659","24,705","16,978","5,063","2,664","24,848","17,101","5,067","2,680","25,040","17,277","5,069","2,694","24,971","17,214","5,038","2,719","25,079","17,290","5,060","2,729","25,379","17,407","5,229","2,743","25,712","17,521","5,435","2,756","25,843","17,621","5,464","2,758","26,009","17,730","5,542","2,737","26,188","17,832","5,615","2,741"
390,2,Walla Walla,Unincorporated Walla Walla County,"5,368","4,199",482,687,"5,377","4,324",105,948,"5,439","4,345",105,989,"5,421","4,280",103,"1,038","5,594","4,363",131,"1,100","5,731","4,426",130,"1,175","5,875","4,486",130,"1,259","6,032","4,552",134,"1,346","6,135","4,592",136,"1,407","6,242","4,632",136,"1,474","6,322","4,674",130,"1,518","5,939","4,597",247,"1,095","5,995","4,626",247,"1,122","6,054","4,654",242,"1,158","6,146","4,709",243,"1,194","5,991","4,526",233,"1,232","6,136","4,638",232,"1,266","6,275","4,765",232,"1,278","6,418","4,884",219,"1,315","6,402","4,855",215,"1,332","6,501","4,935",214,"1,352","6,495","4,933",212,"1,350","6,543","4,973",212,"1,358","6,589","5,012",212,"1,365","6,674","5,052",247,"1,375","6,812","5,112",309,"1,391","6,600","4,942",258,"1,400","6,592","4,992",190,"1,410","6,495","4,887",190,"1,418","6,534","4,922",190,"1,422","6,573","4,954",190,"1,429","6,542","4,897",204,"1,441","6,562","4,903",211,"1,448","6,599","4,918",222,"1,459","6,671","4,973",234,"1,464","6,654","4,961",231,"1,462","6,684","4,982",245,"1,457","6,721","5,001",257,"1,463"
391,3,Walla Walla,Incorporated Walla Walla County,"12,770","8,593","3,518",659,"13,655","8,750","3,732","1,173","13,532","8,769","3,738","1,025","13,810","8,935","3,744","1,131","13,890","8,994","3,756","1,140","14,056","9,064","3,804","1,188","14,298","9,132","3,832","1,334","14,418","9,197","3,843","1,378","14,778","9,259","4,100","1,419","14,970","9,319","4,198","1,453","15,072","9,377","4,238","1,457","15,208","10,000","3,974","1,234","15,272","10,035","3,988","1,249","15,380","10,127","3,991","1,262","15,518","10,252","4,011","1,255","16,008","10,640","4,080","1,288","16,405","10,718","4,394","1,293","16,524","10,783","4,436","1,305","16,614","10,851","4,463","1,300","16,854","11,071","4,486","1,297","16,941","11,129","4,495","1,317","16,956","11,213","4,520","1,223","16,994","11,238","4,532","1,224","17,265","11,266","4,769","1,230","17,326","11,318","4,771","1,237","17,417","11,385","4,792","1,240","17,786","11,714","4,823","1,249","17,965","11,848","4,868","1,249","18,210","12,091","4,873","1,246","18,314","12,179","4,877","1,258","18,467","12,323","4,879","1,265","18,429","12,317","4,834","1,278","18,517","12,387","4,849","1,281","18,780","12,489","5,007","1,284","19,041","12,548","5,201","1,292","19,189","12,660","5,233","1,296","19,325","12,748","5,297","1,280","19,467","12,831","5,358","1,278"
392,4,Walla Walla,College Place,"1,987","1,164",707,116,"2,432","1,304",813,315,"2,460","1,311",819,330,"2,485","1,321",823,341,"2,527","1,357",825,345,"2,616","1,384",869,363,"2,667","1,413",883,371,"2,730","1,440",903,387,"2,796","1,475",925,396,"2,872","1,521",935,416,"2,945","1,574",946,425,"3,134","1,837",955,342,"3,195","1,865",987,343,"3,234","1,893",995,346,"3,310","1,963","1,003",344,"3,462","2,055","1,060",347,"3,532","2,118","1,067",347,"3,601","2,180","1,073",348,"3,639","2,217","1,081",341,"3,680","2,254","1,085",341,"3,715","2,282","1,091",342,"3,764","2,312","1,080",372,"3,778","2,326","1,080",372,"3,802","2,346","1,084",372,"3,823","2,366","1,084",373,"3,852","2,389","1,090",373,"3,895","2,419","1,103",373,"3,979","2,478","1,127",374,"4,018","2,515","1,129",374,"4,072","2,566","1,131",375,"4,116","2,608","1,131",377,"4,176","2,657","1,135",384,"4,202","2,669","1,149",384,"4,244","2,701","1,159",384,"4,279","2,710","1,185",384,"4,299","2,722","1,195",382,"4,341","2,724","1,232",385,"4,392","2,731","1,277",384
393,4,Walla Walla,Prescott,148,78,4,66,123,65,2,56,123,65,2,56,123,65,2,56,123,65,2,56,133,65,2,66,133,64,2,67,148,64,2,82,158,64,2,92,158,64,2,92,158,64,2,92,152,68,3,81,151,67,3,81,152,67,3,82,152,67,3,82,152,67,3,82,152,67,3,82,152,67,3,82,155,68,3,84,155,68,3,84,154,68,3,83,156,59,2,95,158,59,2,97,158,59,2,97,158,59,2,97,158,59,2,97,158,59,2,97,159,60,2,97,161,62,2,97,161,62,2,97,162,62,2,98,152,51,2,99,152,51,2,99,152,51,2,99,153,52,2,99,154,52,2,100,156,54,2,100,154,53,2,99
394,4,Walla Walla,Waitsburg,462,373,19,70,448,339,7,102,451,341,7,103,453,340,7,106,450,341,7,102,453,342,7,104,467,342,7,118,476,344,7,125,495,344,13,138,496,335,17,144,500,334,17,149,522,366,18,138,527,367,18,142,531,368,18,145,530,366,18,146,538,365,18,155,542,365,18,159,546,366,22,158,550,367,22,161,545,368,22,155,550,371,22,157,522,337,16,169,521,337,16,168,521,337,16,168,522,338,16,168,523,339,16,168,529,340,21,168,527,340,21,166,526,340,21,165,526,340,21,165,525,339,21,165,530,343,20,167,530,343,20,167,535,346,20,169,547,346,32,169,547,347,32,168,553,348,33,172,559,351,35,173
395,4,Walla Walla,Walla Walla,"10,173","6,978","2,788",407,"10,652","7,042","2,910",700,"10,498","7,052","2,910",536,"10,749","7,209","2,912",628,"10,790","7,231","2,922",637,"10,854","7,273","2,926",655,"11,031","7,313","2,940",778,"11,064","7,349","2,931",784,"11,329","7,376","3,160",793,"11,444","7,399","3,244",801,"11,469","7,405","3,273",791,"11,400","7,729","2,998",673,"11,399","7,736","2,980",683,"11,463","7,799","2,975",689,"11,526","7,856","2,987",683,"11,856","8,153","2,999",704,"12,179","8,168","3,306",705,"12,225","8,170","3,338",717,"12,270","8,199","3,357",714,"12,474","8,381","3,376",717,"12,522","8,408","3,379",735,"12,514","8,505","3,422",587,"12,537","8,516","3,434",587,"12,784","8,524","3,667",593,"12,823","8,555","3,669",599,"12,884","8,598","3,684",602,"13,204","8,896","3,697",611,"13,300","8,970","3,718",612,"13,505","9,174","3,721",610,"13,555","9,211","3,723",621,"13,664","9,314","3,725",625,"13,571","9,266","3,677",628,"13,633","9,324","3,678",631,"13,849","9,391","3,826",632,"14,062","9,440","3,982",640,"14,189","9,539","4,004",646,"14,275","9,622","4,030",623,"14,362","9,696","4,044",622
396,.,.,.,.,.,.,.,.,.,.,.,.,.,.,.,.,.,.,.,.,.,.,.,.,.,.,.,.,.,.,.,.,.,.,.,.,.,.,.,.,.,.,.,.,.,.,.,.,.,.,.,.,.,.,.,.,.,.,.,.,.,.,.,.,.,.,.,.,.,.,.,.,.,.,.,.,.,.,.,.,.,.,.,.,.,.,.,.,.,.,.,.,.,.,.,.,.,.,.,.,.,.,.,.,.,.,.,.,.,.,.,.,.,.,.,.,.,.,.,.,.,.,.,.,.,.,.,.,.,.,.,.,.,.,.,.,.,.,.,.,.,.,.,.,.,.,.,.,.,.,.,.,.,.,.
397,1,Whatcom,Whatcom County,"47,479","33,725","9,983","3,771","55,742","37,544","10,836","7,362","58,171","38,669","11,697","7,805","60,327","39,521","12,621","8,185","61,951","40,376","13,160","8,415","64,126","41,530","13,853","8,743","65,921","42,513","14,392","9,016","67,850","43,322","15,211","9,317","69,207","44,117","15,459","9,631","70,897","44,915","16,083","9,899","72,348","45,707","16,452","10,189","73,897","47,187","17,175","9,535","75,621","47,900","18,002","9,719","77,078","48,796","18,355","9,927","78,706","49,755","18,834","10,117","80,649","50,989","19,396","10,264","82,494","52,430","19,674","10,390","84,806","53,826","20,442","10,538","87,100","54,928","21,555","10,617","88,211","55,766","21,811","10,634","88,929","56,283","21,971","10,675","90,665","57,295","22,766","10,604","91,237","57,628","22,950","10,659","91,683","57,943","23,050","10,690","92,364","58,355","23,292","10,717","93,155","58,929","23,511","10,715","94,056","59,392","23,935","10,729","95,098","59,883","24,445","10,770","96,271","60,477","25,019","10,775","97,674","61,177","25,674","10,823","98,983","61,806","26,326","10,851","100,064","62,407","27,092","10,565","101,463","63,027","27,828","10,608","102,942","63,658","28,633","10,651","104,653","64,374","29,623","10,656","106,100","64,905","30,517","10,678","107,321","65,423","31,192","10,706","108,219","65,890","31,584","10,745"
398,2,Whatcom,Unincorporated Whatcom County,"22,770","17,616","2,014","3,140","27,189","19,947","1,249","5,993","28,706","20,736","1,569","6,401","29,983","21,218","1,981","6,784","30,522","21,621","2,017","6,884","31,647","22,413","2,017","7,217","32,414","22,922","2,042","7,450","32,990","23,274","1,947","7,769","33,473","23,505","1,931","8,037","33,905","23,854","1,861","8,190","34,576","24,270","1,848","8,458","34,390","24,200","2,107","8,083","34,980","24,560","2,156","8,264","35,640","24,990","2,215","8,435","36,333","25,539","2,222","8,572","37,298","26,332","2,229","8,737","38,280","27,224","2,240","8,816","39,396","28,220","2,298","8,878","40,252","28,947","2,361","8,944","40,782","29,426","2,371","8,985","41,052","29,664","2,382","9,006","40,456","29,322","2,330","8,804","40,694","29,458","2,395","8,841","40,836","29,553","2,406","8,877","40,978","29,660","2,406","8,912","41,205","29,858","2,410","8,937","41,528","30,098","2,469","8,961","41,700","30,240","2,491","8,969","41,976","30,483","2,493","9,000","42,316","30,766","2,503","9,047","42,619","31,030","2,513","9,076","42,163","30,829","2,402","8,932","42,416","31,047","2,413","8,956","42,695","31,291","2,420","8,984","42,964","31,557","2,426","8,981","43,177","31,748","2,428","9,001","43,359","31,906","2,436","9,017","43,492","32,016","2,448","9,028"
399,3,Whatcom,Incorporated Whatcom County,"24,709","16,109","7,969",631,"28,553","17,597","9,587","1,369","29,465","17,933","10,128","1,404","30,344","18,303","10,640","1,401","31,429","18,755","11,143","1,531","32,479","19,117","11,836","1,526","33,507","19,591","12,350","1,566","34,860","20,048","13,264","1,548","35,734","20,612","13,528","1,594","36,992","21,061","14,222","1,709","37,772","21,437","14,604","1,731","39,507","22,987","15,068","1,452","40,641","23,340","15,846","1,455","41,438","23,806","16,140","1,492","42,373","24,216","16,612","1,545","43,351","24,657","17,167","1,527","44,214","25,206","17,434","1,574","45,410","25,606","18,144","1,660","46,848","25,981","19,194","1,673","47,429","26,340","19,440","1,649","47,877","26,619","19,589","1,669","50,209","27,973","20,436","1,800","50,543","28,170","20,555","1,818","50,847","28,390","20,644","1,813","51,386","28,695","20,886","1,805","51,950","29,071","21,101","1,778","52,528","29,294","21,466","1,768","53,398","29,643","21,954","1,801","54,295","29,994","22,526","1,775","55,358","30,411","23,171","1,776","56,364","30,776","23,813","1,775","57,901","31,578","24,690","1,633","59,047","31,980","25,415","1,652","60,247","32,367","26,213","1,667","61,689","32,817","27,197","1,675","62,923","33,157","28,089","1,677","63,962","33,517","28,756","1,689","64,727","33,874","29,136","1,717"
400,4,Whatcom,Bellingham,"19,750","12,446","6,785",519,"22,114","13,176","8,011",927,"22,566","13,305","8,312",949,"23,098","13,417","8,731",950,"23,845","13,654","9,122","1,069","24,598","13,802","9,738","1,058","25,208","14,010","10,155","1,043","26,252","14,255","10,936","1,061","26,728","14,542","11,118","1,068","27,436","14,796","11,569","1,071","27,913","15,008","11,844","1,061","29,474","16,099","12,545",830,"30,394","16,300","13,263",831,"30,972","16,620","13,519",833,"31,607","16,813","13,963",831,"32,332","17,025","14,478",829,"32,747","17,270","14,646",831,"33,362","17,304","15,205",853,"34,405","17,410","16,148",847,"34,694","17,566","16,277",851,"34,782","17,614","16,322",846,"36,760","18,680","17,117",963,"36,915","18,737","17,215",963,"36,964","18,771","17,247",946,"37,239","18,861","17,428",950,"37,437","19,012","17,491",934,"37,825","19,096","17,804",925,"38,420","19,295","18,171",954,"39,078","19,459","18,694",925,"39,752","19,612","19,208",932,"40,324","19,800","19,595",929,"41,267","20,133","20,209",925,"41,909","20,216","20,771",922,"42,712","20,314","21,466",932,"43,736","20,480","22,326",930,"44,632","20,609","23,095",928,"45,136","20,741","23,459",936,"45,491","20,896","23,646",949
401,4,Whatcom,Blaine,"1,071",700,305,66,"1,144",755,291,98,"1,283",795,400,88,"1,333",836,416,81,"1,409",872,450,87,"1,434",897,462,75,"1,532",929,517,86,"1,571",960,529,82,"1,720","1,065",560,95,"1,738","1,080",568,90,"1,738","1,081",572,85,"1,737","1,169",476,92,"1,769","1,188",494,87,"1,847","1,214",504,129,"1,895","1,246",514,135,"1,935","1,288",520,127,"1,981","1,321",536,124,"2,108","1,408",566,134,"2,192","1,464",604,124,"2,208","1,488",606,114,"2,246","1,505",628,113,"2,346","1,568",646,132,"2,363","1,579",652,132,"2,389","1,597",660,132,"2,400","1,609",664,127,"2,444","1,630",687,127,"2,460","1,646",687,127,"2,475","1,653",695,127,"2,504","1,678",700,126,"2,578","1,745",707,126,"2,628","1,784",720,124,"2,744","1,911",777,56,"2,816","1,957",801,58,"2,866","1,996",811,59,"2,958","2,075",823,60,"3,064","2,113",890,61,"3,111","2,159",891,61,"3,187","2,227",899,61
402,4,Whatcom,Everson,376,268,100,8,567,335,159,73,600,359,164,77,624,382,164,78,636,395,164,77,659,411,171,77,676,424,175,77,677,426,175,76,682,431,177,74,690,435,179,76,694,439,179,76,727,477,186,64,732,482,186,64,732,485,186,61,742,495,186,61,748,502,186,60,762,512,190,60,783,531,190,62,795,533,194,68,813,535,210,68,842,551,220,71,865,563,224,78,872,568,226,78,881,571,231,79,888,572,237,79,894,576,239,79,899,580,241,78,905,587,241,77,914,595,241,78,939,614,248,77,959,631,250,78,996,665,253,78,"1,018",683,257,78,"1,067",728,261,78,"1,092",746,262,84,"1,089",759,249,81,"1,138",772,285,81,"1,171",781,309,81
403,4,Whatcom,Ferndale,"1,465","1,051",414,0,"2,057","1,387",469,201,"2,252","1,472",569,211,"2,375","1,567",591,217,"2,485","1,639",621,225,"2,542","1,687",623,232,"2,636","1,768",627,241,"2,690","1,815",629,246,"2,806","1,890",658,258,"3,050","1,970",711,369,"3,165","2,045",745,375,"3,292","2,143",804,345,"3,354","2,189",804,361,"3,384","2,220",806,358,"3,454","2,300",806,348,"3,529","2,378",806,345,"3,686","2,500",820,366,"3,942","2,647",884,411,"4,039","2,724",886,429,"4,166","2,821",938,407,"4,277","2,880",975,422,"4,428","2,981",995,452,"4,491","3,035","1,004",452,"4,603","3,119","1,025",459,"4,734","3,228","1,051",455,"4,925","3,363","1,116",446,"5,002","3,428","1,127",447,"5,109","3,494","1,167",448,"5,196","3,556","1,191",449,"5,266","3,618","1,197",451,"5,487","3,672","1,360",455,"5,553","3,762","1,403",388,"5,792","3,914","1,473",405,"5,966","4,057","1,499",410,"6,065","4,149","1,504",412,"6,132","4,209","1,505",418,"6,428","4,287","1,723",418,"6,526","4,333","1,770",423
404,4,Whatcom,Lynden,"1,573","1,278",287,8,"2,167","1,547",586,34,"2,227","1,586",607,34,"2,359","1,678",645,36,"2,484","1,768",681,35,"2,623","1,877",711,35,"2,812","1,995",737,80,"3,011","2,111",858,42,"3,137","2,214",878,45,"3,407","2,302","1,058",47,"3,583","2,386","1,126",71,"3,592","2,588",934,70,"3,701","2,675",956,70,"3,801","2,757",974,70,"3,969","2,873",993,103,"4,096","2,964","1,025",107,"4,271","3,074","1,084",113,"4,392","3,152","1,129",111,"4,547","3,256","1,178",113,"4,657","3,330","1,212",115,"4,787","3,421","1,243",123,"4,812","3,481","1,250",81,"4,882","3,538","1,256",88,"4,979","3,614","1,276",89,"5,084","3,694","1,301",89,"5,195","3,749","1,357",89,"5,275","3,787","1,399",89,"5,403","3,844","1,470",89,"5,491","3,920","1,482",89,"5,688","4,026","1,573",89,"5,803","4,074","1,640",89,"6,156","4,289","1,783",84,"6,265","4,363","1,816",86,"6,360","4,399","1,875",86,"6,553","4,486","1,981",86,"6,667","4,538","2,043",86,"6,727","4,546","2,091",90,"6,907","4,602","2,205",100
405,4,Whatcom,Nooksack,158,147,4,7,182,170,0,12,205,185,8,12,231,194,25,12,242,199,31,12,257,208,37,12,272,217,43,12,280,225,43,12,286,229,43,14,287,231,43,13,290,233,43,14,300,260,29,11,302,257,45,0,303,257,45,1,304,236,44,24,307,237,44,26,326,253,44,29,338,261,44,33,362,281,44,37,367,285,44,38,407,325,44,38,457,374,45,38,464,381,45,38,469,386,45,38,481,397,45,39,489,404,45,40,498,413,45,40,505,420,45,40,514,428,45,41,520,434,45,41,539,443,55,41,510,417,51,42,531,433,55,43,547,445,59,43,547,445,59,43,584,482,59,43,667,565,59,43,690,588,59,43
406,4,Whatcom,Sumas,316,219,74,23,322,227,71,24,332,231,68,33,324,229,68,27,328,228,74,26,366,235,94,37,371,248,96,27,379,256,94,29,375,241,94,40,384,247,94,43,389,245,95,49,385,251,94,40,389,249,98,42,399,253,106,40,402,253,106,43,404,263,108,33,441,276,114,51,485,303,126,56,508,313,140,55,524,315,153,56,536,323,157,56,541,326,159,56,556,332,157,67,562,332,160,70,560,334,160,66,566,337,166,63,569,344,163,62,581,350,165,66,598,358,173,67,615,362,193,60,624,372,193,59,675,401,214,60,716,414,242,60,729,428,242,59,738,436,242,60,755,447,248,60,755,447,248,60,755,447,248,60
407,.,.,.,.,.,.,.,.,.,.,.,.,.,.,.,.,.,.,.,.,.,.,.,.,.,.,.,.,.,.,.,.,.,.,.,.,.,.,.,.,.,.,.,.,.,.,.,.,.,.,.,.,.,.,.,.,.,.,.,.,.,.,.,.,.,.,.,.,.,.,.,.,.,.,.,.,.,.,.,.,.,.,.,.,.,.,.,.,.,.,.,.,.,.,.,.,.,.,.,.,.,.,.,.,.,.,.,.,.,.,.,.,.,.,.,.,.,.,.,.,.,.,.,.,.,.,.,.,.,.,.,.,.,.,.,.,.,.,.,.,.,.,.,.,.,.,.,.,.,.,.,.,.,.,.
408,1,Whitman,Whitman County,"14,418","8,011","5,302","1,105","14,598","7,921","5,131","1,546","14,612","7,931","5,137","1,544","14,833","7,966","5,281","1,586","15,021","8,017","5,362","1,642","15,223","8,067","5,478","1,678","15,535","8,114","5,705","1,716","15,729","8,149","5,743","1,837","16,137","8,188","6,034","1,915","16,494","8,229","6,302","1,963","16,743","8,309","6,446","1,988","16,676","8,814","6,306","1,556","16,746","8,855","6,318","1,573","17,022","8,918","6,521","1,583","17,177","8,984","6,585","1,608","17,477","9,059","6,803","1,615","17,699","9,150","6,924","1,625","18,095","9,234","7,232","1,629","18,566","9,345","7,591","1,630","18,908","9,459","7,767","1,682","19,037","9,568","7,797","1,672","19,323","9,555","8,056","1,712","19,385","9,616","8,066","1,703","19,481","9,664","8,102","1,715","19,593","9,705","8,178","1,710","20,004","9,802","8,491","1,711","20,364","9,865","8,777","1,722","20,460","9,932","8,814","1,714","20,733","9,994","9,006","1,733","20,863","10,064","9,065","1,734","21,096","10,134","9,214","1,748","20,922","9,888","9,340","1,694","21,184","9,853","9,611","1,720","21,273","9,919","9,616","1,738","21,339","9,984","9,622","1,733","21,397","10,042","9,632","1,723","22,006","10,088","10,199","1,719","22,060","10,126","10,211","1,723"
409,2,Whitman,Unincorporated Whitman County,"3,101","2,678",172,251,"2,916","2,420",86,410,"2,939","2,425",86,428,"2,944","2,422",86,436,"2,928","2,426",58,444,"2,945","2,430",58,457,"2,959","2,431",58,470,"2,953","2,411",55,487,"2,970","2,414",55,501,"2,992","2,421",55,516,"3,007","2,429",52,526,"2,861","2,467",44,350,"2,859","2,465",44,350,"2,865","2,466",40,359,"2,881","2,471",40,370,"2,892","2,477",40,375,"2,907","2,485",40,382,"2,911","2,490",40,381,"2,923","2,498",40,385,"2,931","2,507",40,384,"2,946","2,508",40,398,"2,848","2,427",38,383,"2,863","2,436",38,389,"2,870","2,438",38,394,"2,884","2,444",38,402,"2,900","2,455",39,406,"2,917","2,466",40,411,"2,935","2,479",41,415,"2,944","2,487",41,416,"2,962","2,500",42,420,"2,982","2,515",43,424,"2,754","2,321",39,394,"2,735","2,292",40,403,"2,754","2,308",40,406,"2,762","2,317",40,405,"2,779","2,330",40,409,"2,788","2,335",40,413,"2,807","2,346",40,421
410,3,Whitman,Incorporated Whitman County,"11,317","5,333","5,130",854,"11,682","5,501","5,045","1,136","11,673","5,506","5,051","1,116","11,889","5,544","5,195","1,150","12,093","5,591","5,304","1,198","12,278","5,637","5,420","1,221","12,576","5,683","5,647","1,246","12,776","5,738","5,688","1,350","13,167","5,774","5,979","1,414","13,502","5,808","6,247","1,447","13,736","5,880","6,394","1,462","13,815","6,347","6,262","1,206","13,887","6,390","6,274","1,223","14,157","6,452","6,481","1,224","14,296","6,513","6,545","1,238","14,585","6,582","6,763","1,240","14,792","6,665","6,884","1,243","15,184","6,744","7,192","1,248","15,643","6,847","7,551","1,245","15,977","6,952","7,727","1,298","16,091","7,060","7,757","1,274","16,475","7,128","8,018","1,329","16,522","7,180","8,028","1,314","16,611","7,226","8,064","1,321","16,709","7,261","8,140","1,308","17,104","7,347","8,452","1,305","17,447","7,399","8,737","1,311","17,525","7,453","8,773","1,299","17,789","7,507","8,965","1,317","17,901","7,564","9,023","1,314","18,114","7,619","9,171","1,324","18,168","7,567","9,301","1,300","18,449","7,561","9,571","1,317","18,519","7,611","9,576","1,332","18,577","7,667","9,582","1,328","18,618","7,712","9,592","1,314","19,218","7,753","10,159","1,306","19,253","7,780","10,171","1,302"
411,4,Whitman,Albion,276,149,16,111,286,132,16,138,291,135,19,137,295,135,19,141,296,135,19,142,298,136,19,143,306,135,21,150,308,134,21,153,316,138,21,157,316,138,21,157,317,138,21,158,315,160,24,131,320,162,24,134,317,162,24,131,317,162,24,131,316,162,24,130,316,162,24,130,317,162,24,131,317,162,24,131,317,162,24,131,317,162,24,131,302,129,14,159,286,128,14,144,283,128,14,141,286,127,14,145,289,128,14,147,287,128,14,145,282,128,14,140,281,127,14,140,283,128,14,141,284,129,14,141,283,128,14,141,280,129,14,137,281,129,14,138,280,128,14,138,285,133,14,138,283,133,14,136,283,133,14,136
412,4,Whitman,Colfax,"1,256",766,408,82,"1,283",870,339,74,"1,295",868,339,88,"1,301",871,339,91,"1,318",874,348,96,"1,327",874,353,100,"1,330",874,355,101,"1,342",875,355,112,"1,348",873,359,116,"1,350",874,359,117,"1,358",879,361,118,"1,357",851,429,77,"1,366",852,431,83,"1,369",853,431,85,"1,377",858,431,88,"1,389",863,439,87,"1,393",869,439,85,"1,393",868,439,86,"1,402",874,439,89,"1,407",876,439,92,"1,407",881,439,87,"1,405",857,426,122,"1,404",857,426,121,"1,404",857,426,121,"1,404",856,428,120,"1,399",857,428,114,"1,407",861,430,116,"1,410",864,430,116,"1,408",865,424,119,"1,413",868,424,121,"1,419",870,424,125,"1,434",879,426,129,"1,434",882,428,124,"1,438",886,428,124,"1,438",886,428,124,"1,439",886,428,125,"1,443",889,428,126,"1,444",889,428,127
413,4,Whitman,Colton,128,106,8,14,129,110,6,13,129,110,6,13,131,112,6,13,136,117,6,13,141,122,6,13,146,127,6,13,147,128,6,13,148,129,6,13,150,131,6,13,152,131,6,15,152,135,4,13,153,136,4,13,154,136,4,14,156,137,4,15,157,137,4,16,161,138,4,19,171,144,4,23,169,143,4,22,175,149,4,22,175,152,5,18,167,143,3,21,171,145,5,21,169,145,5,19,170,145,5,20,170,145,5,20,170,145,5,20,172,147,5,20,176,148,7,21,177,149,7,21,180,152,7,21,175,146,8,21,174,145,8,21,177,149,8,20,180,152,8,20,174,152,8,14,167,153,8,6,171,157,8,6
414,4,Whitman,Endicott,167,153,0,14,164,145,0,19,167,151,0,16,166,151,0,15,168,152,0,16,168,152,0,16,169,152,0,17,169,152,0,17,171,149,0,22,170,147,0,23,173,147,0,26,169,142,0,27,170,142,0,28,171,142,0,29,171,142,0,29,171,142,0,29,171,142,0,29,171,142,0,29,170,141,0,29,171,140,0,31,171,140,0,31,165,135,0,30,173,143,0,30,173,143,0,30,173,143,0,30,172,142,0,30,173,142,0,31,173,142,0,31,173,142,0,31,173,142,0,31,173,142,0,31,164,133,0,31,164,133,0,31,164,133,0,31,164,133,0,31,164,133,0,31,164,133,0,31,164,133,0,31
415,4,Whitman,Farmington,74,72,0,2,71,65,0,6,67,63,0,4,67,63,0,4,66,61,0,5,66,61,0,5,66,61,0,5,66,61,0,5,66,58,0,8,68,59,0,9,69,60,0,9,64,55,0,9,63,54,0,9,63,54,0,9,63,54,0,9,63,54,0,9,63,54,0,9,63,54,0,9,63,54,0,9,66,55,0,11,66,55,0,11,65,54,0,11,65,54,0,11,65,54,0,11,65,54,0,11,66,55,0,11,66,55,0,11,68,55,0,13,68,55,0,13,68,55,0,13,68,55,0,13,69,57,0,12,70,58,0,12,72,60,0,12,72,60,0,12,71,59,0,12,72,59,0,13,73,60,0,13
416,4,Whitman,Garfield,295,196,52,47,263,180,27,56,264,181,29,54,271,184,29,58,265,182,29,54,274,183,29,62,283,181,33,69,287,183,33,71,291,183,33,75,290,183,33,74,289,184,28,77,288,191,24,73,290,192,24,74,291,192,24,75,288,191,24,73,305,191,40,74,303,191,40,72,304,190,40,74,300,190,40,70,297,189,40,68,299,189,40,70,311,200,40,71,311,200,40,71,311,200,40,71,311,200,40,71,311,200,40,71,311,200,40,71,311,200,40,71,312,200,40,72,310,200,40,70,310,200,40,70,278,178,37,63,279,179,37,63,279,179,37,63,280,180,37,63,282,181,37,64,283,181,37,65,283,181,37,65
417,4,Whitman,LaCrosse,182,165,4,13,179,141,6,32,180,140,6,34,176,138,6,32,182,138,6,38,178,137,11,30,182,138,11,33,185,136,11,38,185,136,11,38,187,137,11,39,187,137,11,39,187,151,7,29,186,151,7,28,183,151,7,25,191,151,7,33,190,151,7,32,187,150,7,30,187,150,7,30,188,149,7,32,187,149,7,31,187,149,7,31,181,137,3,41,182,137,3,42,182,137,3,42,182,137,3,42,183,137,3,43,183,137,3,43,182,136,3,43,180,135,3,42,178,135,3,40,177,133,3,41,169,126,3,40,170,127,3,40,169,126,3,40,167,126,3,38,167,126,3,38,167,126,3,38,167,126,3,38
418,4,Whitman,Lamont,35,30,0,5,36,25,0,11,32,23,0,9,33,24,0,9,32,23,0,9,33,23,0,10,36,23,0,13,35,23,0,12,37,23,0,14,38,23,0,15,39,24,0,15,38,25,2,11,38,25,2,11,39,25,2,12,40,25,2,13,40,25,2,13,40,25,2,13,39,25,2,12,39,25,2,12,39,25,2,12,39,25,2,12,40,29,1,10,40,29,1,10,40,29,1,10,40,29,1,10,40,29,1,10,40,29,1,10,39,28,1,10,39,28,1,10,39,28,1,10,41,28,1,12,40,28,0,12,40,28,0,12,40,28,0,12,42,30,0,12,42,30,0,12,42,30,0,12,42,30,0,12
419,4,Whitman,Malden,107,101,0,6,107,93,4,10,106,97,0,9,106,97,0,9,107,97,0,10,112,97,0,15,115,97,0,18,118,97,0,21,118,97,0,21,118,97,0,21,117,97,0,20,108,86,1,21,108,86,1,21,109,86,1,22,109,86,1,22,109,86,1,22,110,87,1,22,111,87,1,23,111,88,1,22,111,88,1,22,111,88,1,22,118,103,0,15,118,103,0,15,118,103,0,15,118,103,0,15,118,103,0,15,116,103,0,13,116,103,0,13,116,103,0,13,116,103,0,13,116,103,0,13,101,88,0,13,62,28,0,34,75,34,0,41,79,35,0,44,60,34,0,26,64,38,0,26,68,41,0,27
420,4,Whitman,Oakesdale,200,170,9,21,195,164,8,23,190,163,8,19,196,165,9,22,198,166,9,23,201,163,12,26,201,163,12,26,205,164,10,31,209,165,10,34,211,165,10,36,206,165,10,31,194,165,2,27,194,165,2,27,195,166,2,27,195,166,2,27,193,166,2,25,195,166,2,27,195,166,2,27,195,166,2,27,195,166,2,27,195,166,2,27,196,162,0,34,196,162,0,34,197,163,0,34,197,163,0,34,197,163,0,34,198,164,0,34,198,164,0,34,198,164,0,34,198,164,0,34,199,164,0,35,187,152,0,35,189,153,0,36,190,154,0,36,190,154,0,36,190,154,0,36,192,153,0,39,191,152,0,39
421,4,Whitman,Palouse,448,358,42,48,428,323,29,76,427,323,29,75,433,322,29,82,437,321,29,87,455,325,36,94,463,329,36,98,463,330,38,95,463,329,38,96,460,328,38,94,469,326,45,98,471,369,33,69,472,369,33,70,472,369,33,70,472,369,33,70,471,369,33,69,473,370,33,70,472,369,33,70,483,368,33,82,485,371,33,81,474,370,33,71,474,352,30,92,479,356,30,93,484,361,30,93,485,361,30,94,488,363,30,95,488,363,30,95,494,367,30,97,498,370,30,98,503,375,30,98,511,383,30,98,513,384,30,99,516,388,30,98,522,396,30,96,531,403,30,98,534,404,30,100,538,407,30,101,542,411,30,101
422,4,Whitman,Pullman,"7,142","2,223","4,535",384,"7,546","2,477","4,534",535,"7,542","2,484","4,533",525,"7,734","2,518","4,678",538,"7,871","2,549","4,768",554,"7,998","2,588","4,864",546,"8,239","2,620","5,086",533,"8,401","2,667","5,129",605,"8,754","2,703","5,413",638,"9,072","2,734","5,675",663,"9,276","2,799","5,811",666,"9,398","3,220","5,648",530,"9,449","3,263","5,660",526,"9,712","3,317","5,867",528,"9,834","3,371","5,931",532,"10,083","3,438","6,107",538,"10,282","3,514","6,228",540,"10,661","3,587","6,536",538,"11,101","3,687","6,895",519,"11,422","3,781","7,071",570,"11,550","3,884","7,100",566,"11,966","4,033","7,405",528,"12,006","4,071","7,413",522,"12,091","4,107","7,449",535,"12,184","4,136","7,523",525,"12,565","4,207","7,835",523,"12,896","4,252","8,118",526,"12,967","4,297","8,154",516,"13,227","4,345","8,350",532,"13,327","4,391","8,408",528,"13,513","4,430","8,556",527,"13,645","4,436","8,686",523,"13,960","4,478","8,954",528,"14,004","4,502","8,959",543,"14,044","4,538","8,965",541,"14,092","4,575","8,975",542,"14,678","4,600","9,542",536,"14,698","4,614","9,554",530
423,4,Whitman,Rosalia,253,217,13,23,260,209,19,32,257,204,24,29,258,202,24,32,265,202,24,39,261,202,22,37,266,205,19,42,269,206,17,46,271,202,20,49,278,204,26,48,278,202,31,45,272,204,25,43,281,204,25,52,281,204,25,52,280,203,25,52,279,203,25,51,279,203,25,51,279,203,25,51,279,203,25,51,280,203,25,52,280,203,25,52,270,198,21,51,272,198,21,53,272,198,21,53,272,198,21,53,272,198,21,53,273,198,21,54,273,198,21,54,273,198,21,54,273,198,21,54,274,199,21,54,270,195,21,54,271,196,21,54,267,197,21,49,266,197,21,48,266,197,21,48,267,198,21,48,267,198,21,48
424,4,Whitman,St. John,253,201,12,40,248,194,11,43,241,192,12,37,241,191,12,38,247,194,12,41,250,192,14,44,256,196,14,46,259,198,14,47,265,202,14,49,270,204,14,52,277,207,16,54,279,211,18,50,278,208,16,54,283,215,16,52,285,218,16,51,302,216,34,52,301,215,34,52,302,217,34,51,304,216,34,54,303,217,34,52,304,216,34,54,306,217,34,55,306,218,34,54,305,218,34,53,305,219,34,52,308,222,34,52,309,223,34,52,308,223,34,51,308,223,34,51,308,223,34,51,309,223,34,52,310,240,34,36,310,240,34,36,311,240,34,37,312,241,34,37,313,240,34,39,315,242,34,39,316,243,34,39
425,4,Whitman,Tekoa,365,317,23,25,355,281,39,35,355,281,39,35,355,281,39,35,372,291,47,34,377,292,47,38,380,292,47,41,382,293,47,42,380,294,47,39,380,293,47,40,384,292,47,45,363,273,40,50,362,272,40,50,361,271,40,50,361,271,40,50,360,270,40,50,359,269,40,50,360,270,40,50,362,270,40,52,362,270,40,52,362,269,40,53,360,273,41,46,360,273,41,46,362,275,41,46,355,275,41,39,357,276,41,40,361,275,41,45,361,275,41,45,358,275,41,42,360,275,41,44,360,274,41,45,366,279,42,45,366,279,42,45,366,279,42,45,363,280,42,41,369,283,42,44,372,285,42,45,370,283,42,45
426,4,Whitman,Uniontown,136,109,8,19,132,92,7,33,130,91,7,32,126,90,5,31,133,89,7,37,139,90,7,42,138,90,7,41,140,91,7,42,145,93,7,45,144,91,7,46,145,92,7,46,160,109,5,46,157,109,5,43,157,109,5,43,157,109,5,43,157,109,5,43,159,110,5,44,159,110,5,44,160,111,5,44,160,111,5,44,154,111,5,38,149,106,0,43,153,106,0,47,155,108,0,47,162,115,0,47,169,122,0,47,169,124,0,45,171,126,0,45,174,129,0,45,175,130,0,45,180,134,0,46,164,118,0,46,164,118,0,46,164,119,0,45,169,124,0,45,170,125,0,45,171,126,0,45,174,129,0,45
427,.,.,.,.,.,.,.,.,.,.,.,.,.,.,.,.,.,.,.,.,.,.,.,.,.,.,.,.,.,.,.,.,.,.,.,.,.,.,.,.,.,.,.,.,.,.,.,.,.,.,.,.,.,.,.,.,.,.,.,.,.,.,.,.,.,.,.,.,.,.,.,.,.,.,.,.,.,.,.,.,.,.,.,.,.,.,.,.,.,.,.,.,.,.,.,.,.,.,.,.,.,.,.,.,.,.,.,.,.,.,.,.,.,.,.,.,.,.,.,.,.,.,.,.,.,.,.,.,.,.,.,.,.,.,.,.,.,.,.,.,.,.,.,.,.,.,.,.,.,.,.,.,.,.,.
428,1,Yakima,Yakima County,"66,851","48,797","12,224","5,830","70,861","49,356","11,183","10,322","71,619","49,639","11,309","10,671","72,867","50,006","11,567","11,294","73,920","50,395","11,887","11,638","75,245","50,834","12,191","12,220","76,643","51,239","12,512","12,892","77,665","51,574","12,800","13,291","78,564","51,913","12,947","13,704","79,541","52,272","13,266","14,003","80,832","52,566","13,607","14,659","79,174","53,237","14,184","11,753","80,194","53,458","14,360","12,376","80,815","53,644","14,568","12,603","81,564","53,902","14,731","12,931","82,133","54,175","14,837","13,121","82,752","54,611","14,932","13,209","83,598","55,248","15,063","13,287","84,477","55,918","15,230","13,329","85,305","56,510","15,392","13,403","85,894","56,847","15,600","13,447","85,474","56,637","15,774","13,063","85,940","56,885","15,926","13,129","86,350","57,090","16,035","13,225","86,891","57,272","16,305","13,314","87,425","57,522","16,497","13,406","87,986","57,700","16,788","13,498","88,750","57,972","17,148","13,630","89,297","58,281","17,331","13,685","89,810","58,580","17,477","13,753","90,347","58,865","17,600","13,882","90,504","59,029","17,797","13,678","91,290","59,249","18,313","13,728","92,204","59,742","18,688","13,774","92,931","60,187","18,922","13,822","93,867","60,676","19,305","13,886","94,588","61,004","19,637","13,947","95,408","61,451","19,956","14,001"
429,2,Yakima,Unincorporated Yakima County,"31,111","23,670","3,100","4,341","32,435","23,703","1,318","7,414","31,704","23,261","1,016","7,427","32,226","23,480","1,029","7,717","32,834","23,712","1,079","8,043","33,694","24,061","1,203","8,430","34,287","24,244","1,336","8,707","33,673","23,438","1,303","8,932","33,977","23,420","1,271","9,286","34,285","23,377","1,211","9,697","34,514","23,241","1,171","10,102","32,521","23,529","1,384","7,608","32,541","23,315","1,281","7,945","30,242","21,717",774,"7,751","30,774","21,932",826,"8,016","31,080","22,096",852,"8,132","31,294","22,223",859,"8,212","30,866","21,822",759,"8,285","30,777","21,693",732,"8,352","30,696","21,554",721,"8,421","30,951","21,716",723,"8,512","29,927","20,970",692,"8,265","30,090","21,051",692,"8,347","30,259","21,132",701,"8,426","30,367","21,166",705,"8,496","30,557","21,277",703,"8,577","30,875","21,301",923,"8,651","31,209","21,370","1,116","8,723","31,538","21,510","1,237","8,791","31,770","21,606","1,313","8,851","31,899","21,656","1,328","8,915","31,026","21,218","1,075","8,733","31,069","21,223","1,077","8,769","31,326","21,350","1,154","8,822","31,550","21,439","1,264","8,847","31,752","21,586","1,276","8,890","31,883","21,681","1,283","8,919","32,030","21,781","1,298","8,951"
430,3,Yakima,Incorporated Yakima County,"35,740","25,127","9,124","1,489","38,426","25,653","9,865","2,908","39,915","26,378","10,293","3,244","40,641","26,526","10,538","3,577","41,086","26,683","10,808","3,595","41,551","26,773","10,988","3,790","42,356","26,995","11,176","4,185","43,992","28,136","11,497","4,359","44,587","28,493","11,676","4,418","45,256","28,895","12,055","4,306","46,318","29,325","12,436","4,557","46,653","29,708","12,800","4,145","47,653","30,143","13,079","4,431","50,573","31,927","13,794","4,852","50,790","31,970","13,905","4,915","51,053","32,079","13,985","4,989","51,458","32,388","14,073","4,997","52,732","33,426","14,304","5,002","53,700","34,225","14,498","4,977","54,609","34,956","14,671","4,982","54,943","35,131","14,877","4,935","55,547","35,667","15,082","4,798","55,850","35,834","15,234","4,782","56,091","35,958","15,334","4,799","56,524","36,106","15,600","4,818","56,868","36,245","15,794","4,829","57,111","36,399","15,865","4,847","57,541","36,602","16,032","4,907","57,759","36,771","16,094","4,894","58,040","36,974","16,164","4,902","58,448","37,209","16,272","4,967","59,478","37,811","16,722","4,945","60,221","38,026","17,236","4,959","60,878","38,392","17,534","4,952","61,381","38,748","17,658","4,975","62,115","39,090","18,029","4,996","62,705","39,323","18,354","5,028","63,378","39,670","18,658","5,050"
431,4,Yakima,Grandview,"2,107","1,456",340,311,"2,420","1,594",396,430,"2,492","1,625",396,471,"2,516","1,642",396,478,"2,527","1,649",398,480,"2,564","1,657",423,484,"2,631","1,665",423,543,"2,682","1,690",425,567,"2,699","1,693",428,578,"2,760","1,697",466,597,"2,810","1,715",500,595,"2,581","1,754",502,325,"2,594","1,767",502,325,"2,634","1,777",527,330,"2,653","1,785",527,341,"2,668","1,799",527,342,"2,708","1,839",527,342,"2,743","1,870",531,342,"2,821","1,963",531,327,"2,864","2,005",531,328,"2,875","2,028",531,316,"3,136","2,095",554,487,"3,145","2,104",554,487,"3,166","2,121",558,487,"3,166","2,126",558,482,"3,224","2,143",599,482,"3,237","2,150",599,488,"3,223","2,152",583,488,"3,220","2,156",583,481,"3,225","2,161",583,481,"3,228","2,164",583,481,"3,275","2,200",593,482,"3,292","2,213",597,482,"3,316","2,238",597,481,"3,447","2,370",597,480,"3,606","2,524",597,485,"3,711","2,627",599,485,"3,936","2,788",663,485
432,4,Yakima,Granger,621,450,94,77,595,430,60,105,629,430,60,139,640,431,60,149,634,431,60,143,637,432,60,145,649,438,60,151,644,440,64,140,658,442,64,152,661,442,64,155,662,443,64,155,609,417,63,129,618,420,63,135,645,428,93,124,670,432,93,145,687,434,93,160,701,444,93,164,704,451,93,160,720,465,93,162,745,482,93,170,744,480,93,171,813,506,95,212,818,509,95,214,821,509,96,216,831,517,97,217,888,548,119,221,918,565,129,224,990,572,192,226,998,574,194,230,"1,007",580,197,230,"1,014",586,197,231,946,553,185,208,967,567,190,210,987,585,192,210,"1,001",593,198,210,"1,014",595,206,213,"1,023",599,210,214,"1,040",603,224,213
433,4,Yakima,Harrah,119,100,13,6,128,99,4,25,132,101,4,27,131,98,6,27,138,101,6,31,138,100,6,32,139,100,6,33,139,100,6,33,151,107,5,39,153,112,3,38,164,123,0,41,176,114,9,53,183,113,9,61,183,114,9,60,183,114,9,60,186,114,11,61,185,113,11,61,186,114,11,61,186,114,11,61,184,114,11,59,181,113,11,57,180,110,14,56,180,110,14,56,183,113,14,56,184,112,16,56,184,112,16,56,186,114,16,56,186,114,16,56,190,114,20,56,193,116,20,57,194,116,21,57,188,110,21,57,187,109,21,57,187,109,21,57,187,109,21,57,191,110,24,57,193,111,24,58,194,112,24,58
434,4,Yakima,Mabton,384,307,49,28,396,323,30,43,391,323,30,38,391,323,30,38,392,323,30,39,425,330,30,65,428,330,30,68,427,330,30,67,434,331,30,73,438,332,30,76,446,334,30,82,463,330,47,86,466,330,47,89,467,330,47,90,506,330,83,93,509,330,83,96,509,330,83,96,512,331,83,98,515,334,83,98,518,337,83,98,517,336,83,98,548,366,83,99,548,366,83,99,552,370,83,99,552,370,83,99,552,370,83,99,552,370,83,99,552,370,83,99,552,368,85,99,552,368,85,99,554,370,85,99,558,374,85,99,563,377,85,101,563,377,85,101,560,374,87,99,560,374,87,99,571,383,89,99,573,385,89,99
435,4,Yakima,Moxee,250,229,21,0,308,242,48,18,312,246,48,18,317,247,46,24,327,254,46,27,341,263,46,32,359,276,46,37,366,280,46,40,371,281,48,42,376,285,49,42,389,295,49,45,307,236,60,11,312,237,60,15,318,238,62,18,324,239,62,23,343,251,66,26,509,417,66,26,674,571,70,33,750,647,70,33,873,766,75,32,916,805,77,34,"1,032",892,87,53,"1,066",924,88,54,"1,091",948,90,53,"1,139",984,96,59,"1,158","1,003",96,59,"1,190","1,024",104,62,"1,237","1,069",106,62,"1,248","1,080",106,62,"1,252","1,081",108,63,"1,293","1,106",124,63,"1,360","1,164",133,63,"1,392","1,184",145,63,"1,507","1,300",145,62,"1,559","1,350",147,62,"1,561","1,350",149,62,"1,566","1,351",153,62,"1,567","1,352",153,62
436,4,Yakima,Naches,271,223,4,44,280,231,9,40,284,232,9,43,290,225,12,53,290,225,12,53,288,225,12,51,288,225,12,51,292,227,14,51,299,226,14,59,300,225,14,61,300,226,14,60,279,223,13,43,303,226,19,58,301,226,21,54,308,226,25,57,310,227,25,58,316,232,25,59,314,232,25,57,325,238,25,62,349,263,34,52,353,267,34,52,346,256,34,56,349,256,37,56,350,257,37,56,351,257,37,57,355,258,40,57,364,261,44,59,372,261,50,61,377,262,54,61,377,268,56,53,388,269,66,53,393,268,72,53,405,270,82,53,413,272,88,53,414,273,88,53,417,273,92,52,418,274,92,52,420,276,92,52
437,4,Yakima,Selah,"1,667","1,206",421,40,"1,930","1,359",504,67,"1,930","1,359",504,67,"1,937","1,357",511,69,"1,935","1,354",513,68,"1,969","1,359",542,68,"2,100","1,380",661,59,"2,133","1,414",683,36,"2,185","1,453",695,37,"2,233","1,481",715,37,"2,300","1,515",748,37,"2,408","1,754",619,35,"2,449","1,783",629,37,"2,469","1,803",629,37,"2,518","1,812",643,63,"2,566","1,849",654,63,"2,606","1,885",658,63,"2,642","1,913",666,63,"2,678","1,942",673,63,"2,735","1,987",685,63,"2,787","2,016",708,63,"2,759","2,007",705,47,"2,781","2,022",712,47,"2,812","2,038",726,48,"2,840","2,047",744,49,"2,852","2,056",756,40,"2,912","2,098",783,31,"2,925","2,105",789,31,"2,965","2,140",794,31,"3,053","2,194",828,31,"3,105","2,246",828,31,"3,072","2,249",816,7,"3,108","2,285",816,7,"3,194","2,344",843,7,"3,247","2,359",881,7,"3,387","2,374","1,006",7,"3,392","2,375","1,010",7,"3,393","2,376","1,010",7
438,4,Yakima,Sunnyside,"3,302","2,340",815,147,"3,576","2,332",850,394,"3,598","2,335",852,411,"3,651","2,337",882,432,"3,654","2,334",882,438,"3,744","2,359",888,497,"3,759","2,376",888,495,"3,758","2,375",888,495,"3,821","2,384",897,540,"3,877","2,406",925,546,"3,922","2,406",925,591,"4,070","2,452","1,038",580,"4,110","2,453","1,036",621,"4,168","2,456","1,054",658,"4,201","2,463","1,062",676,"4,247","2,465","1,072",710,"4,293","2,479","1,094",720,"4,377","2,549","1,118",710,"4,450","2,619","1,163",668,"4,471","2,639","1,167",665,"4,519","2,663","1,191",665,"4,556","2,714","1,211",631,"4,590","2,744","1,213",633,"4,620","2,762","1,213",645,"4,640","2,765","1,229",646,"4,646","2,769","1,229",648,"4,676","2,786","1,235",655,"4,755","2,807","1,281",667,"4,781","2,824","1,283",674,"4,841","2,875","1,287",679,"4,891","2,921","1,289",681,"4,845","2,893","1,266",686,"4,864","2,900","1,278",686,"4,901","2,933","1,282",686,"4,926","2,940","1,285",701,"4,944","2,947","1,291",706,"5,006","2,972","1,310",724,"5,043","2,977","1,320",746
439,4,Yakima,Tieton,234,199,17,18,282,195,39,48,282,195,39,48,285,201,39,45,289,188,59,42,295,186,60,49,304,193,60,51,315,196,65,54,350,218,64,68,358,220,64,74,368,215,65,88,363,231,66,66,363,231,66,66,372,232,66,74,375,232,66,77,375,232,66,77,375,232,66,77,378,232,66,80,380,232,66,82,369,232,52,85,370,233,52,85,385,218,48,119,384,217,48,119,385,218,48,119,399,233,48,118,410,238,54,118,412,240,54,118,424,252,54,118,427,255,54,118,429,257,54,118,428,256,54,118,452,274,59,119,468,289,59,120,522,291,112,119,526,295,112,119,548,317,112,119,569,338,112,119,597,365,112,120
440,4,Yakima,Toppenish,"2,235","1,818",367,50,"2,254","1,606",420,228,"2,269","1,606",434,229,"2,270","1,605",434,231,"2,296","1,608",446,242,"2,325","1,609",476,240,"2,346","1,612",476,258,"2,356","1,622",480,254,"2,380","1,637",487,256,"2,391","1,642",487,262,"2,401","1,650",487,264,"2,440","1,737",542,161,"2,450","1,742",547,161,"2,486","1,748",573,165,"2,476","1,747",573,156,"2,495","1,752",586,157,"2,496","1,752",591,153,"2,497","1,755",589,153,"2,529","1,761",615,153,"2,528","1,760",614,154,"2,510","1,761",595,154,"2,334","1,650",556,128,"2,332","1,647",556,129,"2,334","1,647",558,129,"2,334","1,647",558,129,"2,336","1,649",558,129,"2,339","1,651",558,130,"2,362","1,652",580,130,"2,375","1,654",592,129,"2,376","1,655",592,129,"2,379","1,656",594,129,"2,453","1,712",612,129,"2,463","1,713",622,128,"2,461","1,711",622,128,"2,475","1,711",636,128,"2,481","1,715",638,128,"2,482","1,716",638,128,"2,487","1,715",644,128
441,4,Yakima,Union Gap,"1,335",843,119,373,"1,347",774,98,475,"1,339",773,98,468,"1,341",771,98,472,"1,353",767,104,482,"1,379",770,104,505,"1,412",768,104,540,"2,187","1,396",156,635,"2,195","1,393",161,641,"2,214","1,392",175,647,"2,222","1,387",175,660,"2,210","1,492",119,599,"2,225","1,491",127,607,"2,255","1,492",141,622,"2,254","1,488",141,625,"2,262","1,489",141,632,"2,266","1,489",141,636,"2,263","1,486",141,636,"2,265","1,486",141,638,"2,282","1,479",149,654,"2,314","1,475",177,662,"2,173","1,282",155,736,"2,172","1,287",159,726,"2,186","1,287",169,730,"2,193","1,286",173,734,"2,202","1,292",173,737,"2,206","1,293",173,740,"2,226","1,307",175,744,"2,231","1,307",178,746,"2,238","1,305",183,750,"2,247","1,305",187,755,"2,275","1,304",203,768,"2,293","1,305",203,785,"2,318","1,306",214,798,"2,326","1,308",214,804,"2,325","1,308",214,803,"2,327","1,311",216,800,"2,335","1,312",222,801
442,4,Yakima,Wapato,"1,193",915,278,0,"1,204",882,245,77,"1,186",867,245,74,"1,186",867,245,74,"1,187",867,243,77,"1,194",868,247,79,"1,200",868,247,85,"1,226",869,255,102,"1,230",870,255,105,"1,245",873,255,117,"1,279",874,279,126,"1,267",960,238,69,"1,257",959,238,60,"1,258",957,238,63,"1,259",958,238,63,"1,259",958,238,63,"1,259",958,238,63,"1,258",956,238,64,"1,258",956,238,64,"1,263",958,240,65,"1,264",958,240,66,"1,293",929,280,84,"1,297",932,280,85,"1,297",933,280,84,"1,297",933,280,84,"1,297",933,280,84,"1,300",936,280,84,"1,300",936,280,84,"1,301",937,280,84,"1,301",937,280,84,"1,307",938,286,83,"1,322",949,290,83,"1,322",949,290,83,"1,326",951,291,84,"1,327",951,292,84,"1,329",953,292,84,"1,327",951,294,82,"1,325",949,294,82
443,4,Yakima,Yakima,"21,372","14,559","6,467",346,"22,977","15,084","7,036",857,"24,335","15,777","7,448","1,110","24,937","15,907","7,651","1,379","25,276","16,042","7,871","1,363","25,410","16,057","7,924","1,429","25,872","16,192","7,982","1,698","26,580","16,621","8,199","1,760","26,911","16,881","8,334","1,696","27,333","17,211","8,604","1,518","28,130","17,563","8,896","1,671","28,643","17,429","9,287","1,927","29,378","17,774","9,521","2,083","32,077","19,510","10,119","2,448","32,108","19,520","10,168","2,420","32,181","19,545","10,208","2,428","32,246","19,563","10,262","2,421","33,179","20,296","10,455","2,428","33,810","20,790","10,571","2,449","34,397","21,238","10,719","2,440","34,538","21,276","10,867","2,395","34,887","21,880","11,033","1,974","35,070","21,943","11,168","1,959","35,165","21,979","11,228","1,958","35,438","22,024","11,447","1,967","35,601","22,062","11,557","1,982","35,652","22,096","11,573","1,983","35,814","22,184","11,609","2,021","35,918","22,278","11,637","2,003","36,015","22,351","11,655","2,009","36,233","22,444","11,722","2,067","37,192","22,958","12,162","2,072","37,743","23,060","12,617","2,066","38,028","23,169","12,811","2,048","38,218","23,308","12,857","2,053","38,584","23,443","13,078","2,063","38,947","23,505","13,362","2,080","39,289","23,650","13,562","2,077"
444,4,Yakima,Zillah,650,482,119,49,729,502,126,101,736,509,126,101,749,515,128,106,788,540,138,110,842,558,170,114,869,572,181,116,887,576,186,125,903,577,194,132,917,577,204,136,925,579,204,142,837,579,197,61,945,617,215,113,940,616,215,109,955,624,215,116,965,634,215,116,989,655,218,116,"1,005",670,218,117,"1,013",678,218,117,"1,031",696,218,117,"1,055",720,218,117,"1,105",762,227,116,"1,118",773,227,118,"1,129",776,234,119,"1,160",805,234,121,"1,163",812,234,117,"1,167",815,234,118,"1,175",821,234,120,"1,176",822,234,120,"1,181",826,236,119,"1,187",832,236,119,"1,147",803,225,119,"1,154",805,231,118,"1,155",806,231,118,"1,168",807,243,118,"1,168",807,243,118,"1,173",810,245,118,"1,179",810,249,120
445,.,.,.,.,.,.,.,.,.,.,.,.,.,.,.,.,.,.,.,.,.,.,.,.,.,.,.,.,.,.,.,.,.,.,.,.,.,.,.,.,.,.,.,.,.,.,.,.,.,.,.,.,.,.,.,.,.,.,.,.,.,.,.,.,.,.,.,.,.,.,.,.,.,.,.,.,.,.,.,.,.,.,.,.,.,.,.,.,.,.,.,.,.,.,.,.,.,.,.,.,.,.,.,.,.,.,.,.,.,.,.,.,.,.,.,.,.,.,.,.,.,.,.,.,.,.,.,.,.,.,.,.,.,.,.,.,.,.,.,.,.,.,.,.,.,.,.,.,.,.,.,.,.,.,.
446,100,State,State Total,"1,689,478","1,172,786","405,072","111,620","2,032,306","1,320,726","504,383","207,197","2,094,364","1,351,195","526,488","216,681","2,137,340","1,372,483","538,309","226,548","2,183,157","1,397,495","549,187","236,475","2,232,681","1,425,264","560,224","247,193","2,283,423","1,453,367","571,964","258,092","2,326,713","1,474,471","584,923","267,319","2,372,128","1,498,887","596,808","276,433","2,421,026","1,524,435","611,982","284,609","2,469,772","1,549,846","626,550","293,376","2,451,081","1,603,675","626,922","220,484","2,489,178","1,623,180","638,597","227,401","2,532,547","1,647,246","653,004","232,297","2,573,955","1,673,665","663,793","236,497","2,618,352","1,703,479","674,718","240,155","2,665,844","1,734,997","686,693","244,154","2,716,779","1,770,763","698,933","247,083","2,764,620","1,802,970","712,341","249,309","2,805,852","1,829,577","725,294","250,981","2,837,604","1,846,860","738,262","252,482","2,885,677","1,876,367","759,496","249,814","2,904,623","1,888,700","765,404","250,519","2,923,287","1,899,885","772,022","251,380","2,946,937","1,912,537","782,431","251,969","2,977,588","1,928,696","796,118","252,774","3,010,020","1,943,115","813,351","253,554","3,044,225","1,959,220","830,615","254,390","3,083,607","1,977,054","851,154","255,399","3,126,233","1,996,289","873,520","256,424","3,171,219","2,015,393","897,790","258,036","3,202,239","2,025,235","921,843","255,161","3,248,398","2,043,557","948,185","256,656","3,295,176","2,061,928","975,095","258,153","3,341,430","2,077,651","1,004,692","259,087","3,393,678","2,093,562","1,039,702","260,414","3,442,009","2,107,951","1,072,498","261,560","3,483,020","2,122,524","1,097,895","262,601"
447,200,State,Unincorporated State Total,"776,364","590,306","100,763","85,295","928,848","665,401","107,554","155,893","958,437","680,717","113,912","163,808","983,282","694,523","116,878","171,881","988,579","697,722","111,691","179,166","1,013,563","711,660","114,132","187,771","1,035,268","724,574","114,489","196,205","985,608","689,642","94,719","201,247","983,985","684,484","91,146","208,355","993,368","687,473","91,155","214,740","1,011,610","696,599","93,026","221,985","949,162","700,276","89,650","159,236","963,655","708,608","90,794","164,253","977,035","717,009","91,821","168,205","961,213","709,181","82,718","169,314","982,549","724,787","84,869","172,893","1,004,267","741,372","86,709","176,186","1,022,539","756,700","87,084","178,755","1,038,603","769,876","88,117","180,610","1,042,087","773,352","86,780","181,955","1,050,826","779,893","87,830","183,103","1,046,633","775,914","87,266","183,453","1,038,413","770,280","84,601","183,532","1,030,957","765,588","81,171","184,198","1,034,516","767,864","81,996","184,656","1,042,010","774,064","82,503","185,443","1,050,422","780,503","83,936","185,983","1,054,838","784,239","83,977","186,622","1,066,663","793,049","86,025","187,589","1,077,083","801,624","86,961","188,498","1,089,776","810,902","89,266","189,608","1,085,567","808,278","90,055","187,234","1,097,535","816,464","92,705","188,366","1,107,400","822,702","95,227","189,471","1,116,239","829,229","97,034","189,976","1,128,031","836,666","100,378","190,987","1,138,671","843,454","103,352","191,865","1,148,590","849,721","106,050","192,819"
448,300,State,Incorporated State Total,"913,114","582,480","304,309","26,325","1,103,458","655,325","396,829","51,304","1,135,927","670,478","412,576","52,873","1,154,058","677,960","421,431","54,667","1,194,578","699,773","437,496","57,309","1,219,118","713,604","446,092","59,422","1,248,155","728,793","457,475","61,887","1,341,105","784,829","490,204","66,072","1,388,143","814,403","505,662","68,078","1,427,658","836,962","520,827","69,869","1,458,162","853,247","533,524","71,391","1,501,919","903,399","537,272","61,248","1,525,523","914,572","547,803","63,148","1,555,512","930,237","561,183","64,092","1,612,742","964,484","581,075","67,183","1,635,803","978,692","589,849","67,262","1,661,577","993,625","599,984","67,968","1,694,240","1,014,063","611,849","68,328","1,726,017","1,033,094","624,224","68,699","1,763,765","1,056,225","638,514","69,026","1,786,778","1,066,967","650,432","69,379","1,839,044","1,100,453","672,230","66,361","1,866,210","1,118,420","680,803","66,987","1,892,330","1,134,297","690,851","67,182","1,912,421","1,144,673","700,435","67,313","1,935,578","1,154,632","713,615","67,331","1,959,598","1,162,612","729,415","67,571","1,989,387","1,174,981","746,638","67,768","2,016,944","1,184,005","765,129","67,810","2,049,150","1,194,665","786,559","67,926","2,081,443","1,204,491","808,524","68,428","2,116,672","1,216,957","831,788","67,927","2,150,863","1,227,093","855,480","68,290","2,187,776","1,239,226","879,868","68,682","2,225,191","1,248,422","907,658","69,111","2,265,647","1,256,896","939,324","69,427","2,303,338","1,264,497","969,146","69,695","2,334,430","1,272,803","991,845","69,782"
